/home/dhruv/winshare/Neighbour_Signer_Model/mosquitto/plugins/payload-modification/aggregator.py:94: DeprecationWarning: datetime.datetime.utcnow() is deprecated and scheduled for removal in a future version. Use timezone-aware objects to represent datetimes in UTC: datetime.datetime.now(datetime.UTC).
  timestamp = datetime.utcnow().strftime("%Y-%m-%d %H:%M:%S UTC")
[2025-08-12 19:33:33] [INFO] Starting trust map aggregation process...
[2025-08-12 19:33:33] [DEBUG] Reading base topology from: /home/dhruv/winshare/Neighbour_Signer_Model/mosquitto/plugins/payload-modification/network_map.txt
[2025-08-12 19:33:33] [INFO] Loaded base topology with 6 source brokers.
[2025-08-12 19:33:33] [INFO] Processing trust store for B0...
[2025-08-12 19:33:33] [INFO] Processing trust store for B1...
[2025-08-12 19:33:33] [DEBUG]   - Updated link B0->B1 with trust 0.500 (r=0, s=0)
[2025-08-12 19:33:33] [INFO] Processing trust store for B2...
[2025-08-12 19:33:33] [DEBUG]   - Updated link B0->B2 with trust 0.500 (r=0, s=0)
[2025-08-12 19:33:33] [INFO] Processing trust store for B3...
[2025-08-12 19:33:33] [DEBUG]   - Updated link B1->B3 with trust 0.500 (r=0, s=0)
[2025-08-12 19:33:33] [INFO] Processing trust store for B4...
[2025-08-12 19:33:33] [DEBUG]   - Updated link B1->B4 with trust 0.750 (r=2, s=0)
[2025-08-12 19:33:33] [DEBUG]   - Updated link B2->B4 with trust 0.750 (r=2, s=0)
[2025-08-12 19:33:33] [INFO] Processing trust store for B5...
[2025-08-12 19:33:33] [DEBUG]   - Updated link B2->B5 with trust 0.500 (r=0, s=0)
[2025-08-12 19:33:33] [INFO] Processing trust store for B6...
[2025-08-12 19:33:33] [DEBUG]   - Updated link B4->B6 with trust 0.500 (r=0, s=0)
[2025-08-12 19:33:33] [DEBUG]   - Updated link B5->B6 with trust 0.500 (r=0, s=0)
[2025-08-12 19:33:33] [INFO] Processing trust store for B7...
[2025-08-12 19:33:33] [DEBUG]   - Updated link B6->B7 with trust 0.500 (r=0, s=0)
[2025-08-12 19:33:33] [INFO] Writing new authoritative network map to /home/dhruv/winshare/Neighbour_Signer_Model/mosquitto/plugins/payload-modification/network_map.txt...
[2025-08-12 19:33:33] [SUCCESS] Aggregation complete. Network map has been updated.
/home/dhruv/winshare/Neighbour_Signer_Model/mosquitto/plugins/payload-modification/aggregator.py:94: DeprecationWarning: datetime.datetime.utcnow() is deprecated and scheduled for removal in a future version. Use timezone-aware objects to represent datetimes in UTC: datetime.datetime.now(datetime.UTC).
  timestamp = datetime.utcnow().strftime("%Y-%m-%d %H:%M:%S UTC")
[2025-08-12 19:33:48] [INFO] Starting trust map aggregation process...
[2025-08-12 19:33:48] [DEBUG] Reading base topology from: /home/dhruv/winshare/Neighbour_Signer_Model/mosquitto/plugins/payload-modification/network_map.txt
[2025-08-12 19:33:48] [INFO] Loaded base topology with 6 source brokers.
[2025-08-12 19:33:48] [INFO] Processing trust store for B0...
[2025-08-12 19:33:48] [INFO] Processing trust store for B1...
[2025-08-12 19:33:48] [DEBUG]   - Updated link B0->B1 with trust 0.500 (r=0, s=0)
[2025-08-12 19:33:48] [INFO] Processing trust store for B2...
[2025-08-12 19:33:48] [DEBUG]   - Updated link B0->B2 with trust 0.500 (r=0, s=0)
[2025-08-12 19:33:48] [INFO] Processing trust store for B3...
[2025-08-12 19:33:48] [DEBUG]   - Updated link B1->B3 with trust 0.500 (r=0, s=0)
[2025-08-12 19:33:48] [INFO] Processing trust store for B4...
[2025-08-12 19:33:48] [DEBUG]   - Updated link B1->B4 with trust 0.800 (r=3, s=0)
[2025-08-12 19:33:48] [DEBUG]   - Updated link B2->B4 with trust 0.800 (r=3, s=0)
[2025-08-12 19:33:48] [INFO] Processing trust store for B5...
[2025-08-12 19:33:48] [DEBUG]   - Updated link B2->B5 with trust 0.500 (r=0, s=0)
[2025-08-12 19:33:48] [INFO] Processing trust store for B6...
[2025-08-12 19:33:48] [DEBUG]   - Updated link B4->B6 with trust 0.500 (r=0, s=0)
[2025-08-12 19:33:48] [DEBUG]   - Updated link B5->B6 with trust 0.500 (r=0, s=0)
[2025-08-12 19:33:48] [INFO] Processing trust store for B7...
[2025-08-12 19:33:48] [DEBUG]   - Updated link B6->B7 with trust 0.500 (r=0, s=0)
[2025-08-12 19:33:48] [INFO] Writing new authoritative network map to /home/dhruv/winshare/Neighbour_Signer_Model/mosquitto/plugins/payload-modification/network_map.txt...
[2025-08-12 19:33:48] [SUCCESS] Aggregation complete. Network map has been updated.
/home/dhruv/winshare/Neighbour_Signer_Model/mosquitto/plugins/payload-modification/aggregator.py:94: DeprecationWarning: datetime.datetime.utcnow() is deprecated and scheduled for removal in a future version. Use timezone-aware objects to represent datetimes in UTC: datetime.datetime.now(datetime.UTC).
  timestamp = datetime.utcnow().strftime("%Y-%m-%d %H:%M:%S UTC")
[2025-08-12 19:34:03] [INFO] Starting trust map aggregation process...
[2025-08-12 19:34:03] [DEBUG] Reading base topology from: /home/dhruv/winshare/Neighbour_Signer_Model/mosquitto/plugins/payload-modification/network_map.txt
[2025-08-12 19:34:03] [INFO] Loaded base topology with 6 source brokers.
[2025-08-12 19:34:03] [INFO] Processing trust store for B0...
[2025-08-12 19:34:03] [INFO] Processing trust store for B1...
[2025-08-12 19:34:03] [DEBUG]   - Updated link B0->B1 with trust 0.500 (r=0, s=0)
[2025-08-12 19:34:03] [INFO] Processing trust store for B2...
[2025-08-12 19:34:03] [DEBUG]   - Updated link B0->B2 with trust 0.500 (r=0, s=0)
[2025-08-12 19:34:03] [INFO] Processing trust store for B3...
[2025-08-12 19:34:03] [DEBUG]   - Updated link B1->B3 with trust 0.500 (r=0, s=0)
[2025-08-12 19:34:03] [INFO] Processing trust store for B4...
[2025-08-12 19:34:03] [DEBUG]   - Updated link B1->B4 with trust 0.857 (r=5, s=0)
[2025-08-12 19:34:03] [DEBUG]   - Updated link B2->B4 with trust 0.857 (r=5, s=0)
[2025-08-12 19:34:03] [INFO] Processing trust store for B5...
[2025-08-12 19:34:03] [DEBUG]   - Updated link B2->B5 with trust 0.500 (r=0, s=0)
[2025-08-12 19:34:03] [INFO] Processing trust store for B6...
[2025-08-12 19:34:03] [DEBUG]   - Updated link B4->B6 with trust 0.500 (r=0, s=0)
[2025-08-12 19:34:03] [DEBUG]   - Updated link B5->B6 with trust 0.500 (r=0, s=0)
[2025-08-12 19:34:03] [INFO] Processing trust store for B7...
[2025-08-12 19:34:03] [DEBUG]   - Updated link B6->B7 with trust 0.500 (r=0, s=0)
[2025-08-12 19:34:03] [INFO] Writing new authoritative network map to /home/dhruv/winshare/Neighbour_Signer_Model/mosquitto/plugins/payload-modification/network_map.txt...
[2025-08-12 19:34:03] [SUCCESS] Aggregation complete. Network map has been updated.
/home/dhruv/winshare/Neighbour_Signer_Model/mosquitto/plugins/payload-modification/aggregator.py:94: DeprecationWarning: datetime.datetime.utcnow() is deprecated and scheduled for removal in a future version. Use timezone-aware objects to represent datetimes in UTC: datetime.datetime.now(datetime.UTC).
  timestamp = datetime.utcnow().strftime("%Y-%m-%d %H:%M:%S UTC")
[2025-08-12 19:34:18] [INFO] Starting trust map aggregation process...
[2025-08-12 19:34:18] [DEBUG] Reading base topology from: /home/dhruv/winshare/Neighbour_Signer_Model/mosquitto/plugins/payload-modification/network_map.txt
[2025-08-12 19:34:18] [INFO] Loaded base topology with 6 source brokers.
[2025-08-12 19:34:18] [INFO] Processing trust store for B0...
[2025-08-12 19:34:18] [INFO] Processing trust store for B1...
[2025-08-12 19:34:18] [DEBUG]   - Updated link B0->B1 with trust 0.500 (r=0, s=0)
[2025-08-12 19:34:18] [INFO] Processing trust store for B2...
[2025-08-12 19:34:18] [DEBUG]   - Updated link B0->B2 with trust 0.500 (r=0, s=0)
[2025-08-12 19:34:18] [INFO] Processing trust store for B3...
[2025-08-12 19:34:18] [DEBUG]   - Updated link B1->B3 with trust 0.500 (r=0, s=0)
[2025-08-12 19:34:18] [INFO] Processing trust store for B4...
[2025-08-12 19:34:18] [DEBUG]   - Updated link B1->B4 with trust 0.875 (r=6, s=0)
[2025-08-12 19:34:18] [DEBUG]   - Updated link B2->B4 with trust 0.875 (r=6, s=0)
[2025-08-12 19:34:18] [INFO] Processing trust store for B5...
[2025-08-12 19:34:18] [DEBUG]   - Updated link B2->B5 with trust 0.500 (r=0, s=0)
[2025-08-12 19:34:18] [INFO] Processing trust store for B6...
[2025-08-12 19:34:18] [DEBUG]   - Updated link B4->B6 with trust 0.500 (r=0, s=0)
[2025-08-12 19:34:18] [DEBUG]   - Updated link B5->B6 with trust 0.500 (r=0, s=0)
[2025-08-12 19:34:18] [INFO] Processing trust store for B7...
[2025-08-12 19:34:18] [DEBUG]   - Updated link B6->B7 with trust 0.500 (r=0, s=0)
[2025-08-12 19:34:18] [INFO] Writing new authoritative network map to /home/dhruv/winshare/Neighbour_Signer_Model/mosquitto/plugins/payload-modification/network_map.txt...
[2025-08-12 19:34:18] [SUCCESS] Aggregation complete. Network map has been updated.
/home/dhruv/winshare/Neighbour_Signer_Model/mosquitto/plugins/payload-modification/aggregator.py:94: DeprecationWarning: datetime.datetime.utcnow() is deprecated and scheduled for removal in a future version. Use timezone-aware objects to represent datetimes in UTC: datetime.datetime.now(datetime.UTC).
  timestamp = datetime.utcnow().strftime("%Y-%m-%d %H:%M:%S UTC")
[2025-08-12 19:34:33] [INFO] Starting trust map aggregation process...
[2025-08-12 19:34:33] [DEBUG] Reading base topology from: /home/dhruv/winshare/Neighbour_Signer_Model/mosquitto/plugins/payload-modification/network_map.txt
[2025-08-12 19:34:33] [INFO] Loaded base topology with 6 source brokers.
[2025-08-12 19:34:33] [INFO] Processing trust store for B0...
[2025-08-12 19:34:33] [INFO] Processing trust store for B1...
[2025-08-12 19:34:33] [DEBUG]   - Updated link B0->B1 with trust 0.500 (r=0, s=0)
[2025-08-12 19:34:33] [INFO] Processing trust store for B2...
[2025-08-12 19:34:33] [DEBUG]   - Updated link B0->B2 with trust 0.500 (r=0, s=0)
[2025-08-12 19:34:33] [INFO] Processing trust store for B3...
[2025-08-12 19:34:33] [DEBUG]   - Updated link B1->B3 with trust 0.500 (r=0, s=0)
[2025-08-12 19:34:33] [INFO] Processing trust store for B4...
[2025-08-12 19:34:33] [DEBUG]   - Updated link B1->B4 with trust 0.889 (r=7, s=0)
[2025-08-12 19:34:33] [DEBUG]   - Updated link B2->B4 with trust 0.889 (r=7, s=0)
[2025-08-12 19:34:33] [INFO] Processing trust store for B5...
[2025-08-12 19:34:33] [DEBUG]   - Updated link B2->B5 with trust 0.500 (r=0, s=0)
[2025-08-12 19:34:33] [INFO] Processing trust store for B6...
[2025-08-12 19:34:33] [DEBUG]   - Updated link B4->B6 with trust 0.500 (r=0, s=0)
[2025-08-12 19:34:33] [DEBUG]   - Updated link B5->B6 with trust 0.500 (r=0, s=0)
[2025-08-12 19:34:33] [INFO] Processing trust store for B7...
[2025-08-12 19:34:33] [DEBUG]   - Updated link B6->B7 with trust 0.500 (r=0, s=0)
[2025-08-12 19:34:33] [INFO] Writing new authoritative network map to /home/dhruv/winshare/Neighbour_Signer_Model/mosquitto/plugins/payload-modification/network_map.txt...
[2025-08-12 19:34:33] [SUCCESS] Aggregation complete. Network map has been updated.
/home/dhruv/winshare/Neighbour_Signer_Model/mosquitto/plugins/payload-modification/aggregator.py:94: DeprecationWarning: datetime.datetime.utcnow() is deprecated and scheduled for removal in a future version. Use timezone-aware objects to represent datetimes in UTC: datetime.datetime.now(datetime.UTC).
  timestamp = datetime.utcnow().strftime("%Y-%m-%d %H:%M:%S UTC")
[2025-08-12 19:34:48] [INFO] Starting trust map aggregation process...
[2025-08-12 19:34:48] [DEBUG] Reading base topology from: /home/dhruv/winshare/Neighbour_Signer_Model/mosquitto/plugins/payload-modification/network_map.txt
[2025-08-12 19:34:48] [INFO] Loaded base topology with 6 source brokers.
[2025-08-12 19:34:48] [INFO] Processing trust store for B0...
[2025-08-12 19:34:48] [INFO] Processing trust store for B1...
[2025-08-12 19:34:48] [DEBUG]   - Updated link B0->B1 with trust 0.500 (r=0, s=0)
[2025-08-12 19:34:48] [INFO] Processing trust store for B2...
[2025-08-12 19:34:48] [DEBUG]   - Updated link B0->B2 with trust 0.500 (r=0, s=0)
[2025-08-12 19:34:48] [INFO] Processing trust store for B3...
[2025-08-12 19:34:48] [DEBUG]   - Updated link B1->B3 with trust 0.500 (r=0, s=0)
[2025-08-12 19:34:48] [INFO] Processing trust store for B4...
[2025-08-12 19:34:48] [DEBUG]   - Updated link B1->B4 with trust 0.909 (r=9, s=0)
[2025-08-12 19:34:48] [DEBUG]   - Updated link B2->B4 with trust 0.909 (r=9, s=0)
[2025-08-12 19:34:48] [INFO] Processing trust store for B5...
[2025-08-12 19:34:48] [DEBUG]   - Updated link B2->B5 with trust 0.500 (r=0, s=0)
[2025-08-12 19:34:48] [INFO] Processing trust store for B6...
[2025-08-12 19:34:48] [DEBUG]   - Updated link B4->B6 with trust 0.500 (r=0, s=0)
[2025-08-12 19:34:48] [DEBUG]   - Updated link B5->B6 with trust 0.500 (r=0, s=0)
[2025-08-12 19:34:48] [INFO] Processing trust store for B7...
[2025-08-12 19:34:48] [DEBUG]   - Updated link B6->B7 with trust 0.500 (r=0, s=0)
[2025-08-12 19:34:48] [INFO] Writing new authoritative network map to /home/dhruv/winshare/Neighbour_Signer_Model/mosquitto/plugins/payload-modification/network_map.txt...
[2025-08-12 19:34:48] [SUCCESS] Aggregation complete. Network map has been updated.
/home/dhruv/winshare/Neighbour_Signer_Model/mosquitto/plugins/payload-modification/aggregator.py:94: DeprecationWarning: datetime.datetime.utcnow() is deprecated and scheduled for removal in a future version. Use timezone-aware objects to represent datetimes in UTC: datetime.datetime.now(datetime.UTC).
  timestamp = datetime.utcnow().strftime("%Y-%m-%d %H:%M:%S UTC")
[2025-08-12 19:35:03] [INFO] Starting trust map aggregation process...
[2025-08-12 19:35:03] [DEBUG] Reading base topology from: /home/dhruv/winshare/Neighbour_Signer_Model/mosquitto/plugins/payload-modification/network_map.txt
[2025-08-12 19:35:03] [INFO] Loaded base topology with 6 source brokers.
[2025-08-12 19:35:03] [INFO] Processing trust store for B0...
[2025-08-12 19:35:03] [INFO] Processing trust store for B1...
[2025-08-12 19:35:03] [DEBUG]   - Updated link B0->B1 with trust 0.500 (r=0, s=0)
[2025-08-12 19:35:03] [INFO] Processing trust store for B2...
[2025-08-12 19:35:03] [DEBUG]   - Updated link B0->B2 with trust 0.500 (r=0, s=0)
[2025-08-12 19:35:03] [INFO] Processing trust store for B3...
[2025-08-12 19:35:03] [DEBUG]   - Updated link B1->B3 with trust 0.500 (r=0, s=0)
[2025-08-12 19:35:03] [INFO] Processing trust store for B4...
[2025-08-12 19:35:03] [DEBUG]   - Updated link B1->B4 with trust 0.917 (r=10, s=0)
[2025-08-12 19:35:03] [DEBUG]   - Updated link B2->B4 with trust 0.917 (r=10, s=0)
[2025-08-12 19:35:03] [INFO] Processing trust store for B5...
[2025-08-12 19:35:03] [DEBUG]   - Updated link B2->B5 with trust 0.500 (r=0, s=0)
[2025-08-12 19:35:03] [INFO] Processing trust store for B6...
[2025-08-12 19:35:03] [DEBUG]   - Updated link B4->B6 with trust 0.500 (r=0, s=0)
[2025-08-12 19:35:03] [DEBUG]   - Updated link B5->B6 with trust 0.500 (r=0, s=0)
[2025-08-12 19:35:03] [INFO] Processing trust store for B7...
[2025-08-12 19:35:03] [DEBUG]   - Updated link B6->B7 with trust 0.500 (r=0, s=0)
[2025-08-12 19:35:03] [INFO] Writing new authoritative network map to /home/dhruv/winshare/Neighbour_Signer_Model/mosquitto/plugins/payload-modification/network_map.txt...
[2025-08-12 19:35:03] [SUCCESS] Aggregation complete. Network map has been updated.
/home/dhruv/winshare/Neighbour_Signer_Model/mosquitto/plugins/payload-modification/aggregator.py:94: DeprecationWarning: datetime.datetime.utcnow() is deprecated and scheduled for removal in a future version. Use timezone-aware objects to represent datetimes in UTC: datetime.datetime.now(datetime.UTC).
  timestamp = datetime.utcnow().strftime("%Y-%m-%d %H:%M:%S UTC")
[2025-08-12 19:35:18] [INFO] Starting trust map aggregation process...
[2025-08-12 19:35:18] [DEBUG] Reading base topology from: /home/dhruv/winshare/Neighbour_Signer_Model/mosquitto/plugins/payload-modification/network_map.txt
[2025-08-12 19:35:18] [INFO] Loaded base topology with 6 source brokers.
[2025-08-12 19:35:18] [INFO] Processing trust store for B0...
[2025-08-12 19:35:18] [INFO] Processing trust store for B1...
[2025-08-12 19:35:18] [DEBUG]   - Updated link B0->B1 with trust 0.500 (r=0, s=0)
[2025-08-12 19:35:18] [INFO] Processing trust store for B2...
[2025-08-12 19:35:18] [DEBUG]   - Updated link B0->B2 with trust 0.500 (r=0, s=0)
[2025-08-12 19:35:18] [INFO] Processing trust store for B3...
[2025-08-12 19:35:18] [DEBUG]   - Updated link B1->B3 with trust 0.500 (r=0, s=0)
[2025-08-12 19:35:18] [INFO] Processing trust store for B4...
[2025-08-12 19:35:18] [DEBUG]   - Updated link B1->B4 with trust 0.923 (r=11, s=0)
[2025-08-12 19:35:18] [DEBUG]   - Updated link B2->B4 with trust 0.923 (r=11, s=0)
[2025-08-12 19:35:18] [INFO] Processing trust store for B5...
[2025-08-12 19:35:18] [DEBUG]   - Updated link B2->B5 with trust 0.500 (r=0, s=0)
[2025-08-12 19:35:18] [INFO] Processing trust store for B6...
[2025-08-12 19:35:18] [DEBUG]   - Updated link B4->B6 with trust 0.500 (r=0, s=0)
[2025-08-12 19:35:18] [DEBUG]   - Updated link B5->B6 with trust 0.500 (r=0, s=0)
[2025-08-12 19:35:18] [INFO] Processing trust store for B7...
[2025-08-12 19:35:18] [DEBUG]   - Updated link B6->B7 with trust 0.500 (r=0, s=0)
[2025-08-12 19:35:18] [INFO] Writing new authoritative network map to /home/dhruv/winshare/Neighbour_Signer_Model/mosquitto/plugins/payload-modification/network_map.txt...
[2025-08-12 19:35:18] [SUCCESS] Aggregation complete. Network map has been updated.
/home/dhruv/winshare/Neighbour_Signer_Model/mosquitto/plugins/payload-modification/aggregator.py:94: DeprecationWarning: datetime.datetime.utcnow() is deprecated and scheduled for removal in a future version. Use timezone-aware objects to represent datetimes in UTC: datetime.datetime.now(datetime.UTC).
  timestamp = datetime.utcnow().strftime("%Y-%m-%d %H:%M:%S UTC")
[2025-08-12 19:35:33] [INFO] Starting trust map aggregation process...
[2025-08-12 19:35:33] [DEBUG] Reading base topology from: /home/dhruv/winshare/Neighbour_Signer_Model/mosquitto/plugins/payload-modification/network_map.txt
[2025-08-12 19:35:33] [INFO] Loaded base topology with 6 source brokers.
[2025-08-12 19:35:33] [INFO] Processing trust store for B0...
[2025-08-12 19:35:33] [INFO] Processing trust store for B1...
[2025-08-12 19:35:33] [DEBUG]   - Updated link B0->B1 with trust 0.500 (r=0, s=0)
[2025-08-12 19:35:33] [INFO] Processing trust store for B2...
[2025-08-12 19:35:33] [DEBUG]   - Updated link B0->B2 with trust 0.500 (r=0, s=0)
[2025-08-12 19:35:33] [INFO] Processing trust store for B3...
[2025-08-12 19:35:33] [DEBUG]   - Updated link B1->B3 with trust 0.500 (r=0, s=0)
[2025-08-12 19:35:33] [INFO] Processing trust store for B4...
[2025-08-12 19:35:33] [DEBUG]   - Updated link B1->B4 with trust 0.933 (r=13, s=0)
[2025-08-12 19:35:33] [DEBUG]   - Updated link B2->B4 with trust 0.933 (r=13, s=0)
[2025-08-12 19:35:33] [INFO] Processing trust store for B5...
[2025-08-12 19:35:33] [DEBUG]   - Updated link B2->B5 with trust 0.500 (r=0, s=0)
[2025-08-12 19:35:33] [INFO] Processing trust store for B6...
[2025-08-12 19:35:33] [DEBUG]   - Updated link B4->B6 with trust 0.500 (r=0, s=0)
[2025-08-12 19:35:33] [DEBUG]   - Updated link B5->B6 with trust 0.500 (r=0, s=0)
[2025-08-12 19:35:33] [INFO] Processing trust store for B7...
[2025-08-12 19:35:33] [DEBUG]   - Updated link B6->B7 with trust 0.500 (r=0, s=0)
[2025-08-12 19:35:33] [INFO] Writing new authoritative network map to /home/dhruv/winshare/Neighbour_Signer_Model/mosquitto/plugins/payload-modification/network_map.txt...
[2025-08-12 19:35:33] [SUCCESS] Aggregation complete. Network map has been updated.
/home/dhruv/winshare/Neighbour_Signer_Model/mosquitto/plugins/payload-modification/aggregator.py:94: DeprecationWarning: datetime.datetime.utcnow() is deprecated and scheduled for removal in a future version. Use timezone-aware objects to represent datetimes in UTC: datetime.datetime.now(datetime.UTC).
  timestamp = datetime.utcnow().strftime("%Y-%m-%d %H:%M:%S UTC")
[2025-08-12 19:35:48] [INFO] Starting trust map aggregation process...
[2025-08-12 19:35:48] [DEBUG] Reading base topology from: /home/dhruv/winshare/Neighbour_Signer_Model/mosquitto/plugins/payload-modification/network_map.txt
[2025-08-12 19:35:48] [INFO] Loaded base topology with 6 source brokers.
[2025-08-12 19:35:48] [INFO] Processing trust store for B0...
[2025-08-12 19:35:48] [INFO] Processing trust store for B1...
[2025-08-12 19:35:48] [DEBUG]   - Updated link B0->B1 with trust 0.500 (r=0, s=0)
[2025-08-12 19:35:48] [INFO] Processing trust store for B2...
[2025-08-12 19:35:48] [DEBUG]   - Updated link B0->B2 with trust 0.500 (r=0, s=0)
[2025-08-12 19:35:48] [INFO] Processing trust store for B3...
[2025-08-12 19:35:48] [DEBUG]   - Updated link B1->B3 with trust 0.500 (r=0, s=0)
[2025-08-12 19:35:48] [INFO] Processing trust store for B4...
[2025-08-12 19:35:48] [DEBUG]   - Updated link B1->B4 with trust 0.938 (r=14, s=0)
[2025-08-12 19:35:48] [DEBUG]   - Updated link B2->B4 with trust 0.938 (r=14, s=0)
[2025-08-12 19:35:48] [INFO] Processing trust store for B5...
[2025-08-12 19:35:48] [DEBUG]   - Updated link B2->B5 with trust 0.500 (r=0, s=0)
[2025-08-12 19:35:48] [INFO] Processing trust store for B6...
[2025-08-12 19:35:48] [DEBUG]   - Updated link B4->B6 with trust 0.500 (r=0, s=0)
[2025-08-12 19:35:48] [DEBUG]   - Updated link B5->B6 with trust 0.500 (r=0, s=0)
[2025-08-12 19:35:48] [INFO] Processing trust store for B7...
[2025-08-12 19:35:48] [DEBUG]   - Updated link B6->B7 with trust 0.500 (r=0, s=0)
[2025-08-12 19:35:48] [INFO] Writing new authoritative network map to /home/dhruv/winshare/Neighbour_Signer_Model/mosquitto/plugins/payload-modification/network_map.txt...
[2025-08-12 19:35:48] [SUCCESS] Aggregation complete. Network map has been updated.
/home/dhruv/winshare/Neighbour_Signer_Model/mosquitto/plugins/payload-modification/aggregator.py:94: DeprecationWarning: datetime.datetime.utcnow() is deprecated and scheduled for removal in a future version. Use timezone-aware objects to represent datetimes in UTC: datetime.datetime.now(datetime.UTC).
  timestamp = datetime.utcnow().strftime("%Y-%m-%d %H:%M:%S UTC")
[2025-08-12 19:36:03] [INFO] Starting trust map aggregation process...
[2025-08-12 19:36:03] [DEBUG] Reading base topology from: /home/dhruv/winshare/Neighbour_Signer_Model/mosquitto/plugins/payload-modification/network_map.txt
[2025-08-12 19:36:03] [INFO] Loaded base topology with 6 source brokers.
[2025-08-12 19:36:03] [INFO] Processing trust store for B0...
[2025-08-12 19:36:03] [INFO] Processing trust store for B1...
[2025-08-12 19:36:03] [DEBUG]   - Updated link B0->B1 with trust 0.500 (r=0, s=0)
[2025-08-12 19:36:03] [INFO] Processing trust store for B2...
[2025-08-12 19:36:03] [DEBUG]   - Updated link B0->B2 with trust 0.500 (r=0, s=0)
[2025-08-12 19:36:03] [INFO] Processing trust store for B3...
[2025-08-12 19:36:03] [DEBUG]   - Updated link B1->B3 with trust 0.500 (r=0, s=0)
[2025-08-12 19:36:03] [INFO] Processing trust store for B4...
[2025-08-12 19:36:03] [DEBUG]   - Updated link B1->B4 with trust 0.941 (r=15, s=0)
[2025-08-12 19:36:03] [DEBUG]   - Updated link B2->B4 with trust 0.941 (r=15, s=0)
[2025-08-12 19:36:03] [INFO] Processing trust store for B5...
[2025-08-12 19:36:03] [DEBUG]   - Updated link B2->B5 with trust 0.500 (r=0, s=0)
[2025-08-12 19:36:03] [INFO] Processing trust store for B6...
[2025-08-12 19:36:03] [DEBUG]   - Updated link B4->B6 with trust 0.500 (r=0, s=0)
[2025-08-12 19:36:03] [DEBUG]   - Updated link B5->B6 with trust 0.500 (r=0, s=0)
[2025-08-12 19:36:03] [INFO] Processing trust store for B7...
[2025-08-12 19:36:03] [DEBUG]   - Updated link B6->B7 with trust 0.500 (r=0, s=0)
[2025-08-12 19:36:03] [INFO] Writing new authoritative network map to /home/dhruv/winshare/Neighbour_Signer_Model/mosquitto/plugins/payload-modification/network_map.txt...
[2025-08-12 19:36:03] [SUCCESS] Aggregation complete. Network map has been updated.
/home/dhruv/winshare/Neighbour_Signer_Model/mosquitto/plugins/payload-modification/aggregator.py:94: DeprecationWarning: datetime.datetime.utcnow() is deprecated and scheduled for removal in a future version. Use timezone-aware objects to represent datetimes in UTC: datetime.datetime.now(datetime.UTC).
  timestamp = datetime.utcnow().strftime("%Y-%m-%d %H:%M:%S UTC")
[2025-08-12 19:36:19] [INFO] Starting trust map aggregation process...
[2025-08-12 19:36:19] [DEBUG] Reading base topology from: /home/dhruv/winshare/Neighbour_Signer_Model/mosquitto/plugins/payload-modification/network_map.txt
[2025-08-12 19:36:19] [INFO] Loaded base topology with 6 source brokers.
[2025-08-12 19:36:19] [INFO] Processing trust store for B0...
[2025-08-12 19:36:19] [INFO] Processing trust store for B1...
[2025-08-12 19:36:19] [DEBUG]   - Updated link B0->B1 with trust 0.500 (r=0, s=0)
[2025-08-12 19:36:19] [INFO] Processing trust store for B2...
[2025-08-12 19:36:19] [DEBUG]   - Updated link B0->B2 with trust 0.500 (r=0, s=0)
[2025-08-12 19:36:19] [INFO] Processing trust store for B3...
[2025-08-12 19:36:19] [DEBUG]   - Updated link B1->B3 with trust 0.500 (r=0, s=0)
[2025-08-12 19:36:19] [INFO] Processing trust store for B4...
[2025-08-12 19:36:19] [DEBUG]   - Updated link B1->B4 with trust 0.947 (r=17, s=0)
[2025-08-12 19:36:19] [DEBUG]   - Updated link B2->B4 with trust 0.947 (r=17, s=0)
[2025-08-12 19:36:19] [INFO] Processing trust store for B5...
[2025-08-12 19:36:19] [DEBUG]   - Updated link B2->B5 with trust 0.500 (r=0, s=0)
[2025-08-12 19:36:19] [INFO] Processing trust store for B6...
[2025-08-12 19:36:19] [DEBUG]   - Updated link B4->B6 with trust 0.500 (r=0, s=0)
[2025-08-12 19:36:19] [DEBUG]   - Updated link B5->B6 with trust 0.500 (r=0, s=0)
[2025-08-12 19:36:19] [INFO] Processing trust store for B7...
[2025-08-12 19:36:19] [DEBUG]   - Updated link B6->B7 with trust 0.500 (r=0, s=0)
[2025-08-12 19:36:19] [INFO] Writing new authoritative network map to /home/dhruv/winshare/Neighbour_Signer_Model/mosquitto/plugins/payload-modification/network_map.txt...
[2025-08-12 19:36:19] [SUCCESS] Aggregation complete. Network map has been updated.
/home/dhruv/winshare/Neighbour_Signer_Model/mosquitto/plugins/payload-modification/aggregator.py:94: DeprecationWarning: datetime.datetime.utcnow() is deprecated and scheduled for removal in a future version. Use timezone-aware objects to represent datetimes in UTC: datetime.datetime.now(datetime.UTC).
  timestamp = datetime.utcnow().strftime("%Y-%m-%d %H:%M:%S UTC")
[2025-08-12 19:36:34] [INFO] Starting trust map aggregation process...
[2025-08-12 19:36:34] [DEBUG] Reading base topology from: /home/dhruv/winshare/Neighbour_Signer_Model/mosquitto/plugins/payload-modification/network_map.txt
[2025-08-12 19:36:34] [INFO] Loaded base topology with 6 source brokers.
[2025-08-12 19:36:34] [INFO] Processing trust store for B0...
[2025-08-12 19:36:34] [INFO] Processing trust store for B1...
[2025-08-12 19:36:34] [DEBUG]   - Updated link B0->B1 with trust 0.500 (r=0, s=0)
[2025-08-12 19:36:34] [INFO] Processing trust store for B2...
[2025-08-12 19:36:34] [DEBUG]   - Updated link B0->B2 with trust 0.500 (r=0, s=0)
[2025-08-12 19:36:34] [INFO] Processing trust store for B3...
[2025-08-12 19:36:34] [DEBUG]   - Updated link B1->B3 with trust 0.500 (r=0, s=0)
[2025-08-12 19:36:34] [INFO] Processing trust store for B4...
[2025-08-12 19:36:34] [DEBUG]   - Updated link B1->B4 with trust 0.950 (r=18, s=0)
[2025-08-12 19:36:34] [DEBUG]   - Updated link B2->B4 with trust 0.950 (r=18, s=0)
[2025-08-12 19:36:34] [INFO] Processing trust store for B5...
[2025-08-12 19:36:34] [DEBUG]   - Updated link B2->B5 with trust 0.500 (r=0, s=0)
[2025-08-12 19:36:34] [INFO] Processing trust store for B6...
[2025-08-12 19:36:34] [DEBUG]   - Updated link B4->B6 with trust 0.500 (r=0, s=0)
[2025-08-12 19:36:34] [DEBUG]   - Updated link B5->B6 with trust 0.500 (r=0, s=0)
[2025-08-12 19:36:34] [INFO] Processing trust store for B7...
[2025-08-12 19:36:34] [DEBUG]   - Updated link B6->B7 with trust 0.500 (r=0, s=0)
[2025-08-12 19:36:34] [INFO] Writing new authoritative network map to /home/dhruv/winshare/Neighbour_Signer_Model/mosquitto/plugins/payload-modification/network_map.txt...
[2025-08-12 19:36:34] [SUCCESS] Aggregation complete. Network map has been updated.
/home/dhruv/winshare/Neighbour_Signer_Model/mosquitto/plugins/payload-modification/aggregator.py:94: DeprecationWarning: datetime.datetime.utcnow() is deprecated and scheduled for removal in a future version. Use timezone-aware objects to represent datetimes in UTC: datetime.datetime.now(datetime.UTC).
  timestamp = datetime.utcnow().strftime("%Y-%m-%d %H:%M:%S UTC")
[2025-08-12 19:36:49] [INFO] Starting trust map aggregation process...
[2025-08-12 19:36:49] [DEBUG] Reading base topology from: /home/dhruv/winshare/Neighbour_Signer_Model/mosquitto/plugins/payload-modification/network_map.txt
[2025-08-12 19:36:49] [INFO] Loaded base topology with 6 source brokers.
[2025-08-12 19:36:49] [INFO] Processing trust store for B0...
[2025-08-12 19:36:49] [INFO] Processing trust store for B1...
[2025-08-12 19:36:49] [DEBUG]   - Updated link B0->B1 with trust 0.500 (r=0, s=0)
[2025-08-12 19:36:49] [INFO] Processing trust store for B2...
[2025-08-12 19:36:49] [DEBUG]   - Updated link B0->B2 with trust 0.500 (r=0, s=0)
[2025-08-12 19:36:49] [INFO] Processing trust store for B3...
[2025-08-12 19:36:49] [DEBUG]   - Updated link B1->B3 with trust 0.500 (r=0, s=0)
[2025-08-12 19:36:49] [INFO] Processing trust store for B4...
[2025-08-12 19:36:49] [DEBUG]   - Updated link B1->B4 with trust 0.955 (r=20, s=0)
[2025-08-12 19:36:49] [DEBUG]   - Updated link B2->B4 with trust 0.955 (r=20, s=0)
[2025-08-12 19:36:49] [INFO] Processing trust store for B5...
[2025-08-12 19:36:49] [DEBUG]   - Updated link B2->B5 with trust 0.500 (r=0, s=0)
[2025-08-12 19:36:49] [INFO] Processing trust store for B6...
[2025-08-12 19:36:49] [DEBUG]   - Updated link B4->B6 with trust 0.500 (r=0, s=0)
[2025-08-12 19:36:49] [DEBUG]   - Updated link B5->B6 with trust 0.500 (r=0, s=0)
[2025-08-12 19:36:49] [INFO] Processing trust store for B7...
[2025-08-12 19:36:49] [DEBUG]   - Updated link B6->B7 with trust 0.500 (r=0, s=0)
[2025-08-12 19:36:49] [INFO] Writing new authoritative network map to /home/dhruv/winshare/Neighbour_Signer_Model/mosquitto/plugins/payload-modification/network_map.txt...
[2025-08-12 19:36:49] [SUCCESS] Aggregation complete. Network map has been updated.
/home/dhruv/winshare/Neighbour_Signer_Model/mosquitto/plugins/payload-modification/aggregator.py:94: DeprecationWarning: datetime.datetime.utcnow() is deprecated and scheduled for removal in a future version. Use timezone-aware objects to represent datetimes in UTC: datetime.datetime.now(datetime.UTC).
  timestamp = datetime.utcnow().strftime("%Y-%m-%d %H:%M:%S UTC")
[2025-08-12 19:37:04] [INFO] Starting trust map aggregation process...
[2025-08-12 19:37:04] [DEBUG] Reading base topology from: /home/dhruv/winshare/Neighbour_Signer_Model/mosquitto/plugins/payload-modification/network_map.txt
[2025-08-12 19:37:04] [INFO] Loaded base topology with 6 source brokers.
[2025-08-12 19:37:04] [INFO] Processing trust store for B0...
[2025-08-12 19:37:04] [INFO] Processing trust store for B1...
[2025-08-12 19:37:04] [DEBUG]   - Updated link B0->B1 with trust 0.500 (r=0, s=0)
[2025-08-12 19:37:04] [INFO] Processing trust store for B2...
[2025-08-12 19:37:04] [DEBUG]   - Updated link B0->B2 with trust 0.500 (r=0, s=0)
[2025-08-12 19:37:04] [INFO] Processing trust store for B3...
[2025-08-12 19:37:04] [DEBUG]   - Updated link B1->B3 with trust 0.500 (r=0, s=0)
[2025-08-12 19:37:04] [INFO] Processing trust store for B4...
[2025-08-12 19:37:04] [DEBUG]   - Updated link B1->B4 with trust 0.957 (r=21, s=0)
[2025-08-12 19:37:04] [DEBUG]   - Updated link B2->B4 with trust 0.957 (r=21, s=0)
[2025-08-12 19:37:04] [INFO] Processing trust store for B5...
[2025-08-12 19:37:04] [DEBUG]   - Updated link B2->B5 with trust 0.500 (r=0, s=0)
[2025-08-12 19:37:04] [INFO] Processing trust store for B6...
[2025-08-12 19:37:04] [DEBUG]   - Updated link B4->B6 with trust 0.500 (r=0, s=0)
[2025-08-12 19:37:04] [DEBUG]   - Updated link B5->B6 with trust 0.500 (r=0, s=0)
[2025-08-12 19:37:04] [INFO] Processing trust store for B7...
[2025-08-12 19:37:04] [DEBUG]   - Updated link B6->B7 with trust 0.500 (r=0, s=0)
[2025-08-12 19:37:04] [INFO] Writing new authoritative network map to /home/dhruv/winshare/Neighbour_Signer_Model/mosquitto/plugins/payload-modification/network_map.txt...
[2025-08-12 19:37:04] [SUCCESS] Aggregation complete. Network map has been updated.
/home/dhruv/winshare/Neighbour_Signer_Model/mosquitto/plugins/payload-modification/aggregator.py:94: DeprecationWarning: datetime.datetime.utcnow() is deprecated and scheduled for removal in a future version. Use timezone-aware objects to represent datetimes in UTC: datetime.datetime.now(datetime.UTC).
  timestamp = datetime.utcnow().strftime("%Y-%m-%d %H:%M:%S UTC")
[2025-08-12 19:37:19] [INFO] Starting trust map aggregation process...
[2025-08-12 19:37:19] [DEBUG] Reading base topology from: /home/dhruv/winshare/Neighbour_Signer_Model/mosquitto/plugins/payload-modification/network_map.txt
[2025-08-12 19:37:19] [INFO] Loaded base topology with 6 source brokers.
[2025-08-12 19:37:19] [INFO] Processing trust store for B0...
[2025-08-12 19:37:19] [INFO] Processing trust store for B1...
[2025-08-12 19:37:19] [DEBUG]   - Updated link B0->B1 with trust 0.500 (r=0, s=0)
[2025-08-12 19:37:19] [INFO] Processing trust store for B2...
[2025-08-12 19:37:19] [DEBUG]   - Updated link B0->B2 with trust 0.500 (r=0, s=0)
[2025-08-12 19:37:19] [INFO] Processing trust store for B3...
[2025-08-12 19:37:19] [DEBUG]   - Updated link B1->B3 with trust 0.500 (r=0, s=0)
[2025-08-12 19:37:19] [INFO] Processing trust store for B4...
[2025-08-12 19:37:19] [DEBUG]   - Updated link B1->B4 with trust 0.958 (r=22, s=0)
[2025-08-12 19:37:19] [DEBUG]   - Updated link B2->B4 with trust 0.958 (r=22, s=0)
[2025-08-12 19:37:19] [INFO] Processing trust store for B5...
[2025-08-12 19:37:19] [DEBUG]   - Updated link B2->B5 with trust 0.500 (r=0, s=0)
[2025-08-12 19:37:19] [INFO] Processing trust store for B6...
[2025-08-12 19:37:19] [DEBUG]   - Updated link B4->B6 with trust 0.500 (r=0, s=0)
[2025-08-12 19:37:19] [DEBUG]   - Updated link B5->B6 with trust 0.500 (r=0, s=0)
[2025-08-12 19:37:19] [INFO] Processing trust store for B7...
[2025-08-12 19:37:19] [DEBUG]   - Updated link B6->B7 with trust 0.500 (r=0, s=0)
[2025-08-12 19:37:19] [INFO] Writing new authoritative network map to /home/dhruv/winshare/Neighbour_Signer_Model/mosquitto/plugins/payload-modification/network_map.txt...
[2025-08-12 19:37:19] [SUCCESS] Aggregation complete. Network map has been updated.
/home/dhruv/winshare/Neighbour_Signer_Model/mosquitto/plugins/payload-modification/aggregator.py:94: DeprecationWarning: datetime.datetime.utcnow() is deprecated and scheduled for removal in a future version. Use timezone-aware objects to represent datetimes in UTC: datetime.datetime.now(datetime.UTC).
  timestamp = datetime.utcnow().strftime("%Y-%m-%d %H:%M:%S UTC")
[2025-08-12 19:37:34] [INFO] Starting trust map aggregation process...
[2025-08-12 19:37:34] [DEBUG] Reading base topology from: /home/dhruv/winshare/Neighbour_Signer_Model/mosquitto/plugins/payload-modification/network_map.txt
[2025-08-12 19:37:34] [INFO] Loaded base topology with 6 source brokers.
[2025-08-12 19:37:34] [INFO] Processing trust store for B0...
[2025-08-12 19:37:34] [INFO] Processing trust store for B1...
[2025-08-12 19:37:34] [DEBUG]   - Updated link B0->B1 with trust 0.500 (r=0, s=0)
[2025-08-12 19:37:34] [INFO] Processing trust store for B2...
[2025-08-12 19:37:34] [DEBUG]   - Updated link B0->B2 with trust 0.500 (r=0, s=0)
[2025-08-12 19:37:34] [INFO] Processing trust store for B3...
[2025-08-12 19:37:34] [DEBUG]   - Updated link B1->B3 with trust 0.500 (r=0, s=0)
[2025-08-12 19:37:34] [INFO] Processing trust store for B4...
[2025-08-12 19:37:34] [DEBUG]   - Updated link B1->B4 with trust 0.962 (r=24, s=0)
[2025-08-12 19:37:34] [DEBUG]   - Updated link B2->B4 with trust 0.962 (r=24, s=0)
[2025-08-12 19:37:34] [INFO] Processing trust store for B5...
[2025-08-12 19:37:34] [DEBUG]   - Updated link B2->B5 with trust 0.500 (r=0, s=0)
[2025-08-12 19:37:34] [INFO] Processing trust store for B6...
[2025-08-12 19:37:34] [DEBUG]   - Updated link B4->B6 with trust 0.500 (r=0, s=0)
[2025-08-12 19:37:34] [DEBUG]   - Updated link B5->B6 with trust 0.500 (r=0, s=0)
[2025-08-12 19:37:34] [INFO] Processing trust store for B7...
[2025-08-12 19:37:34] [DEBUG]   - Updated link B6->B7 with trust 0.500 (r=0, s=0)
[2025-08-12 19:37:34] [INFO] Writing new authoritative network map to /home/dhruv/winshare/Neighbour_Signer_Model/mosquitto/plugins/payload-modification/network_map.txt...
[2025-08-12 19:37:34] [SUCCESS] Aggregation complete. Network map has been updated.
/home/dhruv/winshare/Neighbour_Signer_Model/mosquitto/plugins/payload-modification/aggregator.py:94: DeprecationWarning: datetime.datetime.utcnow() is deprecated and scheduled for removal in a future version. Use timezone-aware objects to represent datetimes in UTC: datetime.datetime.now(datetime.UTC).
  timestamp = datetime.utcnow().strftime("%Y-%m-%d %H:%M:%S UTC")
[2025-08-12 19:37:49] [INFO] Starting trust map aggregation process...
[2025-08-12 19:37:49] [DEBUG] Reading base topology from: /home/dhruv/winshare/Neighbour_Signer_Model/mosquitto/plugins/payload-modification/network_map.txt
[2025-08-12 19:37:49] [INFO] Loaded base topology with 6 source brokers.
[2025-08-12 19:37:49] [INFO] Processing trust store for B0...
[2025-08-12 19:37:49] [INFO] Processing trust store for B1...
[2025-08-12 19:37:49] [DEBUG]   - Updated link B0->B1 with trust 0.500 (r=0, s=0)
[2025-08-12 19:37:49] [INFO] Processing trust store for B2...
[2025-08-12 19:37:49] [DEBUG]   - Updated link B0->B2 with trust 0.500 (r=0, s=0)
[2025-08-12 19:37:49] [INFO] Processing trust store for B3...
[2025-08-12 19:37:49] [DEBUG]   - Updated link B1->B3 with trust 0.500 (r=0, s=0)
[2025-08-12 19:37:49] [INFO] Processing trust store for B4...
[2025-08-12 19:37:49] [DEBUG]   - Updated link B1->B4 with trust 0.963 (r=25, s=0)
[2025-08-12 19:37:49] [DEBUG]   - Updated link B2->B4 with trust 0.963 (r=25, s=0)
[2025-08-12 19:37:49] [INFO] Processing trust store for B5...
[2025-08-12 19:37:49] [DEBUG]   - Updated link B2->B5 with trust 0.500 (r=0, s=0)
[2025-08-12 19:37:49] [INFO] Processing trust store for B6...
[2025-08-12 19:37:49] [DEBUG]   - Updated link B4->B6 with trust 0.500 (r=0, s=0)
[2025-08-12 19:37:49] [DEBUG]   - Updated link B5->B6 with trust 0.500 (r=0, s=0)
[2025-08-12 19:37:49] [INFO] Processing trust store for B7...
[2025-08-12 19:37:49] [DEBUG]   - Updated link B6->B7 with trust 0.500 (r=0, s=0)
[2025-08-12 19:37:49] [INFO] Writing new authoritative network map to /home/dhruv/winshare/Neighbour_Signer_Model/mosquitto/plugins/payload-modification/network_map.txt...
[2025-08-12 19:37:49] [SUCCESS] Aggregation complete. Network map has been updated.
/home/dhruv/winshare/Neighbour_Signer_Model/mosquitto/plugins/payload-modification/aggregator.py:94: DeprecationWarning: datetime.datetime.utcnow() is deprecated and scheduled for removal in a future version. Use timezone-aware objects to represent datetimes in UTC: datetime.datetime.now(datetime.UTC).
  timestamp = datetime.utcnow().strftime("%Y-%m-%d %H:%M:%S UTC")
[2025-08-12 19:38:04] [INFO] Starting trust map aggregation process...
[2025-08-12 19:38:04] [DEBUG] Reading base topology from: /home/dhruv/winshare/Neighbour_Signer_Model/mosquitto/plugins/payload-modification/network_map.txt
[2025-08-12 19:38:04] [INFO] Loaded base topology with 6 source brokers.
[2025-08-12 19:38:04] [INFO] Processing trust store for B0...
[2025-08-12 19:38:04] [INFO] Processing trust store for B1...
[2025-08-12 19:38:04] [DEBUG]   - Updated link B0->B1 with trust 0.500 (r=0, s=0)
[2025-08-12 19:38:04] [INFO] Processing trust store for B2...
[2025-08-12 19:38:04] [DEBUG]   - Updated link B0->B2 with trust 0.500 (r=0, s=0)
[2025-08-12 19:38:04] [INFO] Processing trust store for B3...
[2025-08-12 19:38:04] [DEBUG]   - Updated link B1->B3 with trust 0.500 (r=0, s=0)
[2025-08-12 19:38:04] [INFO] Processing trust store for B4...
[2025-08-12 19:38:04] [DEBUG]   - Updated link B1->B4 with trust 0.964 (r=26, s=0)
[2025-08-12 19:38:04] [DEBUG]   - Updated link B2->B4 with trust 0.964 (r=26, s=0)
[2025-08-12 19:38:04] [INFO] Processing trust store for B5...
[2025-08-12 19:38:04] [DEBUG]   - Updated link B2->B5 with trust 0.500 (r=0, s=0)
[2025-08-12 19:38:04] [INFO] Processing trust store for B6...
[2025-08-12 19:38:04] [DEBUG]   - Updated link B4->B6 with trust 0.500 (r=0, s=0)
[2025-08-12 19:38:04] [DEBUG]   - Updated link B5->B6 with trust 0.500 (r=0, s=0)
[2025-08-12 19:38:04] [INFO] Processing trust store for B7...
[2025-08-12 19:38:04] [DEBUG]   - Updated link B6->B7 with trust 0.500 (r=0, s=0)
[2025-08-12 19:38:04] [INFO] Writing new authoritative network map to /home/dhruv/winshare/Neighbour_Signer_Model/mosquitto/plugins/payload-modification/network_map.txt...
[2025-08-12 19:38:04] [SUCCESS] Aggregation complete. Network map has been updated.
/home/dhruv/winshare/Neighbour_Signer_Model/mosquitto/plugins/payload-modification/aggregator.py:94: DeprecationWarning: datetime.datetime.utcnow() is deprecated and scheduled for removal in a future version. Use timezone-aware objects to represent datetimes in UTC: datetime.datetime.now(datetime.UTC).
  timestamp = datetime.utcnow().strftime("%Y-%m-%d %H:%M:%S UTC")
[2025-08-12 19:38:19] [INFO] Starting trust map aggregation process...
[2025-08-12 19:38:19] [DEBUG] Reading base topology from: /home/dhruv/winshare/Neighbour_Signer_Model/mosquitto/plugins/payload-modification/network_map.txt
[2025-08-12 19:38:19] [INFO] Loaded base topology with 6 source brokers.
[2025-08-12 19:38:19] [INFO] Processing trust store for B0...
[2025-08-12 19:38:19] [INFO] Processing trust store for B1...
[2025-08-12 19:38:19] [DEBUG]   - Updated link B0->B1 with trust 0.500 (r=0, s=0)
[2025-08-12 19:38:19] [INFO] Processing trust store for B2...
[2025-08-12 19:38:19] [DEBUG]   - Updated link B0->B2 with trust 0.500 (r=0, s=0)
[2025-08-12 19:38:19] [INFO] Processing trust store for B3...
[2025-08-12 19:38:19] [DEBUG]   - Updated link B1->B3 with trust 0.500 (r=0, s=0)
[2025-08-12 19:38:19] [INFO] Processing trust store for B4...
[2025-08-12 19:38:19] [DEBUG]   - Updated link B1->B4 with trust 0.967 (r=28, s=0)
[2025-08-12 19:38:19] [DEBUG]   - Updated link B2->B4 with trust 0.967 (r=28, s=0)
[2025-08-12 19:38:19] [INFO] Processing trust store for B5...
[2025-08-12 19:38:19] [DEBUG]   - Updated link B2->B5 with trust 0.500 (r=0, s=0)
[2025-08-12 19:38:19] [INFO] Processing trust store for B6...
[2025-08-12 19:38:19] [DEBUG]   - Updated link B4->B6 with trust 0.500 (r=0, s=0)
[2025-08-12 19:38:19] [DEBUG]   - Updated link B5->B6 with trust 0.500 (r=0, s=0)
[2025-08-12 19:38:19] [INFO] Processing trust store for B7...
[2025-08-12 19:38:19] [DEBUG]   - Updated link B6->B7 with trust 0.500 (r=0, s=0)
[2025-08-12 19:38:19] [INFO] Writing new authoritative network map to /home/dhruv/winshare/Neighbour_Signer_Model/mosquitto/plugins/payload-modification/network_map.txt...
[2025-08-12 19:38:19] [SUCCESS] Aggregation complete. Network map has been updated.
/home/dhruv/winshare/Neighbour_Signer_Model/mosquitto/plugins/payload-modification/aggregator.py:94: DeprecationWarning: datetime.datetime.utcnow() is deprecated and scheduled for removal in a future version. Use timezone-aware objects to represent datetimes in UTC: datetime.datetime.now(datetime.UTC).
  timestamp = datetime.utcnow().strftime("%Y-%m-%d %H:%M:%S UTC")
[2025-08-12 19:38:34] [INFO] Starting trust map aggregation process...
[2025-08-12 19:38:34] [DEBUG] Reading base topology from: /home/dhruv/winshare/Neighbour_Signer_Model/mosquitto/plugins/payload-modification/network_map.txt
[2025-08-12 19:38:34] [INFO] Loaded base topology with 6 source brokers.
[2025-08-12 19:38:34] [INFO] Processing trust store for B0...
[2025-08-12 19:38:34] [INFO] Processing trust store for B1...
[2025-08-12 19:38:34] [DEBUG]   - Updated link B0->B1 with trust 0.500 (r=0, s=0)
[2025-08-12 19:38:34] [INFO] Processing trust store for B2...
[2025-08-12 19:38:34] [DEBUG]   - Updated link B0->B2 with trust 0.500 (r=0, s=0)
[2025-08-12 19:38:34] [INFO] Processing trust store for B3...
[2025-08-12 19:38:34] [DEBUG]   - Updated link B1->B3 with trust 0.500 (r=0, s=0)
[2025-08-12 19:38:34] [INFO] Processing trust store for B4...
[2025-08-12 19:38:34] [DEBUG]   - Updated link B1->B4 with trust 0.968 (r=29, s=0)
[2025-08-12 19:38:34] [DEBUG]   - Updated link B2->B4 with trust 0.968 (r=29, s=0)
[2025-08-12 19:38:34] [INFO] Processing trust store for B5...
[2025-08-12 19:38:34] [DEBUG]   - Updated link B2->B5 with trust 0.500 (r=0, s=0)
[2025-08-12 19:38:34] [INFO] Processing trust store for B6...
[2025-08-12 19:38:34] [DEBUG]   - Updated link B4->B6 with trust 0.500 (r=0, s=0)
[2025-08-12 19:38:34] [DEBUG]   - Updated link B5->B6 with trust 0.500 (r=0, s=0)
[2025-08-12 19:38:34] [INFO] Processing trust store for B7...
[2025-08-12 19:38:34] [DEBUG]   - Updated link B6->B7 with trust 0.500 (r=0, s=0)
[2025-08-12 19:38:34] [INFO] Writing new authoritative network map to /home/dhruv/winshare/Neighbour_Signer_Model/mosquitto/plugins/payload-modification/network_map.txt...
[2025-08-12 19:38:34] [SUCCESS] Aggregation complete. Network map has been updated.
/home/dhruv/winshare/Neighbour_Signer_Model/mosquitto/plugins/payload-modification/aggregator.py:94: DeprecationWarning: datetime.datetime.utcnow() is deprecated and scheduled for removal in a future version. Use timezone-aware objects to represent datetimes in UTC: datetime.datetime.now(datetime.UTC).
  timestamp = datetime.utcnow().strftime("%Y-%m-%d %H:%M:%S UTC")
[2025-08-12 19:38:49] [INFO] Starting trust map aggregation process...
[2025-08-12 19:38:49] [DEBUG] Reading base topology from: /home/dhruv/winshare/Neighbour_Signer_Model/mosquitto/plugins/payload-modification/network_map.txt
[2025-08-12 19:38:49] [INFO] Loaded base topology with 6 source brokers.
[2025-08-12 19:38:49] [INFO] Processing trust store for B0...
[2025-08-12 19:38:49] [INFO] Processing trust store for B1...
[2025-08-12 19:38:49] [DEBUG]   - Updated link B0->B1 with trust 0.500 (r=0, s=0)
[2025-08-12 19:38:49] [INFO] Processing trust store for B2...
[2025-08-12 19:38:49] [DEBUG]   - Updated link B0->B2 with trust 0.500 (r=0, s=0)
[2025-08-12 19:38:49] [INFO] Processing trust store for B3...
[2025-08-12 19:38:49] [DEBUG]   - Updated link B1->B3 with trust 0.500 (r=0, s=0)
[2025-08-12 19:38:49] [INFO] Processing trust store for B4...
[2025-08-12 19:38:49] [DEBUG]   - Updated link B1->B4 with trust 0.969 (r=30, s=0)
[2025-08-12 19:38:49] [DEBUG]   - Updated link B2->B4 with trust 0.969 (r=30, s=0)
[2025-08-12 19:38:49] [INFO] Processing trust store for B5...
[2025-08-12 19:38:49] [DEBUG]   - Updated link B2->B5 with trust 0.500 (r=0, s=0)
[2025-08-12 19:38:49] [INFO] Processing trust store for B6...
[2025-08-12 19:38:49] [DEBUG]   - Updated link B4->B6 with trust 0.500 (r=0, s=0)
[2025-08-12 19:38:49] [DEBUG]   - Updated link B5->B6 with trust 0.500 (r=0, s=0)
[2025-08-12 19:38:49] [INFO] Processing trust store for B7...
[2025-08-12 19:38:49] [DEBUG]   - Updated link B6->B7 with trust 0.500 (r=0, s=0)
[2025-08-12 19:38:49] [INFO] Writing new authoritative network map to /home/dhruv/winshare/Neighbour_Signer_Model/mosquitto/plugins/payload-modification/network_map.txt...
[2025-08-12 19:38:49] [SUCCESS] Aggregation complete. Network map has been updated.
/home/dhruv/winshare/Neighbour_Signer_Model/mosquitto/plugins/payload-modification/aggregator.py:94: DeprecationWarning: datetime.datetime.utcnow() is deprecated and scheduled for removal in a future version. Use timezone-aware objects to represent datetimes in UTC: datetime.datetime.now(datetime.UTC).
  timestamp = datetime.utcnow().strftime("%Y-%m-%d %H:%M:%S UTC")
[2025-08-12 19:39:04] [INFO] Starting trust map aggregation process...
[2025-08-12 19:39:04] [DEBUG] Reading base topology from: /home/dhruv/winshare/Neighbour_Signer_Model/mosquitto/plugins/payload-modification/network_map.txt
[2025-08-12 19:39:04] [INFO] Loaded base topology with 6 source brokers.
[2025-08-12 19:39:04] [INFO] Processing trust store for B0...
[2025-08-12 19:39:04] [INFO] Processing trust store for B1...
[2025-08-12 19:39:04] [DEBUG]   - Updated link B0->B1 with trust 0.500 (r=0, s=0)
[2025-08-12 19:39:04] [INFO] Processing trust store for B2...
[2025-08-12 19:39:04] [DEBUG]   - Updated link B0->B2 with trust 0.500 (r=0, s=0)
[2025-08-12 19:39:04] [INFO] Processing trust store for B3...
[2025-08-12 19:39:04] [DEBUG]   - Updated link B1->B3 with trust 0.500 (r=0, s=0)
[2025-08-12 19:39:04] [INFO] Processing trust store for B4...
[2025-08-12 19:39:04] [DEBUG]   - Updated link B1->B4 with trust 0.971 (r=32, s=0)
[2025-08-12 19:39:04] [DEBUG]   - Updated link B2->B4 with trust 0.971 (r=32, s=0)
[2025-08-12 19:39:04] [INFO] Processing trust store for B5...
[2025-08-12 19:39:04] [DEBUG]   - Updated link B2->B5 with trust 0.500 (r=0, s=0)
[2025-08-12 19:39:04] [INFO] Processing trust store for B6...
[2025-08-12 19:39:04] [DEBUG]   - Updated link B4->B6 with trust 0.500 (r=0, s=0)
[2025-08-12 19:39:04] [DEBUG]   - Updated link B5->B6 with trust 0.500 (r=0, s=0)
[2025-08-12 19:39:04] [INFO] Processing trust store for B7...
[2025-08-12 19:39:04] [DEBUG]   - Updated link B6->B7 with trust 0.500 (r=0, s=0)
[2025-08-12 19:39:04] [INFO] Writing new authoritative network map to /home/dhruv/winshare/Neighbour_Signer_Model/mosquitto/plugins/payload-modification/network_map.txt...
[2025-08-12 19:39:04] [SUCCESS] Aggregation complete. Network map has been updated.
/home/dhruv/winshare/Neighbour_Signer_Model/mosquitto/plugins/payload-modification/aggregator.py:94: DeprecationWarning: datetime.datetime.utcnow() is deprecated and scheduled for removal in a future version. Use timezone-aware objects to represent datetimes in UTC: datetime.datetime.now(datetime.UTC).
  timestamp = datetime.utcnow().strftime("%Y-%m-%d %H:%M:%S UTC")
[2025-08-12 19:39:23] [INFO] Starting trust map aggregation process...
[2025-08-12 19:39:23] [DEBUG] Reading base topology from: /home/dhruv/winshare/Neighbour_Signer_Model/mosquitto/plugins/payload-modification/network_map.txt
[2025-08-12 19:39:23] [INFO] Loaded base topology with 6 source brokers.
[2025-08-12 19:39:23] [INFO] Processing trust store for B0...
[2025-08-12 19:39:23] [INFO] Processing trust store for B1...
[2025-08-12 19:39:23] [DEBUG]   - Updated link B0->B1 with trust 0.500 (r=0, s=0)
[2025-08-12 19:39:23] [INFO] Processing trust store for B2...
[2025-08-12 19:39:23] [DEBUG]   - Updated link B0->B2 with trust 0.500 (r=0, s=0)
[2025-08-12 19:39:23] [INFO] Processing trust store for B3...
[2025-08-12 19:39:23] [DEBUG]   - Updated link B1->B3 with trust 0.500 (r=0, s=0)
[2025-08-12 19:39:23] [INFO] Processing trust store for B4...
[2025-08-12 19:39:23] [DEBUG]   - Updated link B1->B4 with trust 0.971 (r=33, s=0)
[2025-08-12 19:39:23] [DEBUG]   - Updated link B2->B4 with trust 0.971 (r=33, s=0)
[2025-08-12 19:39:23] [INFO] Processing trust store for B5...
[2025-08-12 19:39:23] [DEBUG]   - Updated link B2->B5 with trust 0.500 (r=0, s=0)
[2025-08-12 19:39:23] [INFO] Processing trust store for B6...
[2025-08-12 19:39:23] [DEBUG]   - Updated link B4->B6 with trust 0.500 (r=0, s=0)
[2025-08-12 19:39:23] [DEBUG]   - Updated link B5->B6 with trust 0.500 (r=0, s=0)
[2025-08-12 19:39:23] [INFO] Processing trust store for B7...
[2025-08-12 19:39:23] [DEBUG]   - Updated link B6->B7 with trust 0.500 (r=0, s=0)
[2025-08-12 19:39:23] [INFO] Writing new authoritative network map to /home/dhruv/winshare/Neighbour_Signer_Model/mosquitto/plugins/payload-modification/network_map.txt...
[2025-08-12 19:39:23] [SUCCESS] Aggregation complete. Network map has been updated.
/home/dhruv/winshare/Neighbour_Signer_Model/mosquitto/plugins/payload-modification/aggregator.py:94: DeprecationWarning: datetime.datetime.utcnow() is deprecated and scheduled for removal in a future version. Use timezone-aware objects to represent datetimes in UTC: datetime.datetime.now(datetime.UTC).
  timestamp = datetime.utcnow().strftime("%Y-%m-%d %H:%M:%S UTC")
[2025-08-12 19:39:38] [INFO] Starting trust map aggregation process...
[2025-08-12 19:39:38] [DEBUG] Reading base topology from: /home/dhruv/winshare/Neighbour_Signer_Model/mosquitto/plugins/payload-modification/network_map.txt
[2025-08-12 19:39:38] [INFO] Loaded base topology with 6 source brokers.
[2025-08-12 19:39:38] [INFO] Processing trust store for B0...
[2025-08-12 19:39:38] [INFO] Processing trust store for B1...
[2025-08-12 19:39:38] [DEBUG]   - Updated link B0->B1 with trust 0.500 (r=0, s=0)
[2025-08-12 19:39:38] [INFO] Processing trust store for B2...
[2025-08-12 19:39:38] [DEBUG]   - Updated link B0->B2 with trust 0.500 (r=0, s=0)
[2025-08-12 19:39:38] [INFO] Processing trust store for B3...
[2025-08-12 19:39:38] [DEBUG]   - Updated link B1->B3 with trust 0.500 (r=0, s=0)
[2025-08-12 19:39:38] [INFO] Processing trust store for B4...
[2025-08-12 19:39:38] [DEBUG]   - Updated link B1->B4 with trust 0.973 (r=35, s=0)
[2025-08-12 19:39:38] [DEBUG]   - Updated link B2->B4 with trust 0.973 (r=35, s=0)
[2025-08-12 19:39:38] [INFO] Processing trust store for B5...
[2025-08-12 19:39:38] [DEBUG]   - Updated link B2->B5 with trust 0.500 (r=0, s=0)
[2025-08-12 19:39:38] [INFO] Processing trust store for B6...
[2025-08-12 19:39:38] [DEBUG]   - Updated link B4->B6 with trust 0.500 (r=0, s=0)
[2025-08-12 19:39:38] [DEBUG]   - Updated link B5->B6 with trust 0.500 (r=0, s=0)
[2025-08-12 19:39:38] [INFO] Processing trust store for B7...
[2025-08-12 19:39:38] [DEBUG]   - Updated link B6->B7 with trust 0.500 (r=0, s=0)
[2025-08-12 19:39:38] [INFO] Writing new authoritative network map to /home/dhruv/winshare/Neighbour_Signer_Model/mosquitto/plugins/payload-modification/network_map.txt...
[2025-08-12 19:39:38] [SUCCESS] Aggregation complete. Network map has been updated.
/home/dhruv/winshare/Neighbour_Signer_Model/mosquitto/plugins/payload-modification/aggregator.py:94: DeprecationWarning: datetime.datetime.utcnow() is deprecated and scheduled for removal in a future version. Use timezone-aware objects to represent datetimes in UTC: datetime.datetime.now(datetime.UTC).
  timestamp = datetime.utcnow().strftime("%Y-%m-%d %H:%M:%S UTC")
[2025-08-12 19:39:53] [INFO] Starting trust map aggregation process...
[2025-08-12 19:39:53] [DEBUG] Reading base topology from: /home/dhruv/winshare/Neighbour_Signer_Model/mosquitto/plugins/payload-modification/network_map.txt
[2025-08-12 19:39:53] [INFO] Loaded base topology with 6 source brokers.
[2025-08-12 19:39:53] [INFO] Processing trust store for B0...
[2025-08-12 19:39:53] [INFO] Processing trust store for B1...
[2025-08-12 19:39:53] [DEBUG]   - Updated link B0->B1 with trust 0.500 (r=0, s=0)
[2025-08-12 19:39:53] [INFO] Processing trust store for B2...
[2025-08-12 19:39:53] [DEBUG]   - Updated link B0->B2 with trust 0.500 (r=0, s=0)
[2025-08-12 19:39:53] [INFO] Processing trust store for B3...
[2025-08-12 19:39:53] [DEBUG]   - Updated link B1->B3 with trust 0.500 (r=0, s=0)
[2025-08-12 19:39:53] [INFO] Processing trust store for B4...
[2025-08-12 19:39:53] [DEBUG]   - Updated link B1->B4 with trust 0.974 (r=36, s=0)
[2025-08-12 19:39:53] [DEBUG]   - Updated link B2->B4 with trust 0.974 (r=36, s=0)
[2025-08-12 19:39:53] [INFO] Processing trust store for B5...
[2025-08-12 19:39:53] [DEBUG]   - Updated link B2->B5 with trust 0.500 (r=0, s=0)
[2025-08-12 19:39:53] [INFO] Processing trust store for B6...
[2025-08-12 19:39:53] [DEBUG]   - Updated link B4->B6 with trust 0.500 (r=0, s=0)
[2025-08-12 19:39:53] [DEBUG]   - Updated link B5->B6 with trust 0.500 (r=0, s=0)
[2025-08-12 19:39:53] [INFO] Processing trust store for B7...
[2025-08-12 19:39:53] [DEBUG]   - Updated link B6->B7 with trust 0.500 (r=0, s=0)
[2025-08-12 19:39:53] [INFO] Writing new authoritative network map to /home/dhruv/winshare/Neighbour_Signer_Model/mosquitto/plugins/payload-modification/network_map.txt...
[2025-08-12 19:39:53] [SUCCESS] Aggregation complete. Network map has been updated.
/home/dhruv/winshare/Neighbour_Signer_Model/mosquitto/plugins/payload-modification/aggregator.py:94: DeprecationWarning: datetime.datetime.utcnow() is deprecated and scheduled for removal in a future version. Use timezone-aware objects to represent datetimes in UTC: datetime.datetime.now(datetime.UTC).
  timestamp = datetime.utcnow().strftime("%Y-%m-%d %H:%M:%S UTC")
[2025-08-12 19:40:08] [INFO] Starting trust map aggregation process...
[2025-08-12 19:40:08] [DEBUG] Reading base topology from: /home/dhruv/winshare/Neighbour_Signer_Model/mosquitto/plugins/payload-modification/network_map.txt
[2025-08-12 19:40:08] [INFO] Loaded base topology with 6 source brokers.
[2025-08-12 19:40:08] [INFO] Processing trust store for B0...
[2025-08-12 19:40:08] [INFO] Processing trust store for B1...
[2025-08-12 19:40:08] [DEBUG]   - Updated link B0->B1 with trust 0.500 (r=0, s=0)
[2025-08-12 19:40:08] [INFO] Processing trust store for B2...
[2025-08-12 19:40:08] [DEBUG]   - Updated link B0->B2 with trust 0.500 (r=0, s=0)
[2025-08-12 19:40:08] [INFO] Processing trust store for B3...
[2025-08-12 19:40:08] [DEBUG]   - Updated link B1->B3 with trust 0.500 (r=0, s=0)
[2025-08-12 19:40:08] [INFO] Processing trust store for B4...
[2025-08-12 19:40:08] [DEBUG]   - Updated link B1->B4 with trust 0.974 (r=37, s=0)
[2025-08-12 19:40:08] [DEBUG]   - Updated link B2->B4 with trust 0.974 (r=37, s=0)
[2025-08-12 19:40:08] [INFO] Processing trust store for B5...
[2025-08-12 19:40:08] [DEBUG]   - Updated link B2->B5 with trust 0.500 (r=0, s=0)
[2025-08-12 19:40:08] [INFO] Processing trust store for B6...
[2025-08-12 19:40:08] [DEBUG]   - Updated link B4->B6 with trust 0.500 (r=0, s=0)
[2025-08-12 19:40:08] [DEBUG]   - Updated link B5->B6 with trust 0.500 (r=0, s=0)
[2025-08-12 19:40:08] [INFO] Processing trust store for B7...
[2025-08-12 19:40:08] [DEBUG]   - Updated link B6->B7 with trust 0.500 (r=0, s=0)
[2025-08-12 19:40:08] [INFO] Writing new authoritative network map to /home/dhruv/winshare/Neighbour_Signer_Model/mosquitto/plugins/payload-modification/network_map.txt...
[2025-08-12 19:40:08] [SUCCESS] Aggregation complete. Network map has been updated.
/home/dhruv/winshare/Neighbour_Signer_Model/mosquitto/plugins/payload-modification/aggregator.py:94: DeprecationWarning: datetime.datetime.utcnow() is deprecated and scheduled for removal in a future version. Use timezone-aware objects to represent datetimes in UTC: datetime.datetime.now(datetime.UTC).
  timestamp = datetime.utcnow().strftime("%Y-%m-%d %H:%M:%S UTC")
[2025-08-12 19:40:23] [INFO] Starting trust map aggregation process...
[2025-08-12 19:40:23] [DEBUG] Reading base topology from: /home/dhruv/winshare/Neighbour_Signer_Model/mosquitto/plugins/payload-modification/network_map.txt
[2025-08-12 19:40:23] [INFO] Loaded base topology with 6 source brokers.
[2025-08-12 19:40:23] [INFO] Processing trust store for B0...
[2025-08-12 19:40:23] [INFO] Processing trust store for B1...
[2025-08-12 19:40:23] [DEBUG]   - Updated link B0->B1 with trust 0.500 (r=0, s=0)
[2025-08-12 19:40:23] [INFO] Processing trust store for B2...
[2025-08-12 19:40:23] [DEBUG]   - Updated link B0->B2 with trust 0.500 (r=0, s=0)
[2025-08-12 19:40:23] [INFO] Processing trust store for B3...
[2025-08-12 19:40:23] [DEBUG]   - Updated link B1->B3 with trust 0.500 (r=0, s=0)
[2025-08-12 19:40:23] [INFO] Processing trust store for B4...
[2025-08-12 19:40:23] [DEBUG]   - Updated link B1->B4 with trust 0.976 (r=39, s=0)
[2025-08-12 19:40:23] [DEBUG]   - Updated link B2->B4 with trust 0.976 (r=39, s=0)
[2025-08-12 19:40:23] [INFO] Processing trust store for B5...
[2025-08-12 19:40:23] [DEBUG]   - Updated link B2->B5 with trust 0.500 (r=0, s=0)
[2025-08-12 19:40:23] [INFO] Processing trust store for B6...
[2025-08-12 19:40:23] [DEBUG]   - Updated link B4->B6 with trust 0.500 (r=0, s=0)
[2025-08-12 19:40:23] [DEBUG]   - Updated link B5->B6 with trust 0.500 (r=0, s=0)
[2025-08-12 19:40:23] [INFO] Processing trust store for B7...
[2025-08-12 19:40:23] [DEBUG]   - Updated link B6->B7 with trust 0.500 (r=0, s=0)
[2025-08-12 19:40:23] [INFO] Writing new authoritative network map to /home/dhruv/winshare/Neighbour_Signer_Model/mosquitto/plugins/payload-modification/network_map.txt...
[2025-08-12 19:40:23] [SUCCESS] Aggregation complete. Network map has been updated.
/home/dhruv/winshare/Neighbour_Signer_Model/mosquitto/plugins/payload-modification/aggregator.py:94: DeprecationWarning: datetime.datetime.utcnow() is deprecated and scheduled for removal in a future version. Use timezone-aware objects to represent datetimes in UTC: datetime.datetime.now(datetime.UTC).
  timestamp = datetime.utcnow().strftime("%Y-%m-%d %H:%M:%S UTC")
[2025-08-12 19:40:38] [INFO] Starting trust map aggregation process...
[2025-08-12 19:40:38] [DEBUG] Reading base topology from: /home/dhruv/winshare/Neighbour_Signer_Model/mosquitto/plugins/payload-modification/network_map.txt
[2025-08-12 19:40:38] [INFO] Loaded base topology with 6 source brokers.
[2025-08-12 19:40:38] [INFO] Processing trust store for B0...
[2025-08-12 19:40:38] [INFO] Processing trust store for B1...
[2025-08-12 19:40:38] [DEBUG]   - Updated link B0->B1 with trust 0.500 (r=0, s=0)
[2025-08-12 19:40:38] [INFO] Processing trust store for B2...
[2025-08-12 19:40:38] [DEBUG]   - Updated link B0->B2 with trust 0.500 (r=0, s=0)
[2025-08-12 19:40:38] [INFO] Processing trust store for B3...
[2025-08-12 19:40:38] [DEBUG]   - Updated link B1->B3 with trust 0.500 (r=0, s=0)
[2025-08-12 19:40:38] [INFO] Processing trust store for B4...
[2025-08-12 19:40:38] [DEBUG]   - Updated link B1->B4 with trust 0.976 (r=40, s=0)
[2025-08-12 19:40:38] [DEBUG]   - Updated link B2->B4 with trust 0.976 (r=40, s=0)
[2025-08-12 19:40:38] [INFO] Processing trust store for B5...
[2025-08-12 19:40:38] [DEBUG]   - Updated link B2->B5 with trust 0.500 (r=0, s=0)
[2025-08-12 19:40:38] [INFO] Processing trust store for B6...
[2025-08-12 19:40:38] [DEBUG]   - Updated link B4->B6 with trust 0.500 (r=0, s=0)
[2025-08-12 19:40:38] [DEBUG]   - Updated link B5->B6 with trust 0.500 (r=0, s=0)
[2025-08-12 19:40:38] [INFO] Processing trust store for B7...
[2025-08-12 19:40:38] [DEBUG]   - Updated link B6->B7 with trust 0.500 (r=0, s=0)
[2025-08-12 19:40:38] [INFO] Writing new authoritative network map to /home/dhruv/winshare/Neighbour_Signer_Model/mosquitto/plugins/payload-modification/network_map.txt...
[2025-08-12 19:40:38] [SUCCESS] Aggregation complete. Network map has been updated.
/home/dhruv/winshare/Neighbour_Signer_Model/mosquitto/plugins/payload-modification/aggregator.py:94: DeprecationWarning: datetime.datetime.utcnow() is deprecated and scheduled for removal in a future version. Use timezone-aware objects to represent datetimes in UTC: datetime.datetime.now(datetime.UTC).
  timestamp = datetime.utcnow().strftime("%Y-%m-%d %H:%M:%S UTC")
[2025-08-12 19:40:53] [INFO] Starting trust map aggregation process...
[2025-08-12 19:40:53] [DEBUG] Reading base topology from: /home/dhruv/winshare/Neighbour_Signer_Model/mosquitto/plugins/payload-modification/network_map.txt
[2025-08-12 19:40:53] [INFO] Loaded base topology with 6 source brokers.
[2025-08-12 19:40:53] [INFO] Processing trust store for B0...
[2025-08-12 19:40:53] [INFO] Processing trust store for B1...
[2025-08-12 19:40:53] [DEBUG]   - Updated link B0->B1 with trust 0.500 (r=0, s=0)
[2025-08-12 19:40:53] [INFO] Processing trust store for B2...
[2025-08-12 19:40:53] [DEBUG]   - Updated link B0->B2 with trust 0.500 (r=0, s=0)
[2025-08-12 19:40:53] [INFO] Processing trust store for B3...
[2025-08-12 19:40:53] [DEBUG]   - Updated link B1->B3 with trust 0.500 (r=0, s=0)
[2025-08-12 19:40:53] [INFO] Processing trust store for B4...
[2025-08-12 19:40:53] [DEBUG]   - Updated link B1->B4 with trust 0.977 (r=41, s=0)
[2025-08-12 19:40:53] [DEBUG]   - Updated link B2->B4 with trust 0.977 (r=41, s=0)
[2025-08-12 19:40:53] [INFO] Processing trust store for B5...
[2025-08-12 19:40:53] [DEBUG]   - Updated link B2->B5 with trust 0.500 (r=0, s=0)
[2025-08-12 19:40:53] [INFO] Processing trust store for B6...
[2025-08-12 19:40:53] [DEBUG]   - Updated link B4->B6 with trust 0.500 (r=0, s=0)
[2025-08-12 19:40:53] [DEBUG]   - Updated link B5->B6 with trust 0.500 (r=0, s=0)
[2025-08-12 19:40:53] [INFO] Processing trust store for B7...
[2025-08-12 19:40:53] [DEBUG]   - Updated link B6->B7 with trust 0.500 (r=0, s=0)
[2025-08-12 19:40:53] [INFO] Writing new authoritative network map to /home/dhruv/winshare/Neighbour_Signer_Model/mosquitto/plugins/payload-modification/network_map.txt...
[2025-08-12 19:40:53] [SUCCESS] Aggregation complete. Network map has been updated.
/home/dhruv/winshare/Neighbour_Signer_Model/mosquitto/plugins/payload-modification/aggregator.py:94: DeprecationWarning: datetime.datetime.utcnow() is deprecated and scheduled for removal in a future version. Use timezone-aware objects to represent datetimes in UTC: datetime.datetime.now(datetime.UTC).
  timestamp = datetime.utcnow().strftime("%Y-%m-%d %H:%M:%S UTC")
[2025-08-12 19:41:08] [INFO] Starting trust map aggregation process...
[2025-08-12 19:41:08] [DEBUG] Reading base topology from: /home/dhruv/winshare/Neighbour_Signer_Model/mosquitto/plugins/payload-modification/network_map.txt
[2025-08-12 19:41:08] [INFO] Loaded base topology with 6 source brokers.
[2025-08-12 19:41:08] [INFO] Processing trust store for B0...
[2025-08-12 19:41:08] [INFO] Processing trust store for B1...
[2025-08-12 19:41:08] [DEBUG]   - Updated link B0->B1 with trust 0.500 (r=0, s=0)
[2025-08-12 19:41:08] [INFO] Processing trust store for B2...
[2025-08-12 19:41:08] [DEBUG]   - Updated link B0->B2 with trust 0.500 (r=0, s=0)
[2025-08-12 19:41:08] [INFO] Processing trust store for B3...
[2025-08-12 19:41:08] [DEBUG]   - Updated link B1->B3 with trust 0.500 (r=0, s=0)
[2025-08-12 19:41:08] [INFO] Processing trust store for B4...
[2025-08-12 19:41:08] [DEBUG]   - Updated link B1->B4 with trust 0.978 (r=43, s=0)
[2025-08-12 19:41:08] [DEBUG]   - Updated link B2->B4 with trust 0.978 (r=43, s=0)
[2025-08-12 19:41:08] [INFO] Processing trust store for B5...
[2025-08-12 19:41:08] [DEBUG]   - Updated link B2->B5 with trust 0.500 (r=0, s=0)
[2025-08-12 19:41:08] [INFO] Processing trust store for B6...
[2025-08-12 19:41:08] [DEBUG]   - Updated link B4->B6 with trust 0.500 (r=0, s=0)
[2025-08-12 19:41:08] [DEBUG]   - Updated link B5->B6 with trust 0.500 (r=0, s=0)
[2025-08-12 19:41:08] [INFO] Processing trust store for B7...
[2025-08-12 19:41:08] [DEBUG]   - Updated link B6->B7 with trust 0.500 (r=0, s=0)
[2025-08-12 19:41:08] [INFO] Writing new authoritative network map to /home/dhruv/winshare/Neighbour_Signer_Model/mosquitto/plugins/payload-modification/network_map.txt...
[2025-08-12 19:41:08] [SUCCESS] Aggregation complete. Network map has been updated.
/home/dhruv/winshare/Neighbour_Signer_Model/mosquitto/plugins/payload-modification/aggregator.py:94: DeprecationWarning: datetime.datetime.utcnow() is deprecated and scheduled for removal in a future version. Use timezone-aware objects to represent datetimes in UTC: datetime.datetime.now(datetime.UTC).
  timestamp = datetime.utcnow().strftime("%Y-%m-%d %H:%M:%S UTC")
[2025-08-12 19:41:23] [INFO] Starting trust map aggregation process...
[2025-08-12 19:41:23] [DEBUG] Reading base topology from: /home/dhruv/winshare/Neighbour_Signer_Model/mosquitto/plugins/payload-modification/network_map.txt
[2025-08-12 19:41:23] [INFO] Loaded base topology with 6 source brokers.
[2025-08-12 19:41:23] [INFO] Processing trust store for B0...
[2025-08-12 19:41:23] [INFO] Processing trust store for B1...
[2025-08-12 19:41:23] [DEBUG]   - Updated link B0->B1 with trust 0.500 (r=0, s=0)
[2025-08-12 19:41:23] [INFO] Processing trust store for B2...
[2025-08-12 19:41:23] [DEBUG]   - Updated link B0->B2 with trust 0.500 (r=0, s=0)
[2025-08-12 19:41:23] [INFO] Processing trust store for B3...
[2025-08-12 19:41:23] [DEBUG]   - Updated link B1->B3 with trust 0.500 (r=0, s=0)
[2025-08-12 19:41:23] [INFO] Processing trust store for B4...
[2025-08-12 19:41:23] [DEBUG]   - Updated link B1->B4 with trust 0.978 (r=44, s=0)
[2025-08-12 19:41:23] [DEBUG]   - Updated link B2->B4 with trust 0.978 (r=44, s=0)
[2025-08-12 19:41:23] [INFO] Processing trust store for B5...
[2025-08-12 19:41:23] [DEBUG]   - Updated link B2->B5 with trust 0.500 (r=0, s=0)
[2025-08-12 19:41:23] [INFO] Processing trust store for B6...
[2025-08-12 19:41:23] [DEBUG]   - Updated link B4->B6 with trust 0.500 (r=0, s=0)
[2025-08-12 19:41:23] [DEBUG]   - Updated link B5->B6 with trust 0.500 (r=0, s=0)
[2025-08-12 19:41:23] [INFO] Processing trust store for B7...
[2025-08-12 19:41:23] [DEBUG]   - Updated link B6->B7 with trust 0.500 (r=0, s=0)
[2025-08-12 19:41:23] [INFO] Writing new authoritative network map to /home/dhruv/winshare/Neighbour_Signer_Model/mosquitto/plugins/payload-modification/network_map.txt...
[2025-08-12 19:41:23] [SUCCESS] Aggregation complete. Network map has been updated.
/home/dhruv/winshare/Neighbour_Signer_Model/mosquitto/plugins/payload-modification/aggregator.py:94: DeprecationWarning: datetime.datetime.utcnow() is deprecated and scheduled for removal in a future version. Use timezone-aware objects to represent datetimes in UTC: datetime.datetime.now(datetime.UTC).
  timestamp = datetime.utcnow().strftime("%Y-%m-%d %H:%M:%S UTC")
[2025-08-12 19:41:38] [INFO] Starting trust map aggregation process...
[2025-08-12 19:41:38] [DEBUG] Reading base topology from: /home/dhruv/winshare/Neighbour_Signer_Model/mosquitto/plugins/payload-modification/network_map.txt
[2025-08-12 19:41:38] [INFO] Loaded base topology with 6 source brokers.
[2025-08-12 19:41:38] [INFO] Processing trust store for B0...
[2025-08-12 19:41:38] [INFO] Processing trust store for B1...
[2025-08-12 19:41:38] [DEBUG]   - Updated link B0->B1 with trust 0.500 (r=0, s=0)
[2025-08-12 19:41:38] [INFO] Processing trust store for B2...
[2025-08-12 19:41:38] [DEBUG]   - Updated link B0->B2 with trust 0.500 (r=0, s=0)
[2025-08-12 19:41:38] [INFO] Processing trust store for B3...
[2025-08-12 19:41:38] [DEBUG]   - Updated link B1->B3 with trust 0.500 (r=0, s=0)
[2025-08-12 19:41:38] [INFO] Processing trust store for B4...
[2025-08-12 19:41:38] [DEBUG]   - Updated link B1->B4 with trust 0.979 (r=45, s=0)
[2025-08-12 19:41:38] [DEBUG]   - Updated link B2->B4 with trust 0.979 (r=45, s=0)
[2025-08-12 19:41:38] [INFO] Processing trust store for B5...
[2025-08-12 19:41:38] [DEBUG]   - Updated link B2->B5 with trust 0.500 (r=0, s=0)
[2025-08-12 19:41:38] [INFO] Processing trust store for B6...
[2025-08-12 19:41:38] [DEBUG]   - Updated link B4->B6 with trust 0.500 (r=0, s=0)
[2025-08-12 19:41:38] [DEBUG]   - Updated link B5->B6 with trust 0.500 (r=0, s=0)
[2025-08-12 19:41:38] [INFO] Processing trust store for B7...
[2025-08-12 19:41:38] [DEBUG]   - Updated link B6->B7 with trust 0.500 (r=0, s=0)
[2025-08-12 19:41:38] [INFO] Writing new authoritative network map to /home/dhruv/winshare/Neighbour_Signer_Model/mosquitto/plugins/payload-modification/network_map.txt...
[2025-08-12 19:41:38] [SUCCESS] Aggregation complete. Network map has been updated.
/home/dhruv/winshare/Neighbour_Signer_Model/mosquitto/plugins/payload-modification/aggregator.py:94: DeprecationWarning: datetime.datetime.utcnow() is deprecated and scheduled for removal in a future version. Use timezone-aware objects to represent datetimes in UTC: datetime.datetime.now(datetime.UTC).
  timestamp = datetime.utcnow().strftime("%Y-%m-%d %H:%M:%S UTC")
[2025-08-12 19:41:54] [INFO] Starting trust map aggregation process...
[2025-08-12 19:41:54] [DEBUG] Reading base topology from: /home/dhruv/winshare/Neighbour_Signer_Model/mosquitto/plugins/payload-modification/network_map.txt
[2025-08-12 19:41:54] [INFO] Loaded base topology with 6 source brokers.
[2025-08-12 19:41:54] [INFO] Processing trust store for B0...
[2025-08-12 19:41:54] [INFO] Processing trust store for B1...
[2025-08-12 19:41:54] [DEBUG]   - Updated link B0->B1 with trust 0.500 (r=0, s=0)
[2025-08-12 19:41:54] [INFO] Processing trust store for B2...
[2025-08-12 19:41:54] [DEBUG]   - Updated link B0->B2 with trust 0.500 (r=0, s=0)
[2025-08-12 19:41:54] [INFO] Processing trust store for B3...
[2025-08-12 19:41:54] [DEBUG]   - Updated link B1->B3 with trust 0.500 (r=0, s=0)
[2025-08-12 19:41:54] [INFO] Processing trust store for B4...
[2025-08-12 19:41:54] [DEBUG]   - Updated link B1->B4 with trust 0.980 (r=47, s=0)
[2025-08-12 19:41:54] [DEBUG]   - Updated link B2->B4 with trust 0.980 (r=47, s=0)
[2025-08-12 19:41:54] [INFO] Processing trust store for B5...
[2025-08-12 19:41:54] [DEBUG]   - Updated link B2->B5 with trust 0.500 (r=0, s=0)
[2025-08-12 19:41:54] [INFO] Processing trust store for B6...
[2025-08-12 19:41:54] [DEBUG]   - Updated link B4->B6 with trust 0.500 (r=0, s=0)
[2025-08-12 19:41:54] [DEBUG]   - Updated link B5->B6 with trust 0.500 (r=0, s=0)
[2025-08-12 19:41:54] [INFO] Processing trust store for B7...
[2025-08-12 19:41:54] [DEBUG]   - Updated link B6->B7 with trust 0.500 (r=0, s=0)
[2025-08-12 19:41:54] [INFO] Writing new authoritative network map to /home/dhruv/winshare/Neighbour_Signer_Model/mosquitto/plugins/payload-modification/network_map.txt...
[2025-08-12 19:41:54] [SUCCESS] Aggregation complete. Network map has been updated.
/home/dhruv/winshare/Neighbour_Signer_Model/mosquitto/plugins/payload-modification/aggregator.py:94: DeprecationWarning: datetime.datetime.utcnow() is deprecated and scheduled for removal in a future version. Use timezone-aware objects to represent datetimes in UTC: datetime.datetime.now(datetime.UTC).
  timestamp = datetime.utcnow().strftime("%Y-%m-%d %H:%M:%S UTC")
[2025-08-12 19:42:09] [INFO] Starting trust map aggregation process...
[2025-08-12 19:42:09] [DEBUG] Reading base topology from: /home/dhruv/winshare/Neighbour_Signer_Model/mosquitto/plugins/payload-modification/network_map.txt
[2025-08-12 19:42:09] [INFO] Loaded base topology with 6 source brokers.
[2025-08-12 19:42:09] [INFO] Processing trust store for B0...
[2025-08-12 19:42:09] [INFO] Processing trust store for B1...
[2025-08-12 19:42:09] [DEBUG]   - Updated link B0->B1 with trust 0.500 (r=0, s=0)
[2025-08-12 19:42:09] [INFO] Processing trust store for B2...
[2025-08-12 19:42:09] [DEBUG]   - Updated link B0->B2 with trust 0.500 (r=0, s=0)
[2025-08-12 19:42:09] [INFO] Processing trust store for B3...
[2025-08-12 19:42:09] [DEBUG]   - Updated link B1->B3 with trust 0.500 (r=0, s=0)
[2025-08-12 19:42:09] [INFO] Processing trust store for B4...
[2025-08-12 19:42:09] [DEBUG]   - Updated link B1->B4 with trust 0.980 (r=48, s=0)
[2025-08-12 19:42:09] [DEBUG]   - Updated link B2->B4 with trust 0.980 (r=48, s=0)
[2025-08-12 19:42:09] [INFO] Processing trust store for B5...
[2025-08-12 19:42:09] [DEBUG]   - Updated link B2->B5 with trust 0.500 (r=0, s=0)
[2025-08-12 19:42:09] [INFO] Processing trust store for B6...
[2025-08-12 19:42:09] [DEBUG]   - Updated link B4->B6 with trust 0.500 (r=0, s=0)
[2025-08-12 19:42:09] [DEBUG]   - Updated link B5->B6 with trust 0.500 (r=0, s=0)
[2025-08-12 19:42:09] [INFO] Processing trust store for B7...
[2025-08-12 19:42:09] [DEBUG]   - Updated link B6->B7 with trust 0.500 (r=0, s=0)
[2025-08-12 19:42:09] [INFO] Writing new authoritative network map to /home/dhruv/winshare/Neighbour_Signer_Model/mosquitto/plugins/payload-modification/network_map.txt...
[2025-08-12 19:42:09] [SUCCESS] Aggregation complete. Network map has been updated.
/home/dhruv/winshare/Neighbour_Signer_Model/mosquitto/plugins/payload-modification/aggregator.py:94: DeprecationWarning: datetime.datetime.utcnow() is deprecated and scheduled for removal in a future version. Use timezone-aware objects to represent datetimes in UTC: datetime.datetime.now(datetime.UTC).
  timestamp = datetime.utcnow().strftime("%Y-%m-%d %H:%M:%S UTC")
[2025-08-12 19:42:24] [INFO] Starting trust map aggregation process...
[2025-08-12 19:42:24] [DEBUG] Reading base topology from: /home/dhruv/winshare/Neighbour_Signer_Model/mosquitto/plugins/payload-modification/network_map.txt
[2025-08-12 19:42:24] [INFO] Loaded base topology with 6 source brokers.
[2025-08-12 19:42:24] [INFO] Processing trust store for B0...
[2025-08-12 19:42:24] [INFO] Processing trust store for B1...
[2025-08-12 19:42:24] [DEBUG]   - Updated link B0->B1 with trust 0.500 (r=0, s=0)
[2025-08-12 19:42:24] [INFO] Processing trust store for B2...
[2025-08-12 19:42:24] [DEBUG]   - Updated link B0->B2 with trust 0.500 (r=0, s=0)
[2025-08-12 19:42:24] [INFO] Processing trust store for B3...
[2025-08-12 19:42:24] [DEBUG]   - Updated link B1->B3 with trust 0.500 (r=0, s=0)
[2025-08-12 19:42:24] [INFO] Processing trust store for B4...
[2025-08-12 19:42:24] [DEBUG]   - Updated link B1->B4 with trust 0.981 (r=50, s=0)
[2025-08-12 19:42:24] [DEBUG]   - Updated link B2->B4 with trust 0.981 (r=50, s=0)
[2025-08-12 19:42:24] [INFO] Processing trust store for B5...
[2025-08-12 19:42:24] [DEBUG]   - Updated link B2->B5 with trust 0.500 (r=0, s=0)
[2025-08-12 19:42:24] [INFO] Processing trust store for B6...
[2025-08-12 19:42:24] [DEBUG]   - Updated link B4->B6 with trust 0.500 (r=0, s=0)
[2025-08-12 19:42:24] [DEBUG]   - Updated link B5->B6 with trust 0.500 (r=0, s=0)
[2025-08-12 19:42:24] [INFO] Processing trust store for B7...
[2025-08-12 19:42:24] [DEBUG]   - Updated link B6->B7 with trust 0.500 (r=0, s=0)
[2025-08-12 19:42:24] [INFO] Writing new authoritative network map to /home/dhruv/winshare/Neighbour_Signer_Model/mosquitto/plugins/payload-modification/network_map.txt...
[2025-08-12 19:42:24] [SUCCESS] Aggregation complete. Network map has been updated.
/home/dhruv/winshare/Neighbour_Signer_Model/mosquitto/plugins/payload-modification/aggregator.py:94: DeprecationWarning: datetime.datetime.utcnow() is deprecated and scheduled for removal in a future version. Use timezone-aware objects to represent datetimes in UTC: datetime.datetime.now(datetime.UTC).
  timestamp = datetime.utcnow().strftime("%Y-%m-%d %H:%M:%S UTC")
[2025-08-12 19:42:39] [INFO] Starting trust map aggregation process...
[2025-08-12 19:42:39] [DEBUG] Reading base topology from: /home/dhruv/winshare/Neighbour_Signer_Model/mosquitto/plugins/payload-modification/network_map.txt
[2025-08-12 19:42:39] [INFO] Loaded base topology with 6 source brokers.
[2025-08-12 19:42:39] [INFO] Processing trust store for B0...
[2025-08-12 19:42:39] [INFO] Processing trust store for B1...
[2025-08-12 19:42:39] [DEBUG]   - Updated link B0->B1 with trust 0.500 (r=0, s=0)
[2025-08-12 19:42:39] [INFO] Processing trust store for B2...
[2025-08-12 19:42:39] [DEBUG]   - Updated link B0->B2 with trust 0.500 (r=0, s=0)
[2025-08-12 19:42:39] [INFO] Processing trust store for B3...
[2025-08-12 19:42:39] [DEBUG]   - Updated link B1->B3 with trust 0.500 (r=0, s=0)
[2025-08-12 19:42:39] [INFO] Processing trust store for B4...
[2025-08-12 19:42:39] [DEBUG]   - Updated link B1->B4 with trust 0.981 (r=51, s=0)
[2025-08-12 19:42:39] [DEBUG]   - Updated link B2->B4 with trust 0.981 (r=51, s=0)
[2025-08-12 19:42:39] [INFO] Processing trust store for B5...
[2025-08-12 19:42:39] [DEBUG]   - Updated link B2->B5 with trust 0.500 (r=0, s=0)
[2025-08-12 19:42:39] [INFO] Processing trust store for B6...
[2025-08-12 19:42:39] [DEBUG]   - Updated link B4->B6 with trust 0.500 (r=0, s=0)
[2025-08-12 19:42:39] [DEBUG]   - Updated link B5->B6 with trust 0.500 (r=0, s=0)
[2025-08-12 19:42:39] [INFO] Processing trust store for B7...
[2025-08-12 19:42:39] [DEBUG]   - Updated link B6->B7 with trust 0.500 (r=0, s=0)
[2025-08-12 19:42:39] [INFO] Writing new authoritative network map to /home/dhruv/winshare/Neighbour_Signer_Model/mosquitto/plugins/payload-modification/network_map.txt...
[2025-08-12 19:42:39] [SUCCESS] Aggregation complete. Network map has been updated.
/home/dhruv/winshare/Neighbour_Signer_Model/mosquitto/plugins/payload-modification/aggregator.py:94: DeprecationWarning: datetime.datetime.utcnow() is deprecated and scheduled for removal in a future version. Use timezone-aware objects to represent datetimes in UTC: datetime.datetime.now(datetime.UTC).
  timestamp = datetime.utcnow().strftime("%Y-%m-%d %H:%M:%S UTC")
[2025-08-12 19:42:54] [INFO] Starting trust map aggregation process...
[2025-08-12 19:42:54] [DEBUG] Reading base topology from: /home/dhruv/winshare/Neighbour_Signer_Model/mosquitto/plugins/payload-modification/network_map.txt
[2025-08-12 19:42:54] [INFO] Loaded base topology with 6 source brokers.
[2025-08-12 19:42:54] [INFO] Processing trust store for B0...
[2025-08-12 19:42:54] [INFO] Processing trust store for B1...
[2025-08-12 19:42:54] [DEBUG]   - Updated link B0->B1 with trust 0.500 (r=0, s=0)
[2025-08-12 19:42:54] [INFO] Processing trust store for B2...
[2025-08-12 19:42:54] [DEBUG]   - Updated link B0->B2 with trust 0.500 (r=0, s=0)
[2025-08-12 19:42:54] [INFO] Processing trust store for B3...
[2025-08-12 19:42:54] [DEBUG]   - Updated link B1->B3 with trust 0.500 (r=0, s=0)
[2025-08-12 19:42:54] [INFO] Processing trust store for B4...
[2025-08-12 19:42:54] [DEBUG]   - Updated link B1->B4 with trust 0.981 (r=52, s=0)
[2025-08-12 19:42:54] [DEBUG]   - Updated link B2->B4 with trust 0.981 (r=52, s=0)
[2025-08-12 19:42:54] [INFO] Processing trust store for B5...
[2025-08-12 19:42:54] [DEBUG]   - Updated link B2->B5 with trust 0.500 (r=0, s=0)
[2025-08-12 19:42:54] [INFO] Processing trust store for B6...
[2025-08-12 19:42:54] [DEBUG]   - Updated link B4->B6 with trust 0.500 (r=0, s=0)
[2025-08-12 19:42:54] [DEBUG]   - Updated link B5->B6 with trust 0.500 (r=0, s=0)
[2025-08-12 19:42:54] [INFO] Processing trust store for B7...
[2025-08-12 19:42:54] [DEBUG]   - Updated link B6->B7 with trust 0.500 (r=0, s=0)
[2025-08-12 19:42:54] [INFO] Writing new authoritative network map to /home/dhruv/winshare/Neighbour_Signer_Model/mosquitto/plugins/payload-modification/network_map.txt...
[2025-08-12 19:42:54] [SUCCESS] Aggregation complete. Network map has been updated.
/home/dhruv/winshare/Neighbour_Signer_Model/mosquitto/plugins/payload-modification/aggregator.py:94: DeprecationWarning: datetime.datetime.utcnow() is deprecated and scheduled for removal in a future version. Use timezone-aware objects to represent datetimes in UTC: datetime.datetime.now(datetime.UTC).
  timestamp = datetime.utcnow().strftime("%Y-%m-%d %H:%M:%S UTC")
[2025-08-12 19:43:09] [INFO] Starting trust map aggregation process...
[2025-08-12 19:43:09] [DEBUG] Reading base topology from: /home/dhruv/winshare/Neighbour_Signer_Model/mosquitto/plugins/payload-modification/network_map.txt
[2025-08-12 19:43:09] [INFO] Loaded base topology with 6 source brokers.
[2025-08-12 19:43:09] [INFO] Processing trust store for B0...
[2025-08-12 19:43:09] [INFO] Processing trust store for B1...
[2025-08-12 19:43:09] [DEBUG]   - Updated link B0->B1 with trust 0.500 (r=0, s=0)
[2025-08-12 19:43:09] [INFO] Processing trust store for B2...
[2025-08-12 19:43:09] [DEBUG]   - Updated link B0->B2 with trust 0.500 (r=0, s=0)
[2025-08-12 19:43:09] [INFO] Processing trust store for B3...
[2025-08-12 19:43:09] [DEBUG]   - Updated link B1->B3 with trust 0.500 (r=0, s=0)
[2025-08-12 19:43:09] [INFO] Processing trust store for B4...
[2025-08-12 19:43:09] [DEBUG]   - Updated link B1->B4 with trust 0.981 (r=52, s=0)
[2025-08-12 19:43:09] [DEBUG]   - Updated link B2->B4 with trust 0.981 (r=52, s=0)
[2025-08-12 19:43:09] [INFO] Processing trust store for B5...
[2025-08-12 19:43:09] [DEBUG]   - Updated link B2->B5 with trust 0.500 (r=0, s=0)
[2025-08-12 19:43:09] [INFO] Processing trust store for B6...
[2025-08-12 19:43:09] [DEBUG]   - Updated link B4->B6 with trust 0.500 (r=0, s=0)
[2025-08-12 19:43:09] [DEBUG]   - Updated link B5->B6 with trust 0.500 (r=0, s=0)
[2025-08-12 19:43:09] [INFO] Processing trust store for B7...
[2025-08-12 19:43:09] [DEBUG]   - Updated link B6->B7 with trust 0.500 (r=0, s=0)
[2025-08-12 19:43:09] [INFO] Writing new authoritative network map to /home/dhruv/winshare/Neighbour_Signer_Model/mosquitto/plugins/payload-modification/network_map.txt...
[2025-08-12 19:43:09] [SUCCESS] Aggregation complete. Network map has been updated.
/home/dhruv/winshare/Neighbour_Signer_Model/mosquitto/plugins/payload-modification/aggregator.py:94: DeprecationWarning: datetime.datetime.utcnow() is deprecated and scheduled for removal in a future version. Use timezone-aware objects to represent datetimes in UTC: datetime.datetime.now(datetime.UTC).
  timestamp = datetime.utcnow().strftime("%Y-%m-%d %H:%M:%S UTC")
[2025-08-12 19:43:25] [INFO] Starting trust map aggregation process...
[2025-08-12 19:43:25] [DEBUG] Reading base topology from: /home/dhruv/winshare/Neighbour_Signer_Model/mosquitto/plugins/payload-modification/network_map.txt
[2025-08-12 19:43:25] [INFO] Loaded base topology with 6 source brokers.
[2025-08-12 19:43:25] [INFO] Processing trust store for B0...
[2025-08-12 19:43:25] [INFO] Processing trust store for B1...
[2025-08-12 19:43:25] [DEBUG]   - Updated link B0->B1 with trust 0.500 (r=0, s=0)
[2025-08-12 19:43:25] [INFO] Processing trust store for B2...
[2025-08-12 19:43:25] [DEBUG]   - Updated link B0->B2 with trust 0.500 (r=0, s=0)
[2025-08-12 19:43:25] [INFO] Processing trust store for B3...
[2025-08-12 19:43:25] [DEBUG]   - Updated link B1->B3 with trust 0.500 (r=0, s=0)
[2025-08-12 19:43:25] [INFO] Processing trust store for B4...
[2025-08-12 19:43:25] [DEBUG]   - Updated link B1->B4 with trust 0.982 (r=53, s=0)
[2025-08-12 19:43:25] [DEBUG]   - Updated link B2->B4 with trust 0.982 (r=53, s=0)
[2025-08-12 19:43:25] [INFO] Processing trust store for B5...
[2025-08-12 19:43:25] [DEBUG]   - Updated link B2->B5 with trust 0.500 (r=0, s=0)
[2025-08-12 19:43:25] [INFO] Processing trust store for B6...
[2025-08-12 19:43:25] [DEBUG]   - Updated link B4->B6 with trust 0.500 (r=0, s=0)
[2025-08-12 19:43:25] [DEBUG]   - Updated link B5->B6 with trust 0.500 (r=0, s=0)
[2025-08-12 19:43:25] [INFO] Processing trust store for B7...
[2025-08-12 19:43:25] [DEBUG]   - Updated link B6->B7 with trust 0.500 (r=0, s=0)
[2025-08-12 19:43:25] [INFO] Writing new authoritative network map to /home/dhruv/winshare/Neighbour_Signer_Model/mosquitto/plugins/payload-modification/network_map.txt...
[2025-08-12 19:43:25] [SUCCESS] Aggregation complete. Network map has been updated.
/home/dhruv/winshare/Neighbour_Signer_Model/mosquitto/plugins/payload-modification/aggregator.py:94: DeprecationWarning: datetime.datetime.utcnow() is deprecated and scheduled for removal in a future version. Use timezone-aware objects to represent datetimes in UTC: datetime.datetime.now(datetime.UTC).
  timestamp = datetime.utcnow().strftime("%Y-%m-%d %H:%M:%S UTC")
[2025-08-12 19:43:41] [INFO] Starting trust map aggregation process...
[2025-08-12 19:43:41] [DEBUG] Reading base topology from: /home/dhruv/winshare/Neighbour_Signer_Model/mosquitto/plugins/payload-modification/network_map.txt
[2025-08-12 19:43:41] [INFO] Loaded base topology with 6 source brokers.
[2025-08-12 19:43:41] [INFO] Processing trust store for B0...
[2025-08-12 19:43:41] [INFO] Processing trust store for B1...
[2025-08-12 19:43:41] [DEBUG]   - Updated link B0->B1 with trust 0.500 (r=0, s=0)
[2025-08-12 19:43:41] [INFO] Processing trust store for B2...
[2025-08-12 19:43:41] [DEBUG]   - Updated link B0->B2 with trust 0.500 (r=0, s=0)
[2025-08-12 19:43:41] [INFO] Processing trust store for B3...
[2025-08-12 19:43:41] [DEBUG]   - Updated link B1->B3 with trust 0.500 (r=0, s=0)
[2025-08-12 19:43:41] [INFO] Processing trust store for B4...
[2025-08-12 19:43:41] [DEBUG]   - Updated link B1->B4 with trust 0.982 (r=55, s=0)
[2025-08-12 19:43:41] [DEBUG]   - Updated link B2->B4 with trust 0.982 (r=55, s=0)
[2025-08-12 19:43:41] [INFO] Processing trust store for B5...
[2025-08-12 19:43:41] [DEBUG]   - Updated link B2->B5 with trust 0.500 (r=0, s=0)
[2025-08-12 19:43:41] [INFO] Processing trust store for B6...
[2025-08-12 19:43:41] [DEBUG]   - Updated link B4->B6 with trust 0.500 (r=0, s=0)
[2025-08-12 19:43:41] [DEBUG]   - Updated link B5->B6 with trust 0.500 (r=0, s=0)
[2025-08-12 19:43:41] [INFO] Processing trust store for B7...
[2025-08-12 19:43:41] [DEBUG]   - Updated link B6->B7 with trust 0.500 (r=0, s=0)
[2025-08-12 19:43:41] [INFO] Writing new authoritative network map to /home/dhruv/winshare/Neighbour_Signer_Model/mosquitto/plugins/payload-modification/network_map.txt...
[2025-08-12 19:43:41] [SUCCESS] Aggregation complete. Network map has been updated.
/home/dhruv/winshare/Neighbour_Signer_Model/mosquitto/plugins/payload-modification/aggregator.py:94: DeprecationWarning: datetime.datetime.utcnow() is deprecated and scheduled for removal in a future version. Use timezone-aware objects to represent datetimes in UTC: datetime.datetime.now(datetime.UTC).
  timestamp = datetime.utcnow().strftime("%Y-%m-%d %H:%M:%S UTC")
[2025-08-12 19:43:56] [INFO] Starting trust map aggregation process...
[2025-08-12 19:43:56] [DEBUG] Reading base topology from: /home/dhruv/winshare/Neighbour_Signer_Model/mosquitto/plugins/payload-modification/network_map.txt
[2025-08-12 19:43:56] [INFO] Loaded base topology with 6 source brokers.
[2025-08-12 19:43:56] [INFO] Processing trust store for B0...
[2025-08-12 19:43:56] [INFO] Processing trust store for B1...
[2025-08-12 19:43:56] [DEBUG]   - Updated link B0->B1 with trust 0.500 (r=0, s=0)
[2025-08-12 19:43:56] [INFO] Processing trust store for B2...
[2025-08-12 19:43:56] [DEBUG]   - Updated link B0->B2 with trust 0.500 (r=0, s=0)
[2025-08-12 19:43:56] [INFO] Processing trust store for B3...
[2025-08-12 19:43:56] [DEBUG]   - Updated link B1->B3 with trust 0.500 (r=0, s=0)
[2025-08-12 19:43:56] [INFO] Processing trust store for B4...
[2025-08-12 19:43:56] [DEBUG]   - Updated link B1->B4 with trust 0.983 (r=56, s=0)
[2025-08-12 19:43:56] [DEBUG]   - Updated link B2->B4 with trust 0.983 (r=56, s=0)
[2025-08-12 19:43:56] [INFO] Processing trust store for B5...
[2025-08-12 19:43:56] [DEBUG]   - Updated link B2->B5 with trust 0.500 (r=0, s=0)
[2025-08-12 19:43:56] [INFO] Processing trust store for B6...
[2025-08-12 19:43:56] [DEBUG]   - Updated link B4->B6 with trust 0.500 (r=0, s=0)
[2025-08-12 19:43:56] [DEBUG]   - Updated link B5->B6 with trust 0.500 (r=0, s=0)
[2025-08-12 19:43:56] [INFO] Processing trust store for B7...
[2025-08-12 19:43:56] [DEBUG]   - Updated link B6->B7 with trust 0.500 (r=0, s=0)
[2025-08-12 19:43:56] [INFO] Writing new authoritative network map to /home/dhruv/winshare/Neighbour_Signer_Model/mosquitto/plugins/payload-modification/network_map.txt...
[2025-08-12 19:43:56] [SUCCESS] Aggregation complete. Network map has been updated.
/home/dhruv/winshare/Neighbour_Signer_Model/mosquitto/plugins/payload-modification/aggregator.py:94: DeprecationWarning: datetime.datetime.utcnow() is deprecated and scheduled for removal in a future version. Use timezone-aware objects to represent datetimes in UTC: datetime.datetime.now(datetime.UTC).
  timestamp = datetime.utcnow().strftime("%Y-%m-%d %H:%M:%S UTC")
[2025-08-12 19:44:11] [INFO] Starting trust map aggregation process...
[2025-08-12 19:44:11] [DEBUG] Reading base topology from: /home/dhruv/winshare/Neighbour_Signer_Model/mosquitto/plugins/payload-modification/network_map.txt
[2025-08-12 19:44:11] [INFO] Loaded base topology with 6 source brokers.
[2025-08-12 19:44:11] [INFO] Processing trust store for B0...
[2025-08-12 19:44:11] [INFO] Processing trust store for B1...
[2025-08-12 19:44:11] [DEBUG]   - Updated link B0->B1 with trust 0.500 (r=0, s=0)
[2025-08-12 19:44:11] [INFO] Processing trust store for B2...
[2025-08-12 19:44:11] [DEBUG]   - Updated link B0->B2 with trust 0.500 (r=0, s=0)
[2025-08-12 19:44:11] [INFO] Processing trust store for B3...
[2025-08-12 19:44:11] [DEBUG]   - Updated link B1->B3 with trust 0.500 (r=0, s=0)
[2025-08-12 19:44:11] [INFO] Processing trust store for B4...
[2025-08-12 19:44:11] [DEBUG]   - Updated link B1->B4 with trust 0.983 (r=57, s=0)
[2025-08-12 19:44:11] [DEBUG]   - Updated link B2->B4 with trust 0.983 (r=57, s=0)
[2025-08-12 19:44:11] [INFO] Processing trust store for B5...
[2025-08-12 19:44:11] [DEBUG]   - Updated link B2->B5 with trust 0.500 (r=0, s=0)
[2025-08-12 19:44:11] [INFO] Processing trust store for B6...
[2025-08-12 19:44:11] [DEBUG]   - Updated link B4->B6 with trust 0.500 (r=0, s=0)
[2025-08-12 19:44:11] [DEBUG]   - Updated link B5->B6 with trust 0.500 (r=0, s=0)
[2025-08-12 19:44:11] [INFO] Processing trust store for B7...
[2025-08-12 19:44:11] [DEBUG]   - Updated link B6->B7 with trust 0.500 (r=0, s=0)
[2025-08-12 19:44:11] [INFO] Writing new authoritative network map to /home/dhruv/winshare/Neighbour_Signer_Model/mosquitto/plugins/payload-modification/network_map.txt...
[2025-08-12 19:44:11] [SUCCESS] Aggregation complete. Network map has been updated.
/home/dhruv/winshare/Neighbour_Signer_Model/mosquitto/plugins/payload-modification/aggregator.py:94: DeprecationWarning: datetime.datetime.utcnow() is deprecated and scheduled for removal in a future version. Use timezone-aware objects to represent datetimes in UTC: datetime.datetime.now(datetime.UTC).
  timestamp = datetime.utcnow().strftime("%Y-%m-%d %H:%M:%S UTC")
[2025-08-12 19:44:26] [INFO] Starting trust map aggregation process...
[2025-08-12 19:44:26] [DEBUG] Reading base topology from: /home/dhruv/winshare/Neighbour_Signer_Model/mosquitto/plugins/payload-modification/network_map.txt
[2025-08-12 19:44:26] [INFO] Loaded base topology with 6 source brokers.
[2025-08-12 19:44:26] [INFO] Processing trust store for B0...
[2025-08-12 19:44:26] [INFO] Processing trust store for B1...
[2025-08-12 19:44:26] [DEBUG]   - Updated link B0->B1 with trust 0.500 (r=0, s=0)
[2025-08-12 19:44:26] [INFO] Processing trust store for B2...
[2025-08-12 19:44:26] [DEBUG]   - Updated link B0->B2 with trust 0.500 (r=0, s=0)
[2025-08-12 19:44:26] [INFO] Processing trust store for B3...
[2025-08-12 19:44:26] [DEBUG]   - Updated link B1->B3 with trust 0.500 (r=0, s=0)
[2025-08-12 19:44:26] [INFO] Processing trust store for B4...
[2025-08-12 19:44:26] [DEBUG]   - Updated link B1->B4 with trust 0.984 (r=59, s=0)
[2025-08-12 19:44:26] [DEBUG]   - Updated link B2->B4 with trust 0.984 (r=59, s=0)
[2025-08-12 19:44:26] [INFO] Processing trust store for B5...
[2025-08-12 19:44:26] [DEBUG]   - Updated link B2->B5 with trust 0.500 (r=0, s=0)
[2025-08-12 19:44:26] [INFO] Processing trust store for B6...
[2025-08-12 19:44:26] [DEBUG]   - Updated link B4->B6 with trust 0.500 (r=0, s=0)
[2025-08-12 19:44:26] [DEBUG]   - Updated link B5->B6 with trust 0.500 (r=0, s=0)
[2025-08-12 19:44:26] [INFO] Processing trust store for B7...
[2025-08-12 19:44:26] [DEBUG]   - Updated link B6->B7 with trust 0.500 (r=0, s=0)
[2025-08-12 19:44:26] [INFO] Writing new authoritative network map to /home/dhruv/winshare/Neighbour_Signer_Model/mosquitto/plugins/payload-modification/network_map.txt...
[2025-08-12 19:44:26] [SUCCESS] Aggregation complete. Network map has been updated.
/home/dhruv/winshare/Neighbour_Signer_Model/mosquitto/plugins/payload-modification/aggregator.py:94: DeprecationWarning: datetime.datetime.utcnow() is deprecated and scheduled for removal in a future version. Use timezone-aware objects to represent datetimes in UTC: datetime.datetime.now(datetime.UTC).
  timestamp = datetime.utcnow().strftime("%Y-%m-%d %H:%M:%S UTC")
[2025-08-12 19:44:41] [INFO] Starting trust map aggregation process...
[2025-08-12 19:44:41] [DEBUG] Reading base topology from: /home/dhruv/winshare/Neighbour_Signer_Model/mosquitto/plugins/payload-modification/network_map.txt
[2025-08-12 19:44:41] [INFO] Loaded base topology with 6 source brokers.
[2025-08-12 19:44:41] [INFO] Processing trust store for B0...
[2025-08-12 19:44:41] [INFO] Processing trust store for B1...
[2025-08-12 19:44:41] [DEBUG]   - Updated link B0->B1 with trust 0.500 (r=0, s=0)
[2025-08-12 19:44:41] [INFO] Processing trust store for B2...
[2025-08-12 19:44:41] [DEBUG]   - Updated link B0->B2 with trust 0.500 (r=0, s=0)
[2025-08-12 19:44:41] [INFO] Processing trust store for B3...
[2025-08-12 19:44:41] [DEBUG]   - Updated link B1->B3 with trust 0.500 (r=0, s=0)
[2025-08-12 19:44:41] [INFO] Processing trust store for B4...
[2025-08-12 19:44:41] [DEBUG]   - Updated link B1->B4 with trust 0.984 (r=60, s=0)
[2025-08-12 19:44:41] [DEBUG]   - Updated link B2->B4 with trust 0.984 (r=60, s=0)
[2025-08-12 19:44:41] [INFO] Processing trust store for B5...
[2025-08-12 19:44:41] [DEBUG]   - Updated link B2->B5 with trust 0.500 (r=0, s=0)
[2025-08-12 19:44:41] [INFO] Processing trust store for B6...
[2025-08-12 19:44:41] [DEBUG]   - Updated link B4->B6 with trust 0.500 (r=0, s=0)
[2025-08-12 19:44:41] [DEBUG]   - Updated link B5->B6 with trust 0.500 (r=0, s=0)
[2025-08-12 19:44:41] [INFO] Processing trust store for B7...
[2025-08-12 19:44:41] [DEBUG]   - Updated link B6->B7 with trust 0.500 (r=0, s=0)
[2025-08-12 19:44:41] [INFO] Writing new authoritative network map to /home/dhruv/winshare/Neighbour_Signer_Model/mosquitto/plugins/payload-modification/network_map.txt...
[2025-08-12 19:44:41] [SUCCESS] Aggregation complete. Network map has been updated.
/home/dhruv/winshare/Neighbour_Signer_Model/mosquitto/plugins/payload-modification/aggregator.py:94: DeprecationWarning: datetime.datetime.utcnow() is deprecated and scheduled for removal in a future version. Use timezone-aware objects to represent datetimes in UTC: datetime.datetime.now(datetime.UTC).
  timestamp = datetime.utcnow().strftime("%Y-%m-%d %H:%M:%S UTC")
[2025-08-12 19:44:56] [INFO] Starting trust map aggregation process...
[2025-08-12 19:44:56] [DEBUG] Reading base topology from: /home/dhruv/winshare/Neighbour_Signer_Model/mosquitto/plugins/payload-modification/network_map.txt
[2025-08-12 19:44:56] [INFO] Loaded base topology with 6 source brokers.
[2025-08-12 19:44:56] [INFO] Processing trust store for B0...
[2025-08-12 19:44:56] [INFO] Processing trust store for B1...
[2025-08-12 19:44:56] [DEBUG]   - Updated link B0->B1 with trust 0.500 (r=0, s=0)
[2025-08-12 19:44:56] [INFO] Processing trust store for B2...
[2025-08-12 19:44:56] [DEBUG]   - Updated link B0->B2 with trust 0.500 (r=0, s=0)
[2025-08-12 19:44:56] [INFO] Processing trust store for B3...
[2025-08-12 19:44:56] [DEBUG]   - Updated link B1->B3 with trust 0.500 (r=0, s=0)
[2025-08-12 19:44:56] [INFO] Processing trust store for B4...
[2025-08-12 19:44:56] [DEBUG]   - Updated link B1->B4 with trust 0.984 (r=61, s=0)
[2025-08-12 19:44:56] [DEBUG]   - Updated link B2->B4 with trust 0.984 (r=61, s=0)
[2025-08-12 19:44:56] [INFO] Processing trust store for B5...
[2025-08-12 19:44:56] [DEBUG]   - Updated link B2->B5 with trust 0.500 (r=0, s=0)
[2025-08-12 19:44:56] [INFO] Processing trust store for B6...
[2025-08-12 19:44:56] [DEBUG]   - Updated link B4->B6 with trust 0.500 (r=0, s=0)
[2025-08-12 19:44:56] [DEBUG]   - Updated link B5->B6 with trust 0.500 (r=0, s=0)
[2025-08-12 19:44:56] [INFO] Processing trust store for B7...
[2025-08-12 19:44:56] [DEBUG]   - Updated link B6->B7 with trust 0.500 (r=0, s=0)
[2025-08-12 19:44:56] [INFO] Writing new authoritative network map to /home/dhruv/winshare/Neighbour_Signer_Model/mosquitto/plugins/payload-modification/network_map.txt...
[2025-08-12 19:44:56] [SUCCESS] Aggregation complete. Network map has been updated.
/home/dhruv/winshare/Neighbour_Signer_Model/mosquitto/plugins/payload-modification/aggregator.py:94: DeprecationWarning: datetime.datetime.utcnow() is deprecated and scheduled for removal in a future version. Use timezone-aware objects to represent datetimes in UTC: datetime.datetime.now(datetime.UTC).
  timestamp = datetime.utcnow().strftime("%Y-%m-%d %H:%M:%S UTC")
[2025-08-12 19:45:11] [INFO] Starting trust map aggregation process...
[2025-08-12 19:45:11] [DEBUG] Reading base topology from: /home/dhruv/winshare/Neighbour_Signer_Model/mosquitto/plugins/payload-modification/network_map.txt
[2025-08-12 19:45:11] [INFO] Loaded base topology with 6 source brokers.
[2025-08-12 19:45:11] [INFO] Processing trust store for B0...
[2025-08-12 19:45:11] [INFO] Processing trust store for B1...
[2025-08-12 19:45:11] [DEBUG]   - Updated link B0->B1 with trust 0.500 (r=0, s=0)
[2025-08-12 19:45:11] [INFO] Processing trust store for B2...
[2025-08-12 19:45:11] [DEBUG]   - Updated link B0->B2 with trust 0.500 (r=0, s=0)
[2025-08-12 19:45:11] [INFO] Processing trust store for B3...
[2025-08-12 19:45:11] [DEBUG]   - Updated link B1->B3 with trust 0.500 (r=0, s=0)
[2025-08-12 19:45:11] [INFO] Processing trust store for B4...
[2025-08-12 19:45:11] [DEBUG]   - Updated link B1->B4 with trust 0.985 (r=63, s=0)
[2025-08-12 19:45:11] [DEBUG]   - Updated link B2->B4 with trust 0.985 (r=63, s=0)
[2025-08-12 19:45:11] [INFO] Processing trust store for B5...
[2025-08-12 19:45:11] [DEBUG]   - Updated link B2->B5 with trust 0.500 (r=0, s=0)
[2025-08-12 19:45:11] [INFO] Processing trust store for B6...
[2025-08-12 19:45:11] [DEBUG]   - Updated link B4->B6 with trust 0.500 (r=0, s=0)
[2025-08-12 19:45:11] [DEBUG]   - Updated link B5->B6 with trust 0.500 (r=0, s=0)
[2025-08-12 19:45:11] [INFO] Processing trust store for B7...
[2025-08-12 19:45:11] [DEBUG]   - Updated link B6->B7 with trust 0.500 (r=0, s=0)
[2025-08-12 19:45:11] [INFO] Writing new authoritative network map to /home/dhruv/winshare/Neighbour_Signer_Model/mosquitto/plugins/payload-modification/network_map.txt...
[2025-08-12 19:45:11] [SUCCESS] Aggregation complete. Network map has been updated.
/home/dhruv/winshare/Neighbour_Signer_Model/mosquitto/plugins/payload-modification/aggregator.py:94: DeprecationWarning: datetime.datetime.utcnow() is deprecated and scheduled for removal in a future version. Use timezone-aware objects to represent datetimes in UTC: datetime.datetime.now(datetime.UTC).
  timestamp = datetime.utcnow().strftime("%Y-%m-%d %H:%M:%S UTC")
[2025-08-12 19:45:26] [INFO] Starting trust map aggregation process...
[2025-08-12 19:45:26] [DEBUG] Reading base topology from: /home/dhruv/winshare/Neighbour_Signer_Model/mosquitto/plugins/payload-modification/network_map.txt
[2025-08-12 19:45:26] [INFO] Loaded base topology with 6 source brokers.
[2025-08-12 19:45:26] [INFO] Processing trust store for B0...
[2025-08-12 19:45:26] [INFO] Processing trust store for B1...
[2025-08-12 19:45:26] [DEBUG]   - Updated link B0->B1 with trust 0.500 (r=0, s=0)
[2025-08-12 19:45:26] [INFO] Processing trust store for B2...
[2025-08-12 19:45:26] [DEBUG]   - Updated link B0->B2 with trust 0.500 (r=0, s=0)
[2025-08-12 19:45:26] [INFO] Processing trust store for B3...
[2025-08-12 19:45:26] [DEBUG]   - Updated link B1->B3 with trust 0.500 (r=0, s=0)
[2025-08-12 19:45:26] [INFO] Processing trust store for B4...
[2025-08-12 19:45:26] [DEBUG]   - Updated link B1->B4 with trust 0.985 (r=64, s=0)
[2025-08-12 19:45:26] [DEBUG]   - Updated link B2->B4 with trust 0.985 (r=64, s=0)
[2025-08-12 19:45:26] [INFO] Processing trust store for B5...
[2025-08-12 19:45:26] [DEBUG]   - Updated link B2->B5 with trust 0.500 (r=0, s=0)
[2025-08-12 19:45:26] [INFO] Processing trust store for B6...
[2025-08-12 19:45:26] [DEBUG]   - Updated link B4->B6 with trust 0.500 (r=0, s=0)
[2025-08-12 19:45:26] [DEBUG]   - Updated link B5->B6 with trust 0.500 (r=0, s=0)
[2025-08-12 19:45:26] [INFO] Processing trust store for B7...
[2025-08-12 19:45:26] [DEBUG]   - Updated link B6->B7 with trust 0.500 (r=0, s=0)
[2025-08-12 19:45:26] [INFO] Writing new authoritative network map to /home/dhruv/winshare/Neighbour_Signer_Model/mosquitto/plugins/payload-modification/network_map.txt...
[2025-08-12 19:45:26] [SUCCESS] Aggregation complete. Network map has been updated.
/home/dhruv/winshare/Neighbour_Signer_Model/mosquitto/plugins/payload-modification/aggregator.py:94: DeprecationWarning: datetime.datetime.utcnow() is deprecated and scheduled for removal in a future version. Use timezone-aware objects to represent datetimes in UTC: datetime.datetime.now(datetime.UTC).
  timestamp = datetime.utcnow().strftime("%Y-%m-%d %H:%M:%S UTC")
[2025-08-12 19:45:41] [INFO] Starting trust map aggregation process...
[2025-08-12 19:45:41] [DEBUG] Reading base topology from: /home/dhruv/winshare/Neighbour_Signer_Model/mosquitto/plugins/payload-modification/network_map.txt
[2025-08-12 19:45:41] [INFO] Loaded base topology with 6 source brokers.
[2025-08-12 19:45:41] [INFO] Processing trust store for B0...
[2025-08-12 19:45:41] [INFO] Processing trust store for B1...
[2025-08-12 19:45:41] [DEBUG]   - Updated link B0->B1 with trust 0.500 (r=0, s=0)
[2025-08-12 19:45:41] [INFO] Processing trust store for B2...
[2025-08-12 19:45:41] [DEBUG]   - Updated link B0->B2 with trust 0.500 (r=0, s=0)
[2025-08-12 19:45:41] [INFO] Processing trust store for B3...
[2025-08-12 19:45:41] [DEBUG]   - Updated link B1->B3 with trust 0.500 (r=0, s=0)
[2025-08-12 19:45:41] [INFO] Processing trust store for B4...
[2025-08-12 19:45:41] [DEBUG]   - Updated link B1->B4 with trust 0.985 (r=65, s=0)
[2025-08-12 19:45:41] [DEBUG]   - Updated link B2->B4 with trust 0.985 (r=65, s=0)
[2025-08-12 19:45:41] [INFO] Processing trust store for B5...
[2025-08-12 19:45:41] [DEBUG]   - Updated link B2->B5 with trust 0.500 (r=0, s=0)
[2025-08-12 19:45:41] [INFO] Processing trust store for B6...
[2025-08-12 19:45:41] [DEBUG]   - Updated link B4->B6 with trust 0.500 (r=0, s=0)
[2025-08-12 19:45:41] [DEBUG]   - Updated link B5->B6 with trust 0.500 (r=0, s=0)
[2025-08-12 19:45:41] [INFO] Processing trust store for B7...
[2025-08-12 19:45:41] [DEBUG]   - Updated link B6->B7 with trust 0.500 (r=0, s=0)
[2025-08-12 19:45:41] [INFO] Writing new authoritative network map to /home/dhruv/winshare/Neighbour_Signer_Model/mosquitto/plugins/payload-modification/network_map.txt...
[2025-08-12 19:45:41] [SUCCESS] Aggregation complete. Network map has been updated.
/home/dhruv/winshare/Neighbour_Signer_Model/mosquitto/plugins/payload-modification/aggregator.py:94: DeprecationWarning: datetime.datetime.utcnow() is deprecated and scheduled for removal in a future version. Use timezone-aware objects to represent datetimes in UTC: datetime.datetime.now(datetime.UTC).
  timestamp = datetime.utcnow().strftime("%Y-%m-%d %H:%M:%S UTC")
[2025-08-12 19:45:56] [INFO] Starting trust map aggregation process...
[2025-08-12 19:45:56] [DEBUG] Reading base topology from: /home/dhruv/winshare/Neighbour_Signer_Model/mosquitto/plugins/payload-modification/network_map.txt
[2025-08-12 19:45:56] [INFO] Loaded base topology with 6 source brokers.
[2025-08-12 19:45:56] [INFO] Processing trust store for B0...
[2025-08-12 19:45:56] [INFO] Processing trust store for B1...
[2025-08-12 19:45:56] [DEBUG]   - Updated link B0->B1 with trust 0.500 (r=0, s=0)
[2025-08-12 19:45:56] [INFO] Processing trust store for B2...
[2025-08-12 19:45:56] [DEBUG]   - Updated link B0->B2 with trust 0.500 (r=0, s=0)
[2025-08-12 19:45:56] [INFO] Processing trust store for B3...
[2025-08-12 19:45:56] [DEBUG]   - Updated link B1->B3 with trust 0.500 (r=0, s=0)
[2025-08-12 19:45:56] [INFO] Processing trust store for B4...
[2025-08-12 19:45:56] [DEBUG]   - Updated link B1->B4 with trust 0.986 (r=67, s=0)
[2025-08-12 19:45:56] [DEBUG]   - Updated link B2->B4 with trust 0.986 (r=67, s=0)
[2025-08-12 19:45:56] [INFO] Processing trust store for B5...
[2025-08-12 19:45:56] [DEBUG]   - Updated link B2->B5 with trust 0.500 (r=0, s=0)
[2025-08-12 19:45:56] [INFO] Processing trust store for B6...
[2025-08-12 19:45:56] [DEBUG]   - Updated link B4->B6 with trust 0.500 (r=0, s=0)
[2025-08-12 19:45:56] [DEBUG]   - Updated link B5->B6 with trust 0.500 (r=0, s=0)
[2025-08-12 19:45:56] [INFO] Processing trust store for B7...
[2025-08-12 19:45:56] [DEBUG]   - Updated link B6->B7 with trust 0.500 (r=0, s=0)
[2025-08-12 19:45:56] [INFO] Writing new authoritative network map to /home/dhruv/winshare/Neighbour_Signer_Model/mosquitto/plugins/payload-modification/network_map.txt...
[2025-08-12 19:45:56] [SUCCESS] Aggregation complete. Network map has been updated.
/home/dhruv/winshare/Neighbour_Signer_Model/mosquitto/plugins/payload-modification/aggregator.py:94: DeprecationWarning: datetime.datetime.utcnow() is deprecated and scheduled for removal in a future version. Use timezone-aware objects to represent datetimes in UTC: datetime.datetime.now(datetime.UTC).
  timestamp = datetime.utcnow().strftime("%Y-%m-%d %H:%M:%S UTC")
[2025-08-12 19:46:11] [INFO] Starting trust map aggregation process...
[2025-08-12 19:46:11] [DEBUG] Reading base topology from: /home/dhruv/winshare/Neighbour_Signer_Model/mosquitto/plugins/payload-modification/network_map.txt
[2025-08-12 19:46:11] [INFO] Loaded base topology with 6 source brokers.
[2025-08-12 19:46:11] [INFO] Processing trust store for B0...
[2025-08-12 19:46:11] [INFO] Processing trust store for B1...
[2025-08-12 19:46:11] [DEBUG]   - Updated link B0->B1 with trust 0.500 (r=0, s=0)
[2025-08-12 19:46:11] [INFO] Processing trust store for B2...
[2025-08-12 19:46:11] [DEBUG]   - Updated link B0->B2 with trust 0.500 (r=0, s=0)
[2025-08-12 19:46:11] [INFO] Processing trust store for B3...
[2025-08-12 19:46:11] [DEBUG]   - Updated link B1->B3 with trust 0.500 (r=0, s=0)
[2025-08-12 19:46:11] [INFO] Processing trust store for B4...
[2025-08-12 19:46:11] [DEBUG]   - Updated link B1->B4 with trust 0.986 (r=68, s=0)
[2025-08-12 19:46:11] [DEBUG]   - Updated link B2->B4 with trust 0.986 (r=68, s=0)
[2025-08-12 19:46:11] [INFO] Processing trust store for B5...
[2025-08-12 19:46:11] [DEBUG]   - Updated link B2->B5 with trust 0.500 (r=0, s=0)
[2025-08-12 19:46:11] [INFO] Processing trust store for B6...
[2025-08-12 19:46:11] [DEBUG]   - Updated link B4->B6 with trust 0.500 (r=0, s=0)
[2025-08-12 19:46:11] [DEBUG]   - Updated link B5->B6 with trust 0.500 (r=0, s=0)
[2025-08-12 19:46:11] [INFO] Processing trust store for B7...
[2025-08-12 19:46:11] [DEBUG]   - Updated link B6->B7 with trust 0.500 (r=0, s=0)
[2025-08-12 19:46:11] [INFO] Writing new authoritative network map to /home/dhruv/winshare/Neighbour_Signer_Model/mosquitto/plugins/payload-modification/network_map.txt...
[2025-08-12 19:46:11] [SUCCESS] Aggregation complete. Network map has been updated.
/home/dhruv/winshare/Neighbour_Signer_Model/mosquitto/plugins/payload-modification/aggregator.py:94: DeprecationWarning: datetime.datetime.utcnow() is deprecated and scheduled for removal in a future version. Use timezone-aware objects to represent datetimes in UTC: datetime.datetime.now(datetime.UTC).
  timestamp = datetime.utcnow().strftime("%Y-%m-%d %H:%M:%S UTC")
[2025-08-12 19:46:26] [INFO] Starting trust map aggregation process...
[2025-08-12 19:46:26] [DEBUG] Reading base topology from: /home/dhruv/winshare/Neighbour_Signer_Model/mosquitto/plugins/payload-modification/network_map.txt
[2025-08-12 19:46:26] [INFO] Loaded base topology with 6 source brokers.
[2025-08-12 19:46:26] [INFO] Processing trust store for B0...
[2025-08-12 19:46:26] [INFO] Processing trust store for B1...
[2025-08-12 19:46:26] [DEBUG]   - Updated link B0->B1 with trust 0.500 (r=0, s=0)
[2025-08-12 19:46:26] [INFO] Processing trust store for B2...
[2025-08-12 19:46:26] [DEBUG]   - Updated link B0->B2 with trust 0.500 (r=0, s=0)
[2025-08-12 19:46:26] [INFO] Processing trust store for B3...
[2025-08-12 19:46:26] [DEBUG]   - Updated link B1->B3 with trust 0.500 (r=0, s=0)
[2025-08-12 19:46:26] [INFO] Processing trust store for B4...
[2025-08-12 19:46:26] [DEBUG]   - Updated link B1->B4 with trust 0.986 (r=70, s=0)
[2025-08-12 19:46:26] [DEBUG]   - Updated link B2->B4 with trust 0.986 (r=70, s=0)
[2025-08-12 19:46:26] [INFO] Processing trust store for B5...
[2025-08-12 19:46:26] [DEBUG]   - Updated link B2->B5 with trust 0.500 (r=0, s=0)
[2025-08-12 19:46:26] [INFO] Processing trust store for B6...
[2025-08-12 19:46:26] [DEBUG]   - Updated link B4->B6 with trust 0.500 (r=0, s=0)
[2025-08-12 19:46:26] [DEBUG]   - Updated link B5->B6 with trust 0.500 (r=0, s=0)
[2025-08-12 19:46:26] [INFO] Processing trust store for B7...
[2025-08-12 19:46:26] [DEBUG]   - Updated link B6->B7 with trust 0.500 (r=0, s=0)
[2025-08-12 19:46:26] [INFO] Writing new authoritative network map to /home/dhruv/winshare/Neighbour_Signer_Model/mosquitto/plugins/payload-modification/network_map.txt...
[2025-08-12 19:46:26] [SUCCESS] Aggregation complete. Network map has been updated.
/home/dhruv/winshare/Neighbour_Signer_Model/mosquitto/plugins/payload-modification/aggregator.py:94: DeprecationWarning: datetime.datetime.utcnow() is deprecated and scheduled for removal in a future version. Use timezone-aware objects to represent datetimes in UTC: datetime.datetime.now(datetime.UTC).
  timestamp = datetime.utcnow().strftime("%Y-%m-%d %H:%M:%S UTC")
[2025-08-12 19:46:41] [INFO] Starting trust map aggregation process...
[2025-08-12 19:46:41] [DEBUG] Reading base topology from: /home/dhruv/winshare/Neighbour_Signer_Model/mosquitto/plugins/payload-modification/network_map.txt
[2025-08-12 19:46:41] [INFO] Loaded base topology with 6 source brokers.
[2025-08-12 19:46:41] [INFO] Processing trust store for B0...
[2025-08-12 19:46:41] [INFO] Processing trust store for B1...
[2025-08-12 19:46:41] [DEBUG]   - Updated link B0->B1 with trust 0.500 (r=0, s=0)
[2025-08-12 19:46:41] [INFO] Processing trust store for B2...
[2025-08-12 19:46:41] [DEBUG]   - Updated link B0->B2 with trust 0.500 (r=0, s=0)
[2025-08-12 19:46:41] [INFO] Processing trust store for B3...
[2025-08-12 19:46:41] [DEBUG]   - Updated link B1->B3 with trust 0.500 (r=0, s=0)
[2025-08-12 19:46:41] [INFO] Processing trust store for B4...
[2025-08-12 19:46:41] [DEBUG]   - Updated link B1->B4 with trust 0.986 (r=71, s=0)
[2025-08-12 19:46:41] [DEBUG]   - Updated link B2->B4 with trust 0.986 (r=71, s=0)
[2025-08-12 19:46:41] [INFO] Processing trust store for B5...
[2025-08-12 19:46:41] [DEBUG]   - Updated link B2->B5 with trust 0.500 (r=0, s=0)
[2025-08-12 19:46:41] [INFO] Processing trust store for B6...
[2025-08-12 19:46:41] [DEBUG]   - Updated link B4->B6 with trust 0.500 (r=0, s=0)
[2025-08-12 19:46:41] [DEBUG]   - Updated link B5->B6 with trust 0.500 (r=0, s=0)
[2025-08-12 19:46:41] [INFO] Processing trust store for B7...
[2025-08-12 19:46:41] [DEBUG]   - Updated link B6->B7 with trust 0.500 (r=0, s=0)
[2025-08-12 19:46:41] [INFO] Writing new authoritative network map to /home/dhruv/winshare/Neighbour_Signer_Model/mosquitto/plugins/payload-modification/network_map.txt...
[2025-08-12 19:46:41] [SUCCESS] Aggregation complete. Network map has been updated.
/home/dhruv/winshare/Neighbour_Signer_Model/mosquitto/plugins/payload-modification/aggregator.py:94: DeprecationWarning: datetime.datetime.utcnow() is deprecated and scheduled for removal in a future version. Use timezone-aware objects to represent datetimes in UTC: datetime.datetime.now(datetime.UTC).
  timestamp = datetime.utcnow().strftime("%Y-%m-%d %H:%M:%S UTC")
[2025-08-12 19:46:57] [INFO] Starting trust map aggregation process...
[2025-08-12 19:46:57] [DEBUG] Reading base topology from: /home/dhruv/winshare/Neighbour_Signer_Model/mosquitto/plugins/payload-modification/network_map.txt
[2025-08-12 19:46:57] [INFO] Loaded base topology with 6 source brokers.
[2025-08-12 19:46:57] [INFO] Processing trust store for B0...
[2025-08-12 19:46:57] [INFO] Processing trust store for B1...
[2025-08-12 19:46:57] [DEBUG]   - Updated link B0->B1 with trust 0.500 (r=0, s=0)
[2025-08-12 19:46:57] [INFO] Processing trust store for B2...
[2025-08-12 19:46:57] [DEBUG]   - Updated link B0->B2 with trust 0.500 (r=0, s=0)
[2025-08-12 19:46:57] [INFO] Processing trust store for B3...
[2025-08-12 19:46:57] [DEBUG]   - Updated link B1->B3 with trust 0.500 (r=0, s=0)
[2025-08-12 19:46:57] [INFO] Processing trust store for B4...
[2025-08-12 19:46:57] [DEBUG]   - Updated link B1->B4 with trust 0.986 (r=72, s=0)
[2025-08-12 19:46:57] [DEBUG]   - Updated link B2->B4 with trust 0.986 (r=72, s=0)
[2025-08-12 19:46:57] [INFO] Processing trust store for B5...
[2025-08-12 19:46:57] [DEBUG]   - Updated link B2->B5 with trust 0.500 (r=0, s=0)
[2025-08-12 19:46:57] [INFO] Processing trust store for B6...
[2025-08-12 19:46:57] [DEBUG]   - Updated link B4->B6 with trust 0.500 (r=0, s=0)
[2025-08-12 19:46:57] [DEBUG]   - Updated link B5->B6 with trust 0.500 (r=0, s=0)
[2025-08-12 19:46:57] [INFO] Processing trust store for B7...
[2025-08-12 19:46:57] [DEBUG]   - Updated link B6->B7 with trust 0.500 (r=0, s=0)
[2025-08-12 19:46:57] [INFO] Writing new authoritative network map to /home/dhruv/winshare/Neighbour_Signer_Model/mosquitto/plugins/payload-modification/network_map.txt...
[2025-08-12 19:46:57] [SUCCESS] Aggregation complete. Network map has been updated.
/home/dhruv/winshare/Neighbour_Signer_Model/mosquitto/plugins/payload-modification/aggregator.py:94: DeprecationWarning: datetime.datetime.utcnow() is deprecated and scheduled for removal in a future version. Use timezone-aware objects to represent datetimes in UTC: datetime.datetime.now(datetime.UTC).
  timestamp = datetime.utcnow().strftime("%Y-%m-%d %H:%M:%S UTC")
[2025-08-12 19:47:12] [INFO] Starting trust map aggregation process...
[2025-08-12 19:47:12] [DEBUG] Reading base topology from: /home/dhruv/winshare/Neighbour_Signer_Model/mosquitto/plugins/payload-modification/network_map.txt
[2025-08-12 19:47:12] [INFO] Loaded base topology with 6 source brokers.
[2025-08-12 19:47:12] [INFO] Processing trust store for B0...
[2025-08-12 19:47:12] [INFO] Processing trust store for B1...
[2025-08-12 19:47:12] [DEBUG]   - Updated link B0->B1 with trust 0.500 (r=0, s=0)
[2025-08-12 19:47:12] [INFO] Processing trust store for B2...
[2025-08-12 19:47:12] [DEBUG]   - Updated link B0->B2 with trust 0.500 (r=0, s=0)
[2025-08-12 19:47:12] [INFO] Processing trust store for B3...
[2025-08-12 19:47:12] [DEBUG]   - Updated link B1->B3 with trust 0.500 (r=0, s=0)
[2025-08-12 19:47:12] [INFO] Processing trust store for B4...
[2025-08-12 19:47:12] [DEBUG]   - Updated link B1->B4 with trust 0.987 (r=74, s=0)
[2025-08-12 19:47:12] [DEBUG]   - Updated link B2->B4 with trust 0.987 (r=74, s=0)
[2025-08-12 19:47:12] [INFO] Processing trust store for B5...
[2025-08-12 19:47:12] [DEBUG]   - Updated link B2->B5 with trust 0.500 (r=0, s=0)
[2025-08-12 19:47:12] [INFO] Processing trust store for B6...
[2025-08-12 19:47:12] [DEBUG]   - Updated link B4->B6 with trust 0.500 (r=0, s=0)
[2025-08-12 19:47:12] [DEBUG]   - Updated link B5->B6 with trust 0.500 (r=0, s=0)
[2025-08-12 19:47:12] [INFO] Processing trust store for B7...
[2025-08-12 19:47:12] [DEBUG]   - Updated link B6->B7 with trust 0.500 (r=0, s=0)
[2025-08-12 19:47:12] [INFO] Writing new authoritative network map to /home/dhruv/winshare/Neighbour_Signer_Model/mosquitto/plugins/payload-modification/network_map.txt...
[2025-08-12 19:47:12] [SUCCESS] Aggregation complete. Network map has been updated.
/home/dhruv/winshare/Neighbour_Signer_Model/mosquitto/plugins/payload-modification/aggregator.py:94: DeprecationWarning: datetime.datetime.utcnow() is deprecated and scheduled for removal in a future version. Use timezone-aware objects to represent datetimes in UTC: datetime.datetime.now(datetime.UTC).
  timestamp = datetime.utcnow().strftime("%Y-%m-%d %H:%M:%S UTC")
[2025-08-12 19:47:27] [INFO] Starting trust map aggregation process...
[2025-08-12 19:47:27] [DEBUG] Reading base topology from: /home/dhruv/winshare/Neighbour_Signer_Model/mosquitto/plugins/payload-modification/network_map.txt
[2025-08-12 19:47:27] [INFO] Loaded base topology with 6 source brokers.
[2025-08-12 19:47:27] [INFO] Processing trust store for B0...
[2025-08-12 19:47:27] [INFO] Processing trust store for B1...
[2025-08-12 19:47:27] [DEBUG]   - Updated link B0->B1 with trust 0.500 (r=0, s=0)
[2025-08-12 19:47:27] [INFO] Processing trust store for B2...
[2025-08-12 19:47:27] [DEBUG]   - Updated link B0->B2 with trust 0.500 (r=0, s=0)
[2025-08-12 19:47:27] [INFO] Processing trust store for B3...
[2025-08-12 19:47:27] [DEBUG]   - Updated link B1->B3 with trust 0.500 (r=0, s=0)
[2025-08-12 19:47:27] [INFO] Processing trust store for B4...
[2025-08-12 19:47:27] [DEBUG]   - Updated link B1->B4 with trust 0.987 (r=75, s=0)
[2025-08-12 19:47:27] [DEBUG]   - Updated link B2->B4 with trust 0.987 (r=75, s=0)
[2025-08-12 19:47:27] [INFO] Processing trust store for B5...
[2025-08-12 19:47:27] [DEBUG]   - Updated link B2->B5 with trust 0.500 (r=0, s=0)
[2025-08-12 19:47:27] [INFO] Processing trust store for B6...
[2025-08-12 19:47:27] [DEBUG]   - Updated link B4->B6 with trust 0.500 (r=0, s=0)
[2025-08-12 19:47:27] [DEBUG]   - Updated link B5->B6 with trust 0.500 (r=0, s=0)
[2025-08-12 19:47:27] [INFO] Processing trust store for B7...
[2025-08-12 19:47:27] [DEBUG]   - Updated link B6->B7 with trust 0.500 (r=0, s=0)
[2025-08-12 19:47:27] [INFO] Writing new authoritative network map to /home/dhruv/winshare/Neighbour_Signer_Model/mosquitto/plugins/payload-modification/network_map.txt...
[2025-08-12 19:47:27] [SUCCESS] Aggregation complete. Network map has been updated.
/home/dhruv/winshare/Neighbour_Signer_Model/mosquitto/plugins/payload-modification/aggregator.py:94: DeprecationWarning: datetime.datetime.utcnow() is deprecated and scheduled for removal in a future version. Use timezone-aware objects to represent datetimes in UTC: datetime.datetime.now(datetime.UTC).
  timestamp = datetime.utcnow().strftime("%Y-%m-%d %H:%M:%S UTC")
[2025-08-12 19:47:42] [INFO] Starting trust map aggregation process...
[2025-08-12 19:47:42] [DEBUG] Reading base topology from: /home/dhruv/winshare/Neighbour_Signer_Model/mosquitto/plugins/payload-modification/network_map.txt
[2025-08-12 19:47:42] [INFO] Loaded base topology with 6 source brokers.
[2025-08-12 19:47:42] [INFO] Processing trust store for B0...
[2025-08-12 19:47:42] [INFO] Processing trust store for B1...
[2025-08-12 19:47:42] [DEBUG]   - Updated link B0->B1 with trust 0.500 (r=0, s=0)
[2025-08-12 19:47:42] [INFO] Processing trust store for B2...
[2025-08-12 19:47:42] [DEBUG]   - Updated link B0->B2 with trust 0.500 (r=0, s=0)
[2025-08-12 19:47:42] [INFO] Processing trust store for B3...
[2025-08-12 19:47:42] [DEBUG]   - Updated link B1->B3 with trust 0.500 (r=0, s=0)
[2025-08-12 19:47:42] [INFO] Processing trust store for B4...
[2025-08-12 19:47:42] [DEBUG]   - Updated link B1->B4 with trust 0.987 (r=76, s=0)
[2025-08-12 19:47:42] [DEBUG]   - Updated link B2->B4 with trust 0.987 (r=76, s=0)
[2025-08-12 19:47:42] [INFO] Processing trust store for B5...
[2025-08-12 19:47:42] [DEBUG]   - Updated link B2->B5 with trust 0.500 (r=0, s=0)
[2025-08-12 19:47:42] [INFO] Processing trust store for B6...
[2025-08-12 19:47:42] [DEBUG]   - Updated link B4->B6 with trust 0.500 (r=0, s=0)
[2025-08-12 19:47:42] [DEBUG]   - Updated link B5->B6 with trust 0.500 (r=0, s=0)
[2025-08-12 19:47:42] [INFO] Processing trust store for B7...
[2025-08-12 19:47:42] [DEBUG]   - Updated link B6->B7 with trust 0.500 (r=0, s=0)
[2025-08-12 19:47:42] [INFO] Writing new authoritative network map to /home/dhruv/winshare/Neighbour_Signer_Model/mosquitto/plugins/payload-modification/network_map.txt...
[2025-08-12 19:47:42] [SUCCESS] Aggregation complete. Network map has been updated.
/home/dhruv/winshare/Neighbour_Signer_Model/mosquitto/plugins/payload-modification/aggregator.py:94: DeprecationWarning: datetime.datetime.utcnow() is deprecated and scheduled for removal in a future version. Use timezone-aware objects to represent datetimes in UTC: datetime.datetime.now(datetime.UTC).
  timestamp = datetime.utcnow().strftime("%Y-%m-%d %H:%M:%S UTC")
[2025-08-12 19:47:57] [INFO] Starting trust map aggregation process...
[2025-08-12 19:47:57] [DEBUG] Reading base topology from: /home/dhruv/winshare/Neighbour_Signer_Model/mosquitto/plugins/payload-modification/network_map.txt
[2025-08-12 19:47:57] [INFO] Loaded base topology with 6 source brokers.
[2025-08-12 19:47:57] [INFO] Processing trust store for B0...
[2025-08-12 19:47:57] [INFO] Processing trust store for B1...
[2025-08-12 19:47:57] [DEBUG]   - Updated link B0->B1 with trust 0.500 (r=0, s=0)
[2025-08-12 19:47:57] [INFO] Processing trust store for B2...
[2025-08-12 19:47:57] [DEBUG]   - Updated link B0->B2 with trust 0.500 (r=0, s=0)
[2025-08-12 19:47:57] [INFO] Processing trust store for B3...
[2025-08-12 19:47:57] [DEBUG]   - Updated link B1->B3 with trust 0.500 (r=0, s=0)
[2025-08-12 19:47:57] [INFO] Processing trust store for B4...
[2025-08-12 19:47:57] [DEBUG]   - Updated link B1->B4 with trust 0.987 (r=78, s=0)
[2025-08-12 19:47:57] [DEBUG]   - Updated link B2->B4 with trust 0.987 (r=78, s=0)
[2025-08-12 19:47:57] [INFO] Processing trust store for B5...
[2025-08-12 19:47:57] [DEBUG]   - Updated link B2->B5 with trust 0.500 (r=0, s=0)
[2025-08-12 19:47:57] [INFO] Processing trust store for B6...
[2025-08-12 19:47:57] [DEBUG]   - Updated link B4->B6 with trust 0.500 (r=0, s=0)
[2025-08-12 19:47:57] [DEBUG]   - Updated link B5->B6 with trust 0.500 (r=0, s=0)
[2025-08-12 19:47:57] [INFO] Processing trust store for B7...
[2025-08-12 19:47:57] [DEBUG]   - Updated link B6->B7 with trust 0.500 (r=0, s=0)
[2025-08-12 19:47:57] [INFO] Writing new authoritative network map to /home/dhruv/winshare/Neighbour_Signer_Model/mosquitto/plugins/payload-modification/network_map.txt...
[2025-08-12 19:47:57] [SUCCESS] Aggregation complete. Network map has been updated.
/home/dhruv/winshare/Neighbour_Signer_Model/mosquitto/plugins/payload-modification/aggregator.py:94: DeprecationWarning: datetime.datetime.utcnow() is deprecated and scheduled for removal in a future version. Use timezone-aware objects to represent datetimes in UTC: datetime.datetime.now(datetime.UTC).
  timestamp = datetime.utcnow().strftime("%Y-%m-%d %H:%M:%S UTC")
[2025-08-12 19:48:12] [INFO] Starting trust map aggregation process...
[2025-08-12 19:48:12] [DEBUG] Reading base topology from: /home/dhruv/winshare/Neighbour_Signer_Model/mosquitto/plugins/payload-modification/network_map.txt
[2025-08-12 19:48:12] [INFO] Loaded base topology with 6 source brokers.
[2025-08-12 19:48:12] [INFO] Processing trust store for B0...
[2025-08-12 19:48:12] [INFO] Processing trust store for B1...
[2025-08-12 19:48:12] [DEBUG]   - Updated link B0->B1 with trust 0.500 (r=0, s=0)
[2025-08-12 19:48:12] [INFO] Processing trust store for B2...
[2025-08-12 19:48:12] [DEBUG]   - Updated link B0->B2 with trust 0.500 (r=0, s=0)
[2025-08-12 19:48:12] [INFO] Processing trust store for B3...
[2025-08-12 19:48:12] [DEBUG]   - Updated link B1->B3 with trust 0.500 (r=0, s=0)
[2025-08-12 19:48:12] [INFO] Processing trust store for B4...
[2025-08-12 19:48:12] [DEBUG]   - Updated link B1->B4 with trust 0.988 (r=79, s=0)
[2025-08-12 19:48:12] [DEBUG]   - Updated link B2->B4 with trust 0.988 (r=79, s=0)
[2025-08-12 19:48:12] [INFO] Processing trust store for B5...
[2025-08-12 19:48:12] [DEBUG]   - Updated link B2->B5 with trust 0.500 (r=0, s=0)
[2025-08-12 19:48:12] [INFO] Processing trust store for B6...
[2025-08-12 19:48:12] [DEBUG]   - Updated link B4->B6 with trust 0.500 (r=0, s=0)
[2025-08-12 19:48:12] [DEBUG]   - Updated link B5->B6 with trust 0.500 (r=0, s=0)
[2025-08-12 19:48:12] [INFO] Processing trust store for B7...
[2025-08-12 19:48:12] [DEBUG]   - Updated link B6->B7 with trust 0.500 (r=0, s=0)
[2025-08-12 19:48:12] [INFO] Writing new authoritative network map to /home/dhruv/winshare/Neighbour_Signer_Model/mosquitto/plugins/payload-modification/network_map.txt...
[2025-08-12 19:48:12] [SUCCESS] Aggregation complete. Network map has been updated.
/home/dhruv/winshare/Neighbour_Signer_Model/mosquitto/plugins/payload-modification/aggregator.py:94: DeprecationWarning: datetime.datetime.utcnow() is deprecated and scheduled for removal in a future version. Use timezone-aware objects to represent datetimes in UTC: datetime.datetime.now(datetime.UTC).
  timestamp = datetime.utcnow().strftime("%Y-%m-%d %H:%M:%S UTC")
[2025-08-12 19:48:27] [INFO] Starting trust map aggregation process...
[2025-08-12 19:48:27] [DEBUG] Reading base topology from: /home/dhruv/winshare/Neighbour_Signer_Model/mosquitto/plugins/payload-modification/network_map.txt
[2025-08-12 19:48:27] [INFO] Loaded base topology with 6 source brokers.
[2025-08-12 19:48:27] [INFO] Processing trust store for B0...
[2025-08-12 19:48:27] [INFO] Processing trust store for B1...
[2025-08-12 19:48:27] [DEBUG]   - Updated link B0->B1 with trust 0.500 (r=0, s=0)
[2025-08-12 19:48:27] [INFO] Processing trust store for B2...
[2025-08-12 19:48:27] [DEBUG]   - Updated link B0->B2 with trust 0.500 (r=0, s=0)
[2025-08-12 19:48:27] [INFO] Processing trust store for B3...
[2025-08-12 19:48:27] [DEBUG]   - Updated link B1->B3 with trust 0.500 (r=0, s=0)
[2025-08-12 19:48:27] [INFO] Processing trust store for B4...
[2025-08-12 19:48:27] [DEBUG]   - Updated link B1->B4 with trust 0.988 (r=80, s=0)
[2025-08-12 19:48:27] [DEBUG]   - Updated link B2->B4 with trust 0.988 (r=80, s=0)
[2025-08-12 19:48:27] [INFO] Processing trust store for B5...
[2025-08-12 19:48:27] [DEBUG]   - Updated link B2->B5 with trust 0.500 (r=0, s=0)
[2025-08-12 19:48:27] [INFO] Processing trust store for B6...
[2025-08-12 19:48:27] [DEBUG]   - Updated link B4->B6 with trust 0.500 (r=0, s=0)
[2025-08-12 19:48:27] [DEBUG]   - Updated link B5->B6 with trust 0.500 (r=0, s=0)
[2025-08-12 19:48:27] [INFO] Processing trust store for B7...
[2025-08-12 19:48:27] [DEBUG]   - Updated link B6->B7 with trust 0.500 (r=0, s=0)
[2025-08-12 19:48:27] [INFO] Writing new authoritative network map to /home/dhruv/winshare/Neighbour_Signer_Model/mosquitto/plugins/payload-modification/network_map.txt...
[2025-08-12 19:48:27] [SUCCESS] Aggregation complete. Network map has been updated.
/home/dhruv/winshare/Neighbour_Signer_Model/mosquitto/plugins/payload-modification/aggregator.py:94: DeprecationWarning: datetime.datetime.utcnow() is deprecated and scheduled for removal in a future version. Use timezone-aware objects to represent datetimes in UTC: datetime.datetime.now(datetime.UTC).
  timestamp = datetime.utcnow().strftime("%Y-%m-%d %H:%M:%S UTC")
[2025-08-12 19:48:42] [INFO] Starting trust map aggregation process...
[2025-08-12 19:48:42] [DEBUG] Reading base topology from: /home/dhruv/winshare/Neighbour_Signer_Model/mosquitto/plugins/payload-modification/network_map.txt
[2025-08-12 19:48:42] [INFO] Loaded base topology with 6 source brokers.
[2025-08-12 19:48:42] [INFO] Processing trust store for B0...
[2025-08-12 19:48:42] [INFO] Processing trust store for B1...
[2025-08-12 19:48:42] [DEBUG]   - Updated link B0->B1 with trust 0.500 (r=0, s=0)
[2025-08-12 19:48:42] [INFO] Processing trust store for B2...
[2025-08-12 19:48:42] [DEBUG]   - Updated link B0->B2 with trust 0.500 (r=0, s=0)
[2025-08-12 19:48:42] [INFO] Processing trust store for B3...
[2025-08-12 19:48:42] [DEBUG]   - Updated link B1->B3 with trust 0.500 (r=0, s=0)
[2025-08-12 19:48:42] [INFO] Processing trust store for B4...
[2025-08-12 19:48:42] [DEBUG]   - Updated link B1->B4 with trust 0.988 (r=82, s=0)
[2025-08-12 19:48:42] [DEBUG]   - Updated link B2->B4 with trust 0.988 (r=82, s=0)
[2025-08-12 19:48:42] [INFO] Processing trust store for B5...
[2025-08-12 19:48:42] [DEBUG]   - Updated link B2->B5 with trust 0.500 (r=0, s=0)
[2025-08-12 19:48:42] [INFO] Processing trust store for B6...
[2025-08-12 19:48:42] [DEBUG]   - Updated link B4->B6 with trust 0.500 (r=0, s=0)
[2025-08-12 19:48:42] [DEBUG]   - Updated link B5->B6 with trust 0.500 (r=0, s=0)
[2025-08-12 19:48:42] [INFO] Processing trust store for B7...
[2025-08-12 19:48:42] [DEBUG]   - Updated link B6->B7 with trust 0.500 (r=0, s=0)
[2025-08-12 19:48:42] [INFO] Writing new authoritative network map to /home/dhruv/winshare/Neighbour_Signer_Model/mosquitto/plugins/payload-modification/network_map.txt...
[2025-08-12 19:48:42] [SUCCESS] Aggregation complete. Network map has been updated.
/home/dhruv/winshare/Neighbour_Signer_Model/mosquitto/plugins/payload-modification/aggregator.py:94: DeprecationWarning: datetime.datetime.utcnow() is deprecated and scheduled for removal in a future version. Use timezone-aware objects to represent datetimes in UTC: datetime.datetime.now(datetime.UTC).
  timestamp = datetime.utcnow().strftime("%Y-%m-%d %H:%M:%S UTC")
[2025-08-12 19:48:57] [INFO] Starting trust map aggregation process...
[2025-08-12 19:48:57] [DEBUG] Reading base topology from: /home/dhruv/winshare/Neighbour_Signer_Model/mosquitto/plugins/payload-modification/network_map.txt
[2025-08-12 19:48:57] [INFO] Loaded base topology with 6 source brokers.
[2025-08-12 19:48:57] [INFO] Processing trust store for B0...
[2025-08-12 19:48:57] [INFO] Processing trust store for B1...
[2025-08-12 19:48:57] [DEBUG]   - Updated link B0->B1 with trust 0.500 (r=0, s=0)
[2025-08-12 19:48:57] [INFO] Processing trust store for B2...
[2025-08-12 19:48:57] [DEBUG]   - Updated link B0->B2 with trust 0.500 (r=0, s=0)
[2025-08-12 19:48:57] [INFO] Processing trust store for B3...
[2025-08-12 19:48:57] [DEBUG]   - Updated link B1->B3 with trust 0.500 (r=0, s=0)
[2025-08-12 19:48:57] [INFO] Processing trust store for B4...
[2025-08-12 19:48:57] [DEBUG]   - Updated link B1->B4 with trust 0.988 (r=83, s=0)
[2025-08-12 19:48:57] [DEBUG]   - Updated link B2->B4 with trust 0.988 (r=83, s=0)
[2025-08-12 19:48:57] [INFO] Processing trust store for B5...
[2025-08-12 19:48:57] [DEBUG]   - Updated link B2->B5 with trust 0.500 (r=0, s=0)
[2025-08-12 19:48:57] [INFO] Processing trust store for B6...
[2025-08-12 19:48:57] [DEBUG]   - Updated link B4->B6 with trust 0.500 (r=0, s=0)
[2025-08-12 19:48:57] [DEBUG]   - Updated link B5->B6 with trust 0.500 (r=0, s=0)
[2025-08-12 19:48:57] [INFO] Processing trust store for B7...
[2025-08-12 19:48:57] [DEBUG]   - Updated link B6->B7 with trust 0.500 (r=0, s=0)
[2025-08-12 19:48:57] [INFO] Writing new authoritative network map to /home/dhruv/winshare/Neighbour_Signer_Model/mosquitto/plugins/payload-modification/network_map.txt...
[2025-08-12 19:48:57] [SUCCESS] Aggregation complete. Network map has been updated.
/home/dhruv/winshare/Neighbour_Signer_Model/mosquitto/plugins/payload-modification/aggregator.py:94: DeprecationWarning: datetime.datetime.utcnow() is deprecated and scheduled for removal in a future version. Use timezone-aware objects to represent datetimes in UTC: datetime.datetime.now(datetime.UTC).
  timestamp = datetime.utcnow().strftime("%Y-%m-%d %H:%M:%S UTC")
[2025-08-12 19:49:12] [INFO] Starting trust map aggregation process...
[2025-08-12 19:49:12] [DEBUG] Reading base topology from: /home/dhruv/winshare/Neighbour_Signer_Model/mosquitto/plugins/payload-modification/network_map.txt
[2025-08-12 19:49:12] [INFO] Loaded base topology with 6 source brokers.
[2025-08-12 19:49:12] [INFO] Processing trust store for B0...
[2025-08-12 19:49:12] [INFO] Processing trust store for B1...
[2025-08-12 19:49:12] [DEBUG]   - Updated link B0->B1 with trust 0.500 (r=0, s=0)
[2025-08-12 19:49:12] [INFO] Processing trust store for B2...
[2025-08-12 19:49:12] [DEBUG]   - Updated link B0->B2 with trust 0.500 (r=0, s=0)
[2025-08-12 19:49:12] [INFO] Processing trust store for B3...
[2025-08-12 19:49:12] [DEBUG]   - Updated link B1->B3 with trust 0.500 (r=0, s=0)
[2025-08-12 19:49:12] [INFO] Processing trust store for B4...
[2025-08-12 19:49:12] [DEBUG]   - Updated link B1->B4 with trust 0.989 (r=85, s=0)
[2025-08-12 19:49:12] [DEBUG]   - Updated link B2->B4 with trust 0.989 (r=85, s=0)
[2025-08-12 19:49:12] [INFO] Processing trust store for B5...
[2025-08-12 19:49:12] [DEBUG]   - Updated link B2->B5 with trust 0.500 (r=0, s=0)
[2025-08-12 19:49:12] [INFO] Processing trust store for B6...
[2025-08-12 19:49:12] [DEBUG]   - Updated link B4->B6 with trust 0.500 (r=0, s=0)
[2025-08-12 19:49:12] [DEBUG]   - Updated link B5->B6 with trust 0.500 (r=0, s=0)
[2025-08-12 19:49:12] [INFO] Processing trust store for B7...
[2025-08-12 19:49:12] [DEBUG]   - Updated link B6->B7 with trust 0.500 (r=0, s=0)
[2025-08-12 19:49:12] [INFO] Writing new authoritative network map to /home/dhruv/winshare/Neighbour_Signer_Model/mosquitto/plugins/payload-modification/network_map.txt...
[2025-08-12 19:49:12] [SUCCESS] Aggregation complete. Network map has been updated.
/home/dhruv/winshare/Neighbour_Signer_Model/mosquitto/plugins/payload-modification/aggregator.py:94: DeprecationWarning: datetime.datetime.utcnow() is deprecated and scheduled for removal in a future version. Use timezone-aware objects to represent datetimes in UTC: datetime.datetime.now(datetime.UTC).
  timestamp = datetime.utcnow().strftime("%Y-%m-%d %H:%M:%S UTC")
[2025-08-12 19:49:27] [INFO] Starting trust map aggregation process...
[2025-08-12 19:49:27] [DEBUG] Reading base topology from: /home/dhruv/winshare/Neighbour_Signer_Model/mosquitto/plugins/payload-modification/network_map.txt
[2025-08-12 19:49:27] [INFO] Loaded base topology with 6 source brokers.
[2025-08-12 19:49:27] [INFO] Processing trust store for B0...
[2025-08-12 19:49:27] [INFO] Processing trust store for B1...
[2025-08-12 19:49:27] [DEBUG]   - Updated link B0->B1 with trust 0.500 (r=0, s=0)
[2025-08-12 19:49:27] [INFO] Processing trust store for B2...
[2025-08-12 19:49:27] [DEBUG]   - Updated link B0->B2 with trust 0.500 (r=0, s=0)
[2025-08-12 19:49:27] [INFO] Processing trust store for B3...
[2025-08-12 19:49:27] [DEBUG]   - Updated link B1->B3 with trust 0.500 (r=0, s=0)
[2025-08-12 19:49:27] [INFO] Processing trust store for B4...
[2025-08-12 19:49:27] [DEBUG]   - Updated link B1->B4 with trust 0.989 (r=86, s=0)
[2025-08-12 19:49:27] [DEBUG]   - Updated link B2->B4 with trust 0.989 (r=86, s=0)
[2025-08-12 19:49:27] [INFO] Processing trust store for B5...
[2025-08-12 19:49:27] [DEBUG]   - Updated link B2->B5 with trust 0.500 (r=0, s=0)
[2025-08-12 19:49:27] [INFO] Processing trust store for B6...
[2025-08-12 19:49:27] [DEBUG]   - Updated link B4->B6 with trust 0.500 (r=0, s=0)
[2025-08-12 19:49:27] [DEBUG]   - Updated link B5->B6 with trust 0.500 (r=0, s=0)
[2025-08-12 19:49:27] [INFO] Processing trust store for B7...
[2025-08-12 19:49:27] [DEBUG]   - Updated link B6->B7 with trust 0.500 (r=0, s=0)
[2025-08-12 19:49:27] [INFO] Writing new authoritative network map to /home/dhruv/winshare/Neighbour_Signer_Model/mosquitto/plugins/payload-modification/network_map.txt...
[2025-08-12 19:49:27] [SUCCESS] Aggregation complete. Network map has been updated.
/home/dhruv/winshare/Neighbour_Signer_Model/mosquitto/plugins/payload-modification/aggregator.py:94: DeprecationWarning: datetime.datetime.utcnow() is deprecated and scheduled for removal in a future version. Use timezone-aware objects to represent datetimes in UTC: datetime.datetime.now(datetime.UTC).
  timestamp = datetime.utcnow().strftime("%Y-%m-%d %H:%M:%S UTC")
[2025-08-12 19:49:42] [INFO] Starting trust map aggregation process...
[2025-08-12 19:49:42] [DEBUG] Reading base topology from: /home/dhruv/winshare/Neighbour_Signer_Model/mosquitto/plugins/payload-modification/network_map.txt
[2025-08-12 19:49:42] [INFO] Loaded base topology with 6 source brokers.
[2025-08-12 19:49:42] [INFO] Processing trust store for B0...
[2025-08-12 19:49:42] [INFO] Processing trust store for B1...
[2025-08-12 19:49:42] [DEBUG]   - Updated link B0->B1 with trust 0.500 (r=0, s=0)
[2025-08-12 19:49:42] [INFO] Processing trust store for B2...
[2025-08-12 19:49:42] [DEBUG]   - Updated link B0->B2 with trust 0.500 (r=0, s=0)
[2025-08-12 19:49:42] [INFO] Processing trust store for B3...
[2025-08-12 19:49:42] [DEBUG]   - Updated link B1->B3 with trust 0.500 (r=0, s=0)
[2025-08-12 19:49:42] [INFO] Processing trust store for B4...
[2025-08-12 19:49:42] [DEBUG]   - Updated link B1->B4 with trust 0.989 (r=87, s=0)
[2025-08-12 19:49:42] [DEBUG]   - Updated link B2->B4 with trust 0.989 (r=87, s=0)
[2025-08-12 19:49:42] [INFO] Processing trust store for B5...
[2025-08-12 19:49:42] [DEBUG]   - Updated link B2->B5 with trust 0.500 (r=0, s=0)
[2025-08-12 19:49:42] [INFO] Processing trust store for B6...
[2025-08-12 19:49:42] [DEBUG]   - Updated link B4->B6 with trust 0.500 (r=0, s=0)
[2025-08-12 19:49:42] [DEBUG]   - Updated link B5->B6 with trust 0.500 (r=0, s=0)
[2025-08-12 19:49:42] [INFO] Processing trust store for B7...
[2025-08-12 19:49:42] [DEBUG]   - Updated link B6->B7 with trust 0.500 (r=0, s=0)
[2025-08-12 19:49:42] [INFO] Writing new authoritative network map to /home/dhruv/winshare/Neighbour_Signer_Model/mosquitto/plugins/payload-modification/network_map.txt...
[2025-08-12 19:49:42] [SUCCESS] Aggregation complete. Network map has been updated.
/home/dhruv/winshare/Neighbour_Signer_Model/mosquitto/plugins/payload-modification/aggregator.py:94: DeprecationWarning: datetime.datetime.utcnow() is deprecated and scheduled for removal in a future version. Use timezone-aware objects to represent datetimes in UTC: datetime.datetime.now(datetime.UTC).
  timestamp = datetime.utcnow().strftime("%Y-%m-%d %H:%M:%S UTC")
[2025-08-12 19:49:57] [INFO] Starting trust map aggregation process...
[2025-08-12 19:49:57] [DEBUG] Reading base topology from: /home/dhruv/winshare/Neighbour_Signer_Model/mosquitto/plugins/payload-modification/network_map.txt
[2025-08-12 19:49:57] [INFO] Loaded base topology with 6 source brokers.
[2025-08-12 19:49:57] [INFO] Processing trust store for B0...
[2025-08-12 19:49:57] [INFO] Processing trust store for B1...
[2025-08-12 19:49:57] [DEBUG]   - Updated link B0->B1 with trust 0.500 (r=0, s=0)
[2025-08-12 19:49:57] [INFO] Processing trust store for B2...
[2025-08-12 19:49:57] [DEBUG]   - Updated link B0->B2 with trust 0.500 (r=0, s=0)
[2025-08-12 19:49:57] [INFO] Processing trust store for B3...
[2025-08-12 19:49:57] [DEBUG]   - Updated link B1->B3 with trust 0.500 (r=0, s=0)
[2025-08-12 19:49:57] [INFO] Processing trust store for B4...
[2025-08-12 19:49:57] [DEBUG]   - Updated link B1->B4 with trust 0.989 (r=89, s=0)
[2025-08-12 19:49:57] [DEBUG]   - Updated link B2->B4 with trust 0.989 (r=89, s=0)
[2025-08-12 19:49:57] [INFO] Processing trust store for B5...
[2025-08-12 19:49:57] [DEBUG]   - Updated link B2->B5 with trust 0.500 (r=0, s=0)
[2025-08-12 19:49:57] [INFO] Processing trust store for B6...
[2025-08-12 19:49:57] [DEBUG]   - Updated link B4->B6 with trust 0.500 (r=0, s=0)
[2025-08-12 19:49:57] [DEBUG]   - Updated link B5->B6 with trust 0.500 (r=0, s=0)
[2025-08-12 19:49:57] [INFO] Processing trust store for B7...
[2025-08-12 19:49:57] [DEBUG]   - Updated link B6->B7 with trust 0.500 (r=0, s=0)
[2025-08-12 19:49:57] [INFO] Writing new authoritative network map to /home/dhruv/winshare/Neighbour_Signer_Model/mosquitto/plugins/payload-modification/network_map.txt...
[2025-08-12 19:49:57] [SUCCESS] Aggregation complete. Network map has been updated.
/home/dhruv/winshare/Neighbour_Signer_Model/mosquitto/plugins/payload-modification/aggregator.py:94: DeprecationWarning: datetime.datetime.utcnow() is deprecated and scheduled for removal in a future version. Use timezone-aware objects to represent datetimes in UTC: datetime.datetime.now(datetime.UTC).
  timestamp = datetime.utcnow().strftime("%Y-%m-%d %H:%M:%S UTC")
[2025-08-12 19:50:12] [INFO] Starting trust map aggregation process...
[2025-08-12 19:50:12] [DEBUG] Reading base topology from: /home/dhruv/winshare/Neighbour_Signer_Model/mosquitto/plugins/payload-modification/network_map.txt
[2025-08-12 19:50:12] [INFO] Loaded base topology with 6 source brokers.
[2025-08-12 19:50:12] [INFO] Processing trust store for B0...
[2025-08-12 19:50:12] [INFO] Processing trust store for B1...
[2025-08-12 19:50:12] [DEBUG]   - Updated link B0->B1 with trust 0.500 (r=0, s=0)
[2025-08-12 19:50:12] [INFO] Processing trust store for B2...
[2025-08-12 19:50:12] [DEBUG]   - Updated link B0->B2 with trust 0.500 (r=0, s=0)
[2025-08-12 19:50:12] [INFO] Processing trust store for B3...
[2025-08-12 19:50:12] [DEBUG]   - Updated link B1->B3 with trust 0.500 (r=0, s=0)
[2025-08-12 19:50:12] [INFO] Processing trust store for B4...
[2025-08-12 19:50:12] [DEBUG]   - Updated link B1->B4 with trust 0.989 (r=90, s=0)
[2025-08-12 19:50:12] [DEBUG]   - Updated link B2->B4 with trust 0.989 (r=90, s=0)
[2025-08-12 19:50:12] [INFO] Processing trust store for B5...
[2025-08-12 19:50:12] [DEBUG]   - Updated link B2->B5 with trust 0.500 (r=0, s=0)
[2025-08-12 19:50:12] [INFO] Processing trust store for B6...
[2025-08-12 19:50:12] [DEBUG]   - Updated link B4->B6 with trust 0.500 (r=0, s=0)
[2025-08-12 19:50:12] [DEBUG]   - Updated link B5->B6 with trust 0.500 (r=0, s=0)
[2025-08-12 19:50:12] [INFO] Processing trust store for B7...
[2025-08-12 19:50:12] [DEBUG]   - Updated link B6->B7 with trust 0.500 (r=0, s=0)
[2025-08-12 19:50:12] [INFO] Writing new authoritative network map to /home/dhruv/winshare/Neighbour_Signer_Model/mosquitto/plugins/payload-modification/network_map.txt...
[2025-08-12 19:50:12] [SUCCESS] Aggregation complete. Network map has been updated.
/home/dhruv/winshare/Neighbour_Signer_Model/mosquitto/plugins/payload-modification/aggregator.py:94: DeprecationWarning: datetime.datetime.utcnow() is deprecated and scheduled for removal in a future version. Use timezone-aware objects to represent datetimes in UTC: datetime.datetime.now(datetime.UTC).
  timestamp = datetime.utcnow().strftime("%Y-%m-%d %H:%M:%S UTC")
[2025-08-12 19:50:27] [INFO] Starting trust map aggregation process...
[2025-08-12 19:50:27] [DEBUG] Reading base topology from: /home/dhruv/winshare/Neighbour_Signer_Model/mosquitto/plugins/payload-modification/network_map.txt
[2025-08-12 19:50:27] [INFO] Loaded base topology with 6 source brokers.
[2025-08-12 19:50:27] [INFO] Processing trust store for B0...
[2025-08-12 19:50:27] [INFO] Processing trust store for B1...
[2025-08-12 19:50:27] [DEBUG]   - Updated link B0->B1 with trust 0.500 (r=0, s=0)
[2025-08-12 19:50:27] [INFO] Processing trust store for B2...
[2025-08-12 19:50:27] [DEBUG]   - Updated link B0->B2 with trust 0.500 (r=0, s=0)
[2025-08-12 19:50:27] [INFO] Processing trust store for B3...
[2025-08-12 19:50:27] [DEBUG]   - Updated link B1->B3 with trust 0.500 (r=0, s=0)
[2025-08-12 19:50:27] [INFO] Processing trust store for B4...
[2025-08-12 19:50:27] [DEBUG]   - Updated link B1->B4 with trust 0.989 (r=91, s=0)
[2025-08-12 19:50:27] [DEBUG]   - Updated link B2->B4 with trust 0.989 (r=91, s=0)
[2025-08-12 19:50:27] [INFO] Processing trust store for B5...
[2025-08-12 19:50:27] [DEBUG]   - Updated link B2->B5 with trust 0.500 (r=0, s=0)
[2025-08-12 19:50:27] [INFO] Processing trust store for B6...
[2025-08-12 19:50:27] [DEBUG]   - Updated link B4->B6 with trust 0.500 (r=0, s=0)
[2025-08-12 19:50:27] [DEBUG]   - Updated link B5->B6 with trust 0.500 (r=0, s=0)
[2025-08-12 19:50:27] [INFO] Processing trust store for B7...
[2025-08-12 19:50:27] [DEBUG]   - Updated link B6->B7 with trust 0.500 (r=0, s=0)
[2025-08-12 19:50:27] [INFO] Writing new authoritative network map to /home/dhruv/winshare/Neighbour_Signer_Model/mosquitto/plugins/payload-modification/network_map.txt...
[2025-08-12 19:50:27] [SUCCESS] Aggregation complete. Network map has been updated.
/home/dhruv/winshare/Neighbour_Signer_Model/mosquitto/plugins/payload-modification/aggregator.py:94: DeprecationWarning: datetime.datetime.utcnow() is deprecated and scheduled for removal in a future version. Use timezone-aware objects to represent datetimes in UTC: datetime.datetime.now(datetime.UTC).
  timestamp = datetime.utcnow().strftime("%Y-%m-%d %H:%M:%S UTC")
[2025-08-12 19:50:42] [INFO] Starting trust map aggregation process...
[2025-08-12 19:50:42] [DEBUG] Reading base topology from: /home/dhruv/winshare/Neighbour_Signer_Model/mosquitto/plugins/payload-modification/network_map.txt
[2025-08-12 19:50:42] [INFO] Loaded base topology with 6 source brokers.
[2025-08-12 19:50:42] [INFO] Processing trust store for B0...
[2025-08-12 19:50:42] [INFO] Processing trust store for B1...
[2025-08-12 19:50:42] [DEBUG]   - Updated link B0->B1 with trust 0.500 (r=0, s=0)
[2025-08-12 19:50:42] [INFO] Processing trust store for B2...
[2025-08-12 19:50:42] [DEBUG]   - Updated link B0->B2 with trust 0.500 (r=0, s=0)
[2025-08-12 19:50:42] [INFO] Processing trust store for B3...
[2025-08-12 19:50:42] [DEBUG]   - Updated link B1->B3 with trust 0.500 (r=0, s=0)
[2025-08-12 19:50:42] [INFO] Processing trust store for B4...
[2025-08-12 19:50:42] [DEBUG]   - Updated link B1->B4 with trust 0.989 (r=93, s=0)
[2025-08-12 19:50:42] [DEBUG]   - Updated link B2->B4 with trust 0.989 (r=93, s=0)
[2025-08-12 19:50:42] [INFO] Processing trust store for B5...
[2025-08-12 19:50:42] [DEBUG]   - Updated link B2->B5 with trust 0.500 (r=0, s=0)
[2025-08-12 19:50:42] [INFO] Processing trust store for B6...
[2025-08-12 19:50:42] [DEBUG]   - Updated link B4->B6 with trust 0.500 (r=0, s=0)
[2025-08-12 19:50:42] [DEBUG]   - Updated link B5->B6 with trust 0.500 (r=0, s=0)
[2025-08-12 19:50:42] [INFO] Processing trust store for B7...
[2025-08-12 19:50:42] [DEBUG]   - Updated link B6->B7 with trust 0.500 (r=0, s=0)
[2025-08-12 19:50:42] [INFO] Writing new authoritative network map to /home/dhruv/winshare/Neighbour_Signer_Model/mosquitto/plugins/payload-modification/network_map.txt...
[2025-08-12 19:50:42] [SUCCESS] Aggregation complete. Network map has been updated.
/home/dhruv/winshare/Neighbour_Signer_Model/mosquitto/plugins/payload-modification/aggregator.py:94: DeprecationWarning: datetime.datetime.utcnow() is deprecated and scheduled for removal in a future version. Use timezone-aware objects to represent datetimes in UTC: datetime.datetime.now(datetime.UTC).
  timestamp = datetime.utcnow().strftime("%Y-%m-%d %H:%M:%S UTC")
[2025-08-12 19:50:57] [INFO] Starting trust map aggregation process...
[2025-08-12 19:50:57] [DEBUG] Reading base topology from: /home/dhruv/winshare/Neighbour_Signer_Model/mosquitto/plugins/payload-modification/network_map.txt
[2025-08-12 19:50:57] [INFO] Loaded base topology with 6 source brokers.
[2025-08-12 19:50:57] [INFO] Processing trust store for B0...
[2025-08-12 19:50:57] [INFO] Processing trust store for B1...
[2025-08-12 19:50:57] [DEBUG]   - Updated link B0->B1 with trust 0.500 (r=0, s=0)
[2025-08-12 19:50:57] [INFO] Processing trust store for B2...
[2025-08-12 19:50:57] [DEBUG]   - Updated link B0->B2 with trust 0.500 (r=0, s=0)
[2025-08-12 19:50:57] [INFO] Processing trust store for B3...
[2025-08-12 19:50:57] [DEBUG]   - Updated link B1->B3 with trust 0.500 (r=0, s=0)
[2025-08-12 19:50:57] [INFO] Processing trust store for B4...
[2025-08-12 19:50:57] [DEBUG]   - Updated link B1->B4 with trust 0.990 (r=94, s=0)
[2025-08-12 19:50:57] [DEBUG]   - Updated link B2->B4 with trust 0.990 (r=94, s=0)
[2025-08-12 19:50:57] [INFO] Processing trust store for B5...
[2025-08-12 19:50:57] [DEBUG]   - Updated link B2->B5 with trust 0.500 (r=0, s=0)
[2025-08-12 19:50:57] [INFO] Processing trust store for B6...
[2025-08-12 19:50:57] [DEBUG]   - Updated link B4->B6 with trust 0.500 (r=0, s=0)
[2025-08-12 19:50:57] [DEBUG]   - Updated link B5->B6 with trust 0.500 (r=0, s=0)
[2025-08-12 19:50:57] [INFO] Processing trust store for B7...
[2025-08-12 19:50:57] [DEBUG]   - Updated link B6->B7 with trust 0.500 (r=0, s=0)
[2025-08-12 19:50:57] [INFO] Writing new authoritative network map to /home/dhruv/winshare/Neighbour_Signer_Model/mosquitto/plugins/payload-modification/network_map.txt...
[2025-08-12 19:50:57] [SUCCESS] Aggregation complete. Network map has been updated.
/home/dhruv/winshare/Neighbour_Signer_Model/mosquitto/plugins/payload-modification/aggregator.py:94: DeprecationWarning: datetime.datetime.utcnow() is deprecated and scheduled for removal in a future version. Use timezone-aware objects to represent datetimes in UTC: datetime.datetime.now(datetime.UTC).
  timestamp = datetime.utcnow().strftime("%Y-%m-%d %H:%M:%S UTC")
[2025-08-12 19:51:12] [INFO] Starting trust map aggregation process...
[2025-08-12 19:51:12] [DEBUG] Reading base topology from: /home/dhruv/winshare/Neighbour_Signer_Model/mosquitto/plugins/payload-modification/network_map.txt
[2025-08-12 19:51:12] [INFO] Loaded base topology with 6 source brokers.
[2025-08-12 19:51:12] [INFO] Processing trust store for B0...
[2025-08-12 19:51:12] [INFO] Processing trust store for B1...
[2025-08-12 19:51:12] [DEBUG]   - Updated link B0->B1 with trust 0.500 (r=0, s=0)
[2025-08-12 19:51:12] [INFO] Processing trust store for B2...
[2025-08-12 19:51:12] [DEBUG]   - Updated link B0->B2 with trust 0.500 (r=0, s=0)
[2025-08-12 19:51:12] [INFO] Processing trust store for B3...
[2025-08-12 19:51:12] [DEBUG]   - Updated link B1->B3 with trust 0.500 (r=0, s=0)
[2025-08-12 19:51:12] [INFO] Processing trust store for B4...
[2025-08-12 19:51:12] [DEBUG]   - Updated link B1->B4 with trust 0.990 (r=95, s=0)
[2025-08-12 19:51:12] [DEBUG]   - Updated link B2->B4 with trust 0.990 (r=95, s=0)
[2025-08-12 19:51:12] [INFO] Processing trust store for B5...
[2025-08-12 19:51:12] [DEBUG]   - Updated link B2->B5 with trust 0.500 (r=0, s=0)
[2025-08-12 19:51:12] [INFO] Processing trust store for B6...
[2025-08-12 19:51:12] [DEBUG]   - Updated link B4->B6 with trust 0.500 (r=0, s=0)
[2025-08-12 19:51:12] [DEBUG]   - Updated link B5->B6 with trust 0.500 (r=0, s=0)
[2025-08-12 19:51:12] [INFO] Processing trust store for B7...
[2025-08-12 19:51:12] [DEBUG]   - Updated link B6->B7 with trust 0.500 (r=0, s=0)
[2025-08-12 19:51:12] [INFO] Writing new authoritative network map to /home/dhruv/winshare/Neighbour_Signer_Model/mosquitto/plugins/payload-modification/network_map.txt...
[2025-08-12 19:51:12] [SUCCESS] Aggregation complete. Network map has been updated.
/home/dhruv/winshare/Neighbour_Signer_Model/mosquitto/plugins/payload-modification/aggregator.py:94: DeprecationWarning: datetime.datetime.utcnow() is deprecated and scheduled for removal in a future version. Use timezone-aware objects to represent datetimes in UTC: datetime.datetime.now(datetime.UTC).
  timestamp = datetime.utcnow().strftime("%Y-%m-%d %H:%M:%S UTC")
[2025-08-12 19:51:27] [INFO] Starting trust map aggregation process...
[2025-08-12 19:51:27] [DEBUG] Reading base topology from: /home/dhruv/winshare/Neighbour_Signer_Model/mosquitto/plugins/payload-modification/network_map.txt
[2025-08-12 19:51:27] [INFO] Loaded base topology with 6 source brokers.
[2025-08-12 19:51:27] [INFO] Processing trust store for B0...
[2025-08-12 19:51:27] [INFO] Processing trust store for B1...
[2025-08-12 19:51:27] [DEBUG]   - Updated link B0->B1 with trust 0.500 (r=0, s=0)
[2025-08-12 19:51:27] [INFO] Processing trust store for B2...
[2025-08-12 19:51:27] [DEBUG]   - Updated link B0->B2 with trust 0.500 (r=0, s=0)
[2025-08-12 19:51:27] [INFO] Processing trust store for B3...
[2025-08-12 19:51:27] [DEBUG]   - Updated link B1->B3 with trust 0.500 (r=0, s=0)
[2025-08-12 19:51:27] [INFO] Processing trust store for B4...
[2025-08-12 19:51:27] [DEBUG]   - Updated link B1->B4 with trust 0.990 (r=97, s=0)
[2025-08-12 19:51:27] [DEBUG]   - Updated link B2->B4 with trust 0.990 (r=97, s=0)
[2025-08-12 19:51:27] [INFO] Processing trust store for B5...
[2025-08-12 19:51:27] [DEBUG]   - Updated link B2->B5 with trust 0.500 (r=0, s=0)
[2025-08-12 19:51:27] [INFO] Processing trust store for B6...
[2025-08-12 19:51:27] [DEBUG]   - Updated link B4->B6 with trust 0.500 (r=0, s=0)
[2025-08-12 19:51:27] [DEBUG]   - Updated link B5->B6 with trust 0.500 (r=0, s=0)
[2025-08-12 19:51:27] [INFO] Processing trust store for B7...
[2025-08-12 19:51:27] [DEBUG]   - Updated link B6->B7 with trust 0.500 (r=0, s=0)
[2025-08-12 19:51:27] [INFO] Writing new authoritative network map to /home/dhruv/winshare/Neighbour_Signer_Model/mosquitto/plugins/payload-modification/network_map.txt...
[2025-08-12 19:51:27] [SUCCESS] Aggregation complete. Network map has been updated.
/home/dhruv/winshare/Neighbour_Signer_Model/mosquitto/plugins/payload-modification/aggregator.py:94: DeprecationWarning: datetime.datetime.utcnow() is deprecated and scheduled for removal in a future version. Use timezone-aware objects to represent datetimes in UTC: datetime.datetime.now(datetime.UTC).
  timestamp = datetime.utcnow().strftime("%Y-%m-%d %H:%M:%S UTC")
[2025-08-12 19:51:43] [INFO] Starting trust map aggregation process...
[2025-08-12 19:51:43] [DEBUG] Reading base topology from: /home/dhruv/winshare/Neighbour_Signer_Model/mosquitto/plugins/payload-modification/network_map.txt
[2025-08-12 19:51:43] [INFO] Loaded base topology with 6 source brokers.
[2025-08-12 19:51:43] [INFO] Processing trust store for B0...
[2025-08-12 19:51:43] [INFO] Processing trust store for B1...
[2025-08-12 19:51:43] [DEBUG]   - Updated link B0->B1 with trust 0.500 (r=0, s=0)
[2025-08-12 19:51:43] [INFO] Processing trust store for B2...
[2025-08-12 19:51:43] [DEBUG]   - Updated link B0->B2 with trust 0.500 (r=0, s=0)
[2025-08-12 19:51:43] [INFO] Processing trust store for B3...
[2025-08-12 19:51:43] [DEBUG]   - Updated link B1->B3 with trust 0.500 (r=0, s=0)
[2025-08-12 19:51:43] [INFO] Processing trust store for B4...
[2025-08-12 19:51:43] [DEBUG]   - Updated link B1->B4 with trust 0.990 (r=98, s=0)
[2025-08-12 19:51:43] [DEBUG]   - Updated link B2->B4 with trust 0.990 (r=98, s=0)
[2025-08-12 19:51:43] [INFO] Processing trust store for B5...
[2025-08-12 19:51:43] [DEBUG]   - Updated link B2->B5 with trust 0.500 (r=0, s=0)
[2025-08-12 19:51:43] [INFO] Processing trust store for B6...
[2025-08-12 19:51:43] [DEBUG]   - Updated link B4->B6 with trust 0.500 (r=0, s=0)
[2025-08-12 19:51:43] [DEBUG]   - Updated link B5->B6 with trust 0.500 (r=0, s=0)
[2025-08-12 19:51:43] [INFO] Processing trust store for B7...
[2025-08-12 19:51:43] [DEBUG]   - Updated link B6->B7 with trust 0.500 (r=0, s=0)
[2025-08-12 19:51:43] [INFO] Writing new authoritative network map to /home/dhruv/winshare/Neighbour_Signer_Model/mosquitto/plugins/payload-modification/network_map.txt...
[2025-08-12 19:51:43] [SUCCESS] Aggregation complete. Network map has been updated.
/home/dhruv/winshare/Neighbour_Signer_Model/mosquitto/plugins/payload-modification/aggregator.py:94: DeprecationWarning: datetime.datetime.utcnow() is deprecated and scheduled for removal in a future version. Use timezone-aware objects to represent datetimes in UTC: datetime.datetime.now(datetime.UTC).
  timestamp = datetime.utcnow().strftime("%Y-%m-%d %H:%M:%S UTC")
[2025-08-12 19:51:58] [INFO] Starting trust map aggregation process...
[2025-08-12 19:51:58] [DEBUG] Reading base topology from: /home/dhruv/winshare/Neighbour_Signer_Model/mosquitto/plugins/payload-modification/network_map.txt
[2025-08-12 19:51:58] [INFO] Loaded base topology with 6 source brokers.
[2025-08-12 19:51:58] [INFO] Processing trust store for B0...
[2025-08-12 19:51:58] [INFO] Processing trust store for B1...
[2025-08-12 19:51:58] [DEBUG]   - Updated link B0->B1 with trust 0.500 (r=0, s=0)
[2025-08-12 19:51:58] [INFO] Processing trust store for B2...
[2025-08-12 19:51:58] [DEBUG]   - Updated link B0->B2 with trust 0.500 (r=0, s=0)
[2025-08-12 19:51:58] [INFO] Processing trust store for B3...
[2025-08-12 19:51:58] [DEBUG]   - Updated link B1->B3 with trust 0.500 (r=0, s=0)
[2025-08-12 19:51:58] [INFO] Processing trust store for B4...
[2025-08-12 19:51:58] [DEBUG]   - Updated link B1->B4 with trust 0.990 (r=100, s=0)
[2025-08-12 19:51:58] [DEBUG]   - Updated link B2->B4 with trust 0.990 (r=100, s=0)
[2025-08-12 19:51:58] [INFO] Processing trust store for B5...
[2025-08-12 19:51:58] [DEBUG]   - Updated link B2->B5 with trust 0.500 (r=0, s=0)
[2025-08-12 19:51:58] [INFO] Processing trust store for B6...
[2025-08-12 19:51:58] [DEBUG]   - Updated link B4->B6 with trust 0.500 (r=0, s=0)
[2025-08-12 19:51:58] [DEBUG]   - Updated link B5->B6 with trust 0.500 (r=0, s=0)
[2025-08-12 19:51:58] [INFO] Processing trust store for B7...
[2025-08-12 19:51:58] [DEBUG]   - Updated link B6->B7 with trust 0.500 (r=0, s=0)
[2025-08-12 19:51:58] [INFO] Writing new authoritative network map to /home/dhruv/winshare/Neighbour_Signer_Model/mosquitto/plugins/payload-modification/network_map.txt...
[2025-08-12 19:51:58] [SUCCESS] Aggregation complete. Network map has been updated.
/home/dhruv/winshare/Neighbour_Signer_Model/mosquitto/plugins/payload-modification/aggregator.py:94: DeprecationWarning: datetime.datetime.utcnow() is deprecated and scheduled for removal in a future version. Use timezone-aware objects to represent datetimes in UTC: datetime.datetime.now(datetime.UTC).
  timestamp = datetime.utcnow().strftime("%Y-%m-%d %H:%M:%S UTC")
[2025-08-12 19:52:13] [INFO] Starting trust map aggregation process...
[2025-08-12 19:52:13] [DEBUG] Reading base topology from: /home/dhruv/winshare/Neighbour_Signer_Model/mosquitto/plugins/payload-modification/network_map.txt
[2025-08-12 19:52:13] [INFO] Loaded base topology with 6 source brokers.
[2025-08-12 19:52:13] [INFO] Processing trust store for B0...
[2025-08-12 19:52:13] [INFO] Processing trust store for B1...
[2025-08-12 19:52:13] [DEBUG]   - Updated link B0->B1 with trust 0.500 (r=0, s=0)
[2025-08-12 19:52:13] [INFO] Processing trust store for B2...
[2025-08-12 19:52:13] [DEBUG]   - Updated link B0->B2 with trust 0.500 (r=0, s=0)
[2025-08-12 19:52:13] [INFO] Processing trust store for B3...
[2025-08-12 19:52:13] [DEBUG]   - Updated link B1->B3 with trust 0.500 (r=0, s=0)
[2025-08-12 19:52:13] [INFO] Processing trust store for B4...
[2025-08-12 19:52:13] [DEBUG]   - Updated link B1->B4 with trust 0.990 (r=101, s=0)
[2025-08-12 19:52:13] [DEBUG]   - Updated link B2->B4 with trust 0.990 (r=101, s=0)
[2025-08-12 19:52:13] [INFO] Processing trust store for B5...
[2025-08-12 19:52:13] [DEBUG]   - Updated link B2->B5 with trust 0.500 (r=0, s=0)
[2025-08-12 19:52:13] [INFO] Processing trust store for B6...
[2025-08-12 19:52:13] [DEBUG]   - Updated link B4->B6 with trust 0.500 (r=0, s=0)
[2025-08-12 19:52:13] [DEBUG]   - Updated link B5->B6 with trust 0.500 (r=0, s=0)
[2025-08-12 19:52:13] [INFO] Processing trust store for B7...
[2025-08-12 19:52:13] [DEBUG]   - Updated link B6->B7 with trust 0.500 (r=0, s=0)
[2025-08-12 19:52:13] [INFO] Writing new authoritative network map to /home/dhruv/winshare/Neighbour_Signer_Model/mosquitto/plugins/payload-modification/network_map.txt...
[2025-08-12 19:52:13] [SUCCESS] Aggregation complete. Network map has been updated.
/home/dhruv/winshare/Neighbour_Signer_Model/mosquitto/plugins/payload-modification/aggregator.py:94: DeprecationWarning: datetime.datetime.utcnow() is deprecated and scheduled for removal in a future version. Use timezone-aware objects to represent datetimes in UTC: datetime.datetime.now(datetime.UTC).
  timestamp = datetime.utcnow().strftime("%Y-%m-%d %H:%M:%S UTC")
[2025-08-12 19:52:28] [INFO] Starting trust map aggregation process...
[2025-08-12 19:52:28] [DEBUG] Reading base topology from: /home/dhruv/winshare/Neighbour_Signer_Model/mosquitto/plugins/payload-modification/network_map.txt
[2025-08-12 19:52:28] [INFO] Loaded base topology with 6 source brokers.
[2025-08-12 19:52:28] [INFO] Processing trust store for B0...
[2025-08-12 19:52:28] [INFO] Processing trust store for B1...
[2025-08-12 19:52:28] [DEBUG]   - Updated link B0->B1 with trust 0.500 (r=0, s=0)
[2025-08-12 19:52:28] [INFO] Processing trust store for B2...
[2025-08-12 19:52:28] [DEBUG]   - Updated link B0->B2 with trust 0.500 (r=0, s=0)
[2025-08-12 19:52:28] [INFO] Processing trust store for B3...
[2025-08-12 19:52:28] [DEBUG]   - Updated link B1->B3 with trust 0.500 (r=0, s=0)
[2025-08-12 19:52:28] [INFO] Processing trust store for B4...
[2025-08-12 19:52:28] [DEBUG]   - Updated link B1->B4 with trust 0.990 (r=102, s=0)
[2025-08-12 19:52:28] [DEBUG]   - Updated link B2->B4 with trust 0.990 (r=102, s=0)
[2025-08-12 19:52:28] [INFO] Processing trust store for B5...
[2025-08-12 19:52:28] [DEBUG]   - Updated link B2->B5 with trust 0.500 (r=0, s=0)
[2025-08-12 19:52:28] [INFO] Processing trust store for B6...
[2025-08-12 19:52:28] [DEBUG]   - Updated link B4->B6 with trust 0.500 (r=0, s=0)
[2025-08-12 19:52:28] [DEBUG]   - Updated link B5->B6 with trust 0.500 (r=0, s=0)
[2025-08-12 19:52:28] [INFO] Processing trust store for B7...
[2025-08-12 19:52:28] [DEBUG]   - Updated link B6->B7 with trust 0.500 (r=0, s=0)
[2025-08-12 19:52:28] [INFO] Writing new authoritative network map to /home/dhruv/winshare/Neighbour_Signer_Model/mosquitto/plugins/payload-modification/network_map.txt...
[2025-08-12 19:52:28] [SUCCESS] Aggregation complete. Network map has been updated.
/home/dhruv/winshare/Neighbour_Signer_Model/mosquitto/plugins/payload-modification/aggregator.py:94: DeprecationWarning: datetime.datetime.utcnow() is deprecated and scheduled for removal in a future version. Use timezone-aware objects to represent datetimes in UTC: datetime.datetime.now(datetime.UTC).
  timestamp = datetime.utcnow().strftime("%Y-%m-%d %H:%M:%S UTC")
[2025-08-12 19:52:43] [INFO] Starting trust map aggregation process...
[2025-08-12 19:52:43] [DEBUG] Reading base topology from: /home/dhruv/winshare/Neighbour_Signer_Model/mosquitto/plugins/payload-modification/network_map.txt
[2025-08-12 19:52:43] [INFO] Loaded base topology with 6 source brokers.
[2025-08-12 19:52:43] [INFO] Processing trust store for B0...
[2025-08-12 19:52:43] [INFO] Processing trust store for B1...
[2025-08-12 19:52:43] [DEBUG]   - Updated link B0->B1 with trust 0.500 (r=0, s=0)
[2025-08-12 19:52:43] [INFO] Processing trust store for B2...
[2025-08-12 19:52:43] [DEBUG]   - Updated link B0->B2 with trust 0.500 (r=0, s=0)
[2025-08-12 19:52:43] [INFO] Processing trust store for B3...
[2025-08-12 19:52:43] [DEBUG]   - Updated link B1->B3 with trust 0.500 (r=0, s=0)
[2025-08-12 19:52:43] [INFO] Processing trust store for B4...
[2025-08-12 19:52:43] [DEBUG]   - Updated link B1->B4 with trust 0.990 (r=103, s=0)
[2025-08-12 19:52:43] [DEBUG]   - Updated link B2->B4 with trust 0.990 (r=103, s=0)
[2025-08-12 19:52:43] [INFO] Processing trust store for B5...
[2025-08-12 19:52:43] [DEBUG]   - Updated link B2->B5 with trust 0.500 (r=0, s=0)
[2025-08-12 19:52:43] [INFO] Processing trust store for B6...
[2025-08-12 19:52:43] [DEBUG]   - Updated link B4->B6 with trust 0.500 (r=0, s=0)
[2025-08-12 19:52:43] [DEBUG]   - Updated link B5->B6 with trust 0.500 (r=0, s=0)
[2025-08-12 19:52:43] [INFO] Processing trust store for B7...
[2025-08-12 19:52:43] [DEBUG]   - Updated link B6->B7 with trust 0.500 (r=0, s=0)
[2025-08-12 19:52:43] [INFO] Writing new authoritative network map to /home/dhruv/winshare/Neighbour_Signer_Model/mosquitto/plugins/payload-modification/network_map.txt...
[2025-08-12 19:52:43] [SUCCESS] Aggregation complete. Network map has been updated.
/home/dhruv/winshare/Neighbour_Signer_Model/mosquitto/plugins/payload-modification/aggregator.py:94: DeprecationWarning: datetime.datetime.utcnow() is deprecated and scheduled for removal in a future version. Use timezone-aware objects to represent datetimes in UTC: datetime.datetime.now(datetime.UTC).
  timestamp = datetime.utcnow().strftime("%Y-%m-%d %H:%M:%S UTC")
[2025-08-12 19:52:58] [INFO] Starting trust map aggregation process...
[2025-08-12 19:52:58] [DEBUG] Reading base topology from: /home/dhruv/winshare/Neighbour_Signer_Model/mosquitto/plugins/payload-modification/network_map.txt
[2025-08-12 19:52:58] [INFO] Loaded base topology with 6 source brokers.
[2025-08-12 19:52:58] [INFO] Processing trust store for B0...
[2025-08-12 19:52:58] [INFO] Processing trust store for B1...
[2025-08-12 19:52:58] [DEBUG]   - Updated link B0->B1 with trust 0.500 (r=0, s=0)
[2025-08-12 19:52:58] [INFO] Processing trust store for B2...
[2025-08-12 19:52:58] [DEBUG]   - Updated link B0->B2 with trust 0.500 (r=0, s=0)
[2025-08-12 19:52:58] [INFO] Processing trust store for B3...
[2025-08-12 19:52:58] [DEBUG]   - Updated link B1->B3 with trust 0.500 (r=0, s=0)
[2025-08-12 19:52:58] [INFO] Processing trust store for B4...
[2025-08-12 19:52:58] [DEBUG]   - Updated link B1->B4 with trust 0.991 (r=104, s=0)
[2025-08-12 19:52:58] [DEBUG]   - Updated link B2->B4 with trust 0.991 (r=104, s=0)
[2025-08-12 19:52:58] [INFO] Processing trust store for B5...
[2025-08-12 19:52:58] [DEBUG]   - Updated link B2->B5 with trust 0.500 (r=0, s=0)
[2025-08-12 19:52:58] [INFO] Processing trust store for B6...
[2025-08-12 19:52:58] [DEBUG]   - Updated link B4->B6 with trust 0.500 (r=0, s=0)
[2025-08-12 19:52:58] [DEBUG]   - Updated link B5->B6 with trust 0.500 (r=0, s=0)
[2025-08-12 19:52:58] [INFO] Processing trust store for B7...
[2025-08-12 19:52:58] [DEBUG]   - Updated link B6->B7 with trust 0.500 (r=0, s=0)
[2025-08-12 19:52:58] [INFO] Writing new authoritative network map to /home/dhruv/winshare/Neighbour_Signer_Model/mosquitto/plugins/payload-modification/network_map.txt...
[2025-08-12 19:52:58] [SUCCESS] Aggregation complete. Network map has been updated.
/home/dhruv/winshare/Neighbour_Signer_Model/mosquitto/plugins/payload-modification/aggregator.py:94: DeprecationWarning: datetime.datetime.utcnow() is deprecated and scheduled for removal in a future version. Use timezone-aware objects to represent datetimes in UTC: datetime.datetime.now(datetime.UTC).
  timestamp = datetime.utcnow().strftime("%Y-%m-%d %H:%M:%S UTC")
[2025-08-12 19:53:13] [INFO] Starting trust map aggregation process...
[2025-08-12 19:53:13] [DEBUG] Reading base topology from: /home/dhruv/winshare/Neighbour_Signer_Model/mosquitto/plugins/payload-modification/network_map.txt
[2025-08-12 19:53:13] [INFO] Loaded base topology with 6 source brokers.
[2025-08-12 19:53:13] [INFO] Processing trust store for B0...
[2025-08-12 19:53:13] [INFO] Processing trust store for B1...
[2025-08-12 19:53:13] [DEBUG]   - Updated link B0->B1 with trust 0.500 (r=0, s=0)
[2025-08-12 19:53:13] [INFO] Processing trust store for B2...
[2025-08-12 19:53:13] [DEBUG]   - Updated link B0->B2 with trust 0.500 (r=0, s=0)
[2025-08-12 19:53:13] [INFO] Processing trust store for B3...
[2025-08-12 19:53:13] [DEBUG]   - Updated link B1->B3 with trust 0.500 (r=0, s=0)
[2025-08-12 19:53:13] [INFO] Processing trust store for B4...
[2025-08-12 19:53:13] [DEBUG]   - Updated link B1->B4 with trust 0.991 (r=105, s=0)
[2025-08-12 19:53:13] [DEBUG]   - Updated link B2->B4 with trust 0.991 (r=105, s=0)
[2025-08-12 19:53:13] [INFO] Processing trust store for B5...
[2025-08-12 19:53:13] [DEBUG]   - Updated link B2->B5 with trust 0.500 (r=0, s=0)
[2025-08-12 19:53:13] [INFO] Processing trust store for B6...
[2025-08-12 19:53:13] [DEBUG]   - Updated link B4->B6 with trust 0.500 (r=0, s=0)
[2025-08-12 19:53:13] [DEBUG]   - Updated link B5->B6 with trust 0.500 (r=0, s=0)
[2025-08-12 19:53:13] [INFO] Processing trust store for B7...
[2025-08-12 19:53:13] [DEBUG]   - Updated link B6->B7 with trust 0.500 (r=0, s=0)
[2025-08-12 19:53:13] [INFO] Writing new authoritative network map to /home/dhruv/winshare/Neighbour_Signer_Model/mosquitto/plugins/payload-modification/network_map.txt...
[2025-08-12 19:53:13] [SUCCESS] Aggregation complete. Network map has been updated.
/home/dhruv/winshare/Neighbour_Signer_Model/mosquitto/plugins/payload-modification/aggregator.py:94: DeprecationWarning: datetime.datetime.utcnow() is deprecated and scheduled for removal in a future version. Use timezone-aware objects to represent datetimes in UTC: datetime.datetime.now(datetime.UTC).
  timestamp = datetime.utcnow().strftime("%Y-%m-%d %H:%M:%S UTC")
[2025-08-12 19:53:28] [INFO] Starting trust map aggregation process...
[2025-08-12 19:53:28] [DEBUG] Reading base topology from: /home/dhruv/winshare/Neighbour_Signer_Model/mosquitto/plugins/payload-modification/network_map.txt
[2025-08-12 19:53:28] [INFO] Loaded base topology with 6 source brokers.
[2025-08-12 19:53:28] [INFO] Processing trust store for B0...
[2025-08-12 19:53:28] [INFO] Processing trust store for B1...
[2025-08-12 19:53:28] [DEBUG]   - Updated link B0->B1 with trust 0.500 (r=0, s=0)
[2025-08-12 19:53:28] [INFO] Processing trust store for B2...
[2025-08-12 19:53:28] [DEBUG]   - Updated link B0->B2 with trust 0.500 (r=0, s=0)
[2025-08-12 19:53:28] [INFO] Processing trust store for B3...
[2025-08-12 19:53:28] [DEBUG]   - Updated link B1->B3 with trust 0.500 (r=0, s=0)
[2025-08-12 19:53:28] [INFO] Processing trust store for B4...
[2025-08-12 19:53:28] [DEBUG]   - Updated link B1->B4 with trust 0.991 (r=105, s=0)
[2025-08-12 19:53:28] [DEBUG]   - Updated link B2->B4 with trust 0.991 (r=105, s=0)
[2025-08-12 19:53:28] [INFO] Processing trust store for B5...
[2025-08-12 19:53:28] [DEBUG]   - Updated link B2->B5 with trust 0.500 (r=0, s=0)
[2025-08-12 19:53:28] [INFO] Processing trust store for B6...
[2025-08-12 19:53:28] [DEBUG]   - Updated link B4->B6 with trust 0.500 (r=0, s=0)
[2025-08-12 19:53:28] [DEBUG]   - Updated link B5->B6 with trust 0.500 (r=0, s=0)
[2025-08-12 19:53:28] [INFO] Processing trust store for B7...
[2025-08-12 19:53:28] [DEBUG]   - Updated link B6->B7 with trust 0.500 (r=0, s=0)
[2025-08-12 19:53:28] [INFO] Writing new authoritative network map to /home/dhruv/winshare/Neighbour_Signer_Model/mosquitto/plugins/payload-modification/network_map.txt...
[2025-08-12 19:53:28] [SUCCESS] Aggregation complete. Network map has been updated.
/home/dhruv/winshare/Neighbour_Signer_Model/mosquitto/plugins/payload-modification/aggregator.py:94: DeprecationWarning: datetime.datetime.utcnow() is deprecated and scheduled for removal in a future version. Use timezone-aware objects to represent datetimes in UTC: datetime.datetime.now(datetime.UTC).
  timestamp = datetime.utcnow().strftime("%Y-%m-%d %H:%M:%S UTC")
[2025-08-12 19:53:43] [INFO] Starting trust map aggregation process...
[2025-08-12 19:53:43] [DEBUG] Reading base topology from: /home/dhruv/winshare/Neighbour_Signer_Model/mosquitto/plugins/payload-modification/network_map.txt
[2025-08-12 19:53:43] [INFO] Loaded base topology with 6 source brokers.
[2025-08-12 19:53:43] [INFO] Processing trust store for B0...
[2025-08-12 19:53:43] [INFO] Processing trust store for B1...
[2025-08-12 19:53:43] [DEBUG]   - Updated link B0->B1 with trust 0.500 (r=0, s=0)
[2025-08-12 19:53:43] [INFO] Processing trust store for B2...
[2025-08-12 19:53:43] [DEBUG]   - Updated link B0->B2 with trust 0.500 (r=0, s=0)
[2025-08-12 19:53:43] [INFO] Processing trust store for B3...
[2025-08-12 19:53:43] [DEBUG]   - Updated link B1->B3 with trust 0.500 (r=0, s=0)
[2025-08-12 19:53:43] [INFO] Processing trust store for B4...
[2025-08-12 19:53:43] [DEBUG]   - Updated link B1->B4 with trust 0.991 (r=105, s=0)
[2025-08-12 19:53:43] [DEBUG]   - Updated link B2->B4 with trust 0.991 (r=105, s=0)
[2025-08-12 19:53:43] [INFO] Processing trust store for B5...
[2025-08-12 19:53:43] [DEBUG]   - Updated link B2->B5 with trust 0.500 (r=0, s=0)
[2025-08-12 19:53:43] [INFO] Processing trust store for B6...
[2025-08-12 19:53:43] [DEBUG]   - Updated link B4->B6 with trust 0.500 (r=0, s=0)
[2025-08-12 19:53:43] [DEBUG]   - Updated link B5->B6 with trust 0.500 (r=0, s=0)
[2025-08-12 19:53:43] [INFO] Processing trust store for B7...
[2025-08-12 19:53:43] [DEBUG]   - Updated link B6->B7 with trust 0.500 (r=0, s=0)
[2025-08-12 19:53:43] [INFO] Writing new authoritative network map to /home/dhruv/winshare/Neighbour_Signer_Model/mosquitto/plugins/payload-modification/network_map.txt...
[2025-08-12 19:53:43] [SUCCESS] Aggregation complete. Network map has been updated.
/home/dhruv/winshare/Neighbour_Signer_Model/mosquitto/plugins/payload-modification/aggregator.py:94: DeprecationWarning: datetime.datetime.utcnow() is deprecated and scheduled for removal in a future version. Use timezone-aware objects to represent datetimes in UTC: datetime.datetime.now(datetime.UTC).
  timestamp = datetime.utcnow().strftime("%Y-%m-%d %H:%M:%S UTC")
[2025-08-12 19:53:58] [INFO] Starting trust map aggregation process...
[2025-08-12 19:53:58] [DEBUG] Reading base topology from: /home/dhruv/winshare/Neighbour_Signer_Model/mosquitto/plugins/payload-modification/network_map.txt
[2025-08-12 19:53:58] [INFO] Loaded base topology with 6 source brokers.
[2025-08-12 19:53:58] [INFO] Processing trust store for B0...
[2025-08-12 19:53:58] [INFO] Processing trust store for B1...
[2025-08-12 19:53:58] [DEBUG]   - Updated link B0->B1 with trust 0.500 (r=0, s=0)
[2025-08-12 19:53:58] [INFO] Processing trust store for B2...
[2025-08-12 19:53:58] [DEBUG]   - Updated link B0->B2 with trust 0.500 (r=0, s=0)
[2025-08-12 19:53:58] [INFO] Processing trust store for B3...
[2025-08-12 19:53:58] [DEBUG]   - Updated link B1->B3 with trust 0.500 (r=0, s=0)
[2025-08-12 19:53:58] [INFO] Processing trust store for B4...
[2025-08-12 19:53:58] [DEBUG]   - Updated link B1->B4 with trust 0.991 (r=105, s=0)
[2025-08-12 19:53:58] [DEBUG]   - Updated link B2->B4 with trust 0.991 (r=105, s=0)
[2025-08-12 19:53:58] [INFO] Processing trust store for B5...
[2025-08-12 19:53:58] [DEBUG]   - Updated link B2->B5 with trust 0.500 (r=0, s=0)
[2025-08-12 19:53:58] [INFO] Processing trust store for B6...
[2025-08-12 19:53:58] [DEBUG]   - Updated link B4->B6 with trust 0.500 (r=0, s=0)
[2025-08-12 19:53:58] [DEBUG]   - Updated link B5->B6 with trust 0.500 (r=0, s=0)
[2025-08-12 19:53:58] [INFO] Processing trust store for B7...
[2025-08-12 19:53:58] [DEBUG]   - Updated link B6->B7 with trust 0.500 (r=0, s=0)
[2025-08-12 19:53:58] [INFO] Writing new authoritative network map to /home/dhruv/winshare/Neighbour_Signer_Model/mosquitto/plugins/payload-modification/network_map.txt...
[2025-08-12 19:53:58] [SUCCESS] Aggregation complete. Network map has been updated.
/home/dhruv/winshare/Neighbour_Signer_Model/mosquitto/plugins/payload-modification/aggregator.py:94: DeprecationWarning: datetime.datetime.utcnow() is deprecated and scheduled for removal in a future version. Use timezone-aware objects to represent datetimes in UTC: datetime.datetime.now(datetime.UTC).
  timestamp = datetime.utcnow().strftime("%Y-%m-%d %H:%M:%S UTC")
[2025-08-12 19:54:13] [INFO] Starting trust map aggregation process...
[2025-08-12 19:54:13] [DEBUG] Reading base topology from: /home/dhruv/winshare/Neighbour_Signer_Model/mosquitto/plugins/payload-modification/network_map.txt
[2025-08-12 19:54:13] [INFO] Loaded base topology with 6 source brokers.
[2025-08-12 19:54:13] [INFO] Processing trust store for B0...
[2025-08-12 19:54:13] [INFO] Processing trust store for B1...
[2025-08-12 19:54:13] [DEBUG]   - Updated link B0->B1 with trust 0.500 (r=0, s=0)
[2025-08-12 19:54:13] [INFO] Processing trust store for B2...
[2025-08-12 19:54:13] [DEBUG]   - Updated link B0->B2 with trust 0.500 (r=0, s=0)
[2025-08-12 19:54:13] [INFO] Processing trust store for B3...
[2025-08-12 19:54:13] [DEBUG]   - Updated link B1->B3 with trust 0.500 (r=0, s=0)
[2025-08-12 19:54:13] [INFO] Processing trust store for B4...
[2025-08-12 19:54:13] [DEBUG]   - Updated link B1->B4 with trust 0.991 (r=105, s=0)
[2025-08-12 19:54:13] [DEBUG]   - Updated link B2->B4 with trust 0.991 (r=105, s=0)
[2025-08-12 19:54:13] [INFO] Processing trust store for B5...
[2025-08-12 19:54:13] [DEBUG]   - Updated link B2->B5 with trust 0.500 (r=0, s=0)
[2025-08-12 19:54:13] [INFO] Processing trust store for B6...
[2025-08-12 19:54:13] [DEBUG]   - Updated link B4->B6 with trust 0.500 (r=0, s=0)
[2025-08-12 19:54:13] [DEBUG]   - Updated link B5->B6 with trust 0.500 (r=0, s=0)
[2025-08-12 19:54:13] [INFO] Processing trust store for B7...
[2025-08-12 19:54:13] [DEBUG]   - Updated link B6->B7 with trust 0.500 (r=0, s=0)
[2025-08-12 19:54:13] [INFO] Writing new authoritative network map to /home/dhruv/winshare/Neighbour_Signer_Model/mosquitto/plugins/payload-modification/network_map.txt...
[2025-08-12 19:54:13] [SUCCESS] Aggregation complete. Network map has been updated.
/home/dhruv/winshare/Neighbour_Signer_Model/mosquitto/plugins/payload-modification/aggregator.py:94: DeprecationWarning: datetime.datetime.utcnow() is deprecated and scheduled for removal in a future version. Use timezone-aware objects to represent datetimes in UTC: datetime.datetime.now(datetime.UTC).
  timestamp = datetime.utcnow().strftime("%Y-%m-%d %H:%M:%S UTC")
[2025-08-12 19:54:28] [INFO] Starting trust map aggregation process...
[2025-08-12 19:54:28] [DEBUG] Reading base topology from: /home/dhruv/winshare/Neighbour_Signer_Model/mosquitto/plugins/payload-modification/network_map.txt
[2025-08-12 19:54:28] [INFO] Loaded base topology with 6 source brokers.
[2025-08-12 19:54:28] [INFO] Processing trust store for B0...
[2025-08-12 19:54:28] [INFO] Processing trust store for B1...
[2025-08-12 19:54:28] [DEBUG]   - Updated link B0->B1 with trust 0.500 (r=0, s=0)
[2025-08-12 19:54:28] [INFO] Processing trust store for B2...
[2025-08-12 19:54:28] [DEBUG]   - Updated link B0->B2 with trust 0.500 (r=0, s=0)
[2025-08-12 19:54:28] [INFO] Processing trust store for B3...
[2025-08-12 19:54:28] [DEBUG]   - Updated link B1->B3 with trust 0.500 (r=0, s=0)
[2025-08-12 19:54:28] [INFO] Processing trust store for B4...
[2025-08-12 19:54:28] [DEBUG]   - Updated link B1->B4 with trust 0.991 (r=106, s=0)
[2025-08-12 19:54:28] [DEBUG]   - Updated link B2->B4 with trust 0.991 (r=106, s=0)
[2025-08-12 19:54:28] [INFO] Processing trust store for B5...
[2025-08-12 19:54:28] [DEBUG]   - Updated link B2->B5 with trust 0.500 (r=0, s=0)
[2025-08-12 19:54:28] [INFO] Processing trust store for B6...
[2025-08-12 19:54:28] [DEBUG]   - Updated link B4->B6 with trust 0.500 (r=0, s=0)
[2025-08-12 19:54:28] [DEBUG]   - Updated link B5->B6 with trust 0.500 (r=0, s=0)
[2025-08-12 19:54:28] [INFO] Processing trust store for B7...
[2025-08-12 19:54:28] [DEBUG]   - Updated link B6->B7 with trust 0.500 (r=0, s=0)
[2025-08-12 19:54:28] [INFO] Writing new authoritative network map to /home/dhruv/winshare/Neighbour_Signer_Model/mosquitto/plugins/payload-modification/network_map.txt...
[2025-08-12 19:54:28] [SUCCESS] Aggregation complete. Network map has been updated.
/home/dhruv/winshare/Neighbour_Signer_Model/mosquitto/plugins/payload-modification/aggregator.py:94: DeprecationWarning: datetime.datetime.utcnow() is deprecated and scheduled for removal in a future version. Use timezone-aware objects to represent datetimes in UTC: datetime.datetime.now(datetime.UTC).
  timestamp = datetime.utcnow().strftime("%Y-%m-%d %H:%M:%S UTC")
[2025-08-12 19:54:43] [INFO] Starting trust map aggregation process...
[2025-08-12 19:54:43] [DEBUG] Reading base topology from: /home/dhruv/winshare/Neighbour_Signer_Model/mosquitto/plugins/payload-modification/network_map.txt
[2025-08-12 19:54:43] [INFO] Loaded base topology with 6 source brokers.
[2025-08-12 19:54:43] [INFO] Processing trust store for B0...
[2025-08-12 19:54:43] [INFO] Processing trust store for B1...
[2025-08-12 19:54:43] [DEBUG]   - Updated link B0->B1 with trust 0.500 (r=0, s=0)
[2025-08-12 19:54:43] [INFO] Processing trust store for B2...
[2025-08-12 19:54:43] [DEBUG]   - Updated link B0->B2 with trust 0.500 (r=0, s=0)
[2025-08-12 19:54:43] [INFO] Processing trust store for B3...
[2025-08-12 19:54:43] [DEBUG]   - Updated link B1->B3 with trust 0.500 (r=0, s=0)
[2025-08-12 19:54:43] [INFO] Processing trust store for B4...
[2025-08-12 19:54:43] [DEBUG]   - Updated link B1->B4 with trust 0.991 (r=106, s=0)
[2025-08-12 19:54:43] [DEBUG]   - Updated link B2->B4 with trust 0.991 (r=106, s=0)
[2025-08-12 19:54:43] [INFO] Processing trust store for B5...
[2025-08-12 19:54:43] [DEBUG]   - Updated link B2->B5 with trust 0.500 (r=0, s=0)
[2025-08-12 19:54:43] [INFO] Processing trust store for B6...
[2025-08-12 19:54:43] [DEBUG]   - Updated link B4->B6 with trust 0.500 (r=0, s=0)
[2025-08-12 19:54:43] [DEBUG]   - Updated link B5->B6 with trust 0.500 (r=0, s=0)
[2025-08-12 19:54:43] [INFO] Processing trust store for B7...
[2025-08-12 19:54:43] [DEBUG]   - Updated link B6->B7 with trust 0.500 (r=0, s=0)
[2025-08-12 19:54:43] [INFO] Writing new authoritative network map to /home/dhruv/winshare/Neighbour_Signer_Model/mosquitto/plugins/payload-modification/network_map.txt...
[2025-08-12 19:54:43] [SUCCESS] Aggregation complete. Network map has been updated.
/home/dhruv/winshare/Neighbour_Signer_Model/mosquitto/plugins/payload-modification/aggregator.py:94: DeprecationWarning: datetime.datetime.utcnow() is deprecated and scheduled for removal in a future version. Use timezone-aware objects to represent datetimes in UTC: datetime.datetime.now(datetime.UTC).
  timestamp = datetime.utcnow().strftime("%Y-%m-%d %H:%M:%S UTC")
[2025-08-12 19:54:58] [INFO] Starting trust map aggregation process...
[2025-08-12 19:54:58] [DEBUG] Reading base topology from: /home/dhruv/winshare/Neighbour_Signer_Model/mosquitto/plugins/payload-modification/network_map.txt
[2025-08-12 19:54:58] [INFO] Loaded base topology with 6 source brokers.
[2025-08-12 19:54:58] [INFO] Processing trust store for B0...
[2025-08-12 19:54:58] [INFO] Processing trust store for B1...
[2025-08-12 19:54:58] [DEBUG]   - Updated link B0->B1 with trust 0.500 (r=0, s=0)
[2025-08-12 19:54:58] [INFO] Processing trust store for B2...
[2025-08-12 19:54:58] [DEBUG]   - Updated link B0->B2 with trust 0.500 (r=0, s=0)
[2025-08-12 19:54:58] [INFO] Processing trust store for B3...
[2025-08-12 19:54:58] [DEBUG]   - Updated link B1->B3 with trust 0.500 (r=0, s=0)
[2025-08-12 19:54:58] [INFO] Processing trust store for B4...
[2025-08-12 19:54:58] [DEBUG]   - Updated link B1->B4 with trust 0.991 (r=106, s=0)
[2025-08-12 19:54:58] [DEBUG]   - Updated link B2->B4 with trust 0.991 (r=106, s=0)
[2025-08-12 19:54:58] [INFO] Processing trust store for B5...
[2025-08-12 19:54:58] [DEBUG]   - Updated link B2->B5 with trust 0.500 (r=0, s=0)
[2025-08-12 19:54:58] [INFO] Processing trust store for B6...
[2025-08-12 19:54:58] [DEBUG]   - Updated link B4->B6 with trust 0.500 (r=0, s=0)
[2025-08-12 19:54:58] [DEBUG]   - Updated link B5->B6 with trust 0.500 (r=0, s=0)
[2025-08-12 19:54:58] [INFO] Processing trust store for B7...
[2025-08-12 19:54:58] [DEBUG]   - Updated link B6->B7 with trust 0.500 (r=0, s=0)
[2025-08-12 19:54:58] [INFO] Writing new authoritative network map to /home/dhruv/winshare/Neighbour_Signer_Model/mosquitto/plugins/payload-modification/network_map.txt...
[2025-08-12 19:54:58] [SUCCESS] Aggregation complete. Network map has been updated.
/home/dhruv/winshare/Neighbour_Signer_Model/mosquitto/plugins/payload-modification/aggregator.py:94: DeprecationWarning: datetime.datetime.utcnow() is deprecated and scheduled for removal in a future version. Use timezone-aware objects to represent datetimes in UTC: datetime.datetime.now(datetime.UTC).
  timestamp = datetime.utcnow().strftime("%Y-%m-%d %H:%M:%S UTC")
[2025-08-12 19:55:13] [INFO] Starting trust map aggregation process...
[2025-08-12 19:55:13] [DEBUG] Reading base topology from: /home/dhruv/winshare/Neighbour_Signer_Model/mosquitto/plugins/payload-modification/network_map.txt
[2025-08-12 19:55:13] [INFO] Loaded base topology with 6 source brokers.
[2025-08-12 19:55:13] [INFO] Processing trust store for B0...
[2025-08-12 19:55:13] [INFO] Processing trust store for B1...
[2025-08-12 19:55:13] [DEBUG]   - Updated link B0->B1 with trust 0.500 (r=0, s=0)
[2025-08-12 19:55:13] [INFO] Processing trust store for B2...
[2025-08-12 19:55:13] [DEBUG]   - Updated link B0->B2 with trust 0.500 (r=0, s=0)
[2025-08-12 19:55:13] [INFO] Processing trust store for B3...
[2025-08-12 19:55:13] [DEBUG]   - Updated link B1->B3 with trust 0.500 (r=0, s=0)
[2025-08-12 19:55:13] [INFO] Processing trust store for B4...
[2025-08-12 19:55:13] [DEBUG]   - Updated link B1->B4 with trust 0.991 (r=106, s=0)
[2025-08-12 19:55:13] [DEBUG]   - Updated link B2->B4 with trust 0.991 (r=106, s=0)
[2025-08-12 19:55:13] [INFO] Processing trust store for B5...
[2025-08-12 19:55:13] [DEBUG]   - Updated link B2->B5 with trust 0.500 (r=0, s=0)
[2025-08-12 19:55:13] [INFO] Processing trust store for B6...
[2025-08-12 19:55:13] [DEBUG]   - Updated link B4->B6 with trust 0.500 (r=0, s=0)
[2025-08-12 19:55:13] [DEBUG]   - Updated link B5->B6 with trust 0.500 (r=0, s=0)
[2025-08-12 19:55:13] [INFO] Processing trust store for B7...
[2025-08-12 19:55:13] [DEBUG]   - Updated link B6->B7 with trust 0.500 (r=0, s=0)
[2025-08-12 19:55:13] [INFO] Writing new authoritative network map to /home/dhruv/winshare/Neighbour_Signer_Model/mosquitto/plugins/payload-modification/network_map.txt...
[2025-08-12 19:55:13] [SUCCESS] Aggregation complete. Network map has been updated.
/home/dhruv/winshare/Neighbour_Signer_Model/mosquitto/plugins/payload-modification/aggregator.py:94: DeprecationWarning: datetime.datetime.utcnow() is deprecated and scheduled for removal in a future version. Use timezone-aware objects to represent datetimes in UTC: datetime.datetime.now(datetime.UTC).
  timestamp = datetime.utcnow().strftime("%Y-%m-%d %H:%M:%S UTC")
[2025-08-12 19:55:28] [INFO] Starting trust map aggregation process...
[2025-08-12 19:55:28] [DEBUG] Reading base topology from: /home/dhruv/winshare/Neighbour_Signer_Model/mosquitto/plugins/payload-modification/network_map.txt
[2025-08-12 19:55:28] [INFO] Loaded base topology with 6 source brokers.
[2025-08-12 19:55:28] [INFO] Processing trust store for B0...
[2025-08-12 19:55:28] [INFO] Processing trust store for B1...
[2025-08-12 19:55:28] [DEBUG]   - Updated link B0->B1 with trust 0.500 (r=0, s=0)
[2025-08-12 19:55:28] [INFO] Processing trust store for B2...
[2025-08-12 19:55:28] [DEBUG]   - Updated link B0->B2 with trust 0.500 (r=0, s=0)
[2025-08-12 19:55:28] [INFO] Processing trust store for B3...
[2025-08-12 19:55:28] [DEBUG]   - Updated link B1->B3 with trust 0.500 (r=0, s=0)
[2025-08-12 19:55:28] [INFO] Processing trust store for B4...
[2025-08-12 19:55:28] [DEBUG]   - Updated link B1->B4 with trust 0.907 (r=106, s=10)
[2025-08-12 19:55:28] [DEBUG]   - Updated link B2->B4 with trust 0.907 (r=106, s=10)
[2025-08-12 19:55:28] [INFO] Processing trust store for B5...
[2025-08-12 19:55:28] [DEBUG]   - Updated link B2->B5 with trust 0.500 (r=0, s=0)
[2025-08-12 19:55:28] [INFO] Processing trust store for B6...
[2025-08-12 19:55:28] [DEBUG]   - Updated link B4->B6 with trust 0.500 (r=0, s=0)
[2025-08-12 19:55:28] [DEBUG]   - Updated link B5->B6 with trust 0.500 (r=0, s=0)
[2025-08-12 19:55:28] [INFO] Processing trust store for B7...
[2025-08-12 19:55:28] [DEBUG]   - Updated link B6->B7 with trust 0.500 (r=0, s=0)
[2025-08-12 19:55:28] [INFO] Writing new authoritative network map to /home/dhruv/winshare/Neighbour_Signer_Model/mosquitto/plugins/payload-modification/network_map.txt...
[2025-08-12 19:55:28] [SUCCESS] Aggregation complete. Network map has been updated.
/home/dhruv/winshare/Neighbour_Signer_Model/mosquitto/plugins/payload-modification/aggregator.py:94: DeprecationWarning: datetime.datetime.utcnow() is deprecated and scheduled for removal in a future version. Use timezone-aware objects to represent datetimes in UTC: datetime.datetime.now(datetime.UTC).
  timestamp = datetime.utcnow().strftime("%Y-%m-%d %H:%M:%S UTC")
[2025-08-12 19:55:43] [INFO] Starting trust map aggregation process...
[2025-08-12 19:55:43] [DEBUG] Reading base topology from: /home/dhruv/winshare/Neighbour_Signer_Model/mosquitto/plugins/payload-modification/network_map.txt
[2025-08-12 19:55:43] [INFO] Loaded base topology with 6 source brokers.
[2025-08-12 19:55:43] [INFO] Processing trust store for B0...
[2025-08-12 19:55:43] [INFO] Processing trust store for B1...
[2025-08-12 19:55:43] [DEBUG]   - Updated link B0->B1 with trust 0.500 (r=0, s=0)
[2025-08-12 19:55:43] [INFO] Processing trust store for B2...
[2025-08-12 19:55:43] [DEBUG]   - Updated link B0->B2 with trust 0.500 (r=0, s=0)
[2025-08-12 19:55:43] [INFO] Processing trust store for B3...
[2025-08-12 19:55:43] [DEBUG]   - Updated link B1->B3 with trust 0.500 (r=0, s=0)
[2025-08-12 19:55:43] [INFO] Processing trust store for B4...
[2025-08-12 19:55:43] [DEBUG]   - Updated link B1->B4 with trust 0.870 (r=106, s=15)
[2025-08-12 19:55:43] [DEBUG]   - Updated link B2->B4 with trust 0.870 (r=106, s=15)
[2025-08-12 19:55:43] [INFO] Processing trust store for B5...
[2025-08-12 19:55:43] [DEBUG]   - Updated link B2->B5 with trust 0.500 (r=0, s=0)
[2025-08-12 19:55:43] [INFO] Processing trust store for B6...
[2025-08-12 19:55:43] [DEBUG]   - Updated link B4->B6 with trust 0.500 (r=0, s=0)
[2025-08-12 19:55:43] [DEBUG]   - Updated link B5->B6 with trust 0.500 (r=0, s=0)
[2025-08-12 19:55:43] [INFO] Processing trust store for B7...
[2025-08-12 19:55:43] [DEBUG]   - Updated link B6->B7 with trust 0.500 (r=0, s=0)
[2025-08-12 19:55:43] [INFO] Writing new authoritative network map to /home/dhruv/winshare/Neighbour_Signer_Model/mosquitto/plugins/payload-modification/network_map.txt...
[2025-08-12 19:55:43] [SUCCESS] Aggregation complete. Network map has been updated.
/home/dhruv/winshare/Neighbour_Signer_Model/mosquitto/plugins/payload-modification/aggregator.py:94: DeprecationWarning: datetime.datetime.utcnow() is deprecated and scheduled for removal in a future version. Use timezone-aware objects to represent datetimes in UTC: datetime.datetime.now(datetime.UTC).
  timestamp = datetime.utcnow().strftime("%Y-%m-%d %H:%M:%S UTC")
[2025-08-12 19:55:58] [INFO] Starting trust map aggregation process...
[2025-08-12 19:55:58] [DEBUG] Reading base topology from: /home/dhruv/winshare/Neighbour_Signer_Model/mosquitto/plugins/payload-modification/network_map.txt
[2025-08-12 19:55:58] [INFO] Loaded base topology with 6 source brokers.
[2025-08-12 19:55:58] [INFO] Processing trust store for B0...
[2025-08-12 19:55:58] [INFO] Processing trust store for B1...
[2025-08-12 19:55:58] [DEBUG]   - Updated link B0->B1 with trust 0.500 (r=0, s=0)
[2025-08-12 19:55:58] [INFO] Processing trust store for B2...
[2025-08-12 19:55:58] [DEBUG]   - Updated link B0->B2 with trust 0.500 (r=0, s=0)
[2025-08-12 19:55:58] [INFO] Processing trust store for B3...
[2025-08-12 19:55:58] [DEBUG]   - Updated link B1->B3 with trust 0.500 (r=0, s=0)
[2025-08-12 19:55:58] [INFO] Processing trust store for B4...
[2025-08-12 19:55:58] [DEBUG]   - Updated link B1->B4 with trust 0.836 (r=106, s=20)
[2025-08-12 19:55:58] [DEBUG]   - Updated link B2->B4 with trust 0.836 (r=106, s=20)
[2025-08-12 19:55:58] [INFO] Processing trust store for B5...
[2025-08-12 19:55:58] [DEBUG]   - Updated link B2->B5 with trust 0.500 (r=0, s=0)
[2025-08-12 19:55:58] [INFO] Processing trust store for B6...
[2025-08-12 19:55:58] [DEBUG]   - Updated link B4->B6 with trust 0.500 (r=0, s=0)
[2025-08-12 19:55:58] [DEBUG]   - Updated link B5->B6 with trust 0.500 (r=0, s=0)
[2025-08-12 19:55:58] [INFO] Processing trust store for B7...
[2025-08-12 19:55:58] [DEBUG]   - Updated link B6->B7 with trust 0.500 (r=0, s=0)
[2025-08-12 19:55:58] [INFO] Writing new authoritative network map to /home/dhruv/winshare/Neighbour_Signer_Model/mosquitto/plugins/payload-modification/network_map.txt...
[2025-08-12 19:55:58] [SUCCESS] Aggregation complete. Network map has been updated.
/home/dhruv/winshare/Neighbour_Signer_Model/mosquitto/plugins/payload-modification/aggregator.py:94: DeprecationWarning: datetime.datetime.utcnow() is deprecated and scheduled for removal in a future version. Use timezone-aware objects to represent datetimes in UTC: datetime.datetime.now(datetime.UTC).
  timestamp = datetime.utcnow().strftime("%Y-%m-%d %H:%M:%S UTC")
[2025-08-12 19:56:13] [INFO] Starting trust map aggregation process...
[2025-08-12 19:56:13] [DEBUG] Reading base topology from: /home/dhruv/winshare/Neighbour_Signer_Model/mosquitto/plugins/payload-modification/network_map.txt
[2025-08-12 19:56:13] [INFO] Loaded base topology with 6 source brokers.
[2025-08-12 19:56:13] [INFO] Processing trust store for B0...
[2025-08-12 19:56:13] [INFO] Processing trust store for B1...
[2025-08-12 19:56:13] [DEBUG]   - Updated link B0->B1 with trust 0.500 (r=0, s=0)
[2025-08-12 19:56:13] [INFO] Processing trust store for B2...
[2025-08-12 19:56:13] [DEBUG]   - Updated link B0->B2 with trust 0.500 (r=0, s=0)
[2025-08-12 19:56:13] [INFO] Processing trust store for B3...
[2025-08-12 19:56:13] [DEBUG]   - Updated link B1->B3 with trust 0.500 (r=0, s=0)
[2025-08-12 19:56:13] [INFO] Processing trust store for B4...
[2025-08-12 19:56:13] [DEBUG]   - Updated link B1->B4 with trust 0.775 (r=106, s=30)
[2025-08-12 19:56:13] [DEBUG]   - Updated link B2->B4 with trust 0.775 (r=106, s=30)
[2025-08-12 19:56:13] [INFO] Processing trust store for B5...
[2025-08-12 19:56:13] [DEBUG]   - Updated link B2->B5 with trust 0.500 (r=0, s=0)
[2025-08-12 19:56:13] [INFO] Processing trust store for B6...
[2025-08-12 19:56:13] [DEBUG]   - Updated link B4->B6 with trust 0.500 (r=0, s=0)
[2025-08-12 19:56:13] [DEBUG]   - Updated link B5->B6 with trust 0.500 (r=0, s=0)
[2025-08-12 19:56:13] [INFO] Processing trust store for B7...
[2025-08-12 19:56:13] [DEBUG]   - Updated link B6->B7 with trust 0.500 (r=0, s=0)
[2025-08-12 19:56:13] [INFO] Writing new authoritative network map to /home/dhruv/winshare/Neighbour_Signer_Model/mosquitto/plugins/payload-modification/network_map.txt...
[2025-08-12 19:56:13] [SUCCESS] Aggregation complete. Network map has been updated.
/home/dhruv/winshare/Neighbour_Signer_Model/mosquitto/plugins/payload-modification/aggregator.py:94: DeprecationWarning: datetime.datetime.utcnow() is deprecated and scheduled for removal in a future version. Use timezone-aware objects to represent datetimes in UTC: datetime.datetime.now(datetime.UTC).
  timestamp = datetime.utcnow().strftime("%Y-%m-%d %H:%M:%S UTC")
[2025-08-12 19:56:28] [INFO] Starting trust map aggregation process...
[2025-08-12 19:56:28] [DEBUG] Reading base topology from: /home/dhruv/winshare/Neighbour_Signer_Model/mosquitto/plugins/payload-modification/network_map.txt
[2025-08-12 19:56:28] [INFO] Loaded base topology with 6 source brokers.
[2025-08-12 19:56:28] [INFO] Processing trust store for B0...
[2025-08-12 19:56:28] [INFO] Processing trust store for B1...
[2025-08-12 19:56:28] [DEBUG]   - Updated link B0->B1 with trust 0.500 (r=0, s=0)
[2025-08-12 19:56:28] [INFO] Processing trust store for B2...
[2025-08-12 19:56:28] [DEBUG]   - Updated link B0->B2 with trust 0.500 (r=0, s=0)
[2025-08-12 19:56:28] [INFO] Processing trust store for B3...
[2025-08-12 19:56:28] [DEBUG]   - Updated link B1->B3 with trust 0.500 (r=0, s=0)
[2025-08-12 19:56:28] [INFO] Processing trust store for B4...
[2025-08-12 19:56:28] [DEBUG]   - Updated link B1->B4 with trust 0.748 (r=106, s=35)
[2025-08-12 19:56:28] [DEBUG]   - Updated link B2->B4 with trust 0.748 (r=106, s=35)
[2025-08-12 19:56:28] [INFO] Processing trust store for B5...
[2025-08-12 19:56:28] [DEBUG]   - Updated link B2->B5 with trust 0.500 (r=0, s=0)
[2025-08-12 19:56:28] [INFO] Processing trust store for B6...
[2025-08-12 19:56:28] [DEBUG]   - Updated link B4->B6 with trust 0.500 (r=0, s=0)
[2025-08-12 19:56:28] [DEBUG]   - Updated link B5->B6 with trust 0.500 (r=0, s=0)
[2025-08-12 19:56:28] [INFO] Processing trust store for B7...
[2025-08-12 19:56:28] [DEBUG]   - Updated link B6->B7 with trust 0.500 (r=0, s=0)
[2025-08-12 19:56:28] [INFO] Writing new authoritative network map to /home/dhruv/winshare/Neighbour_Signer_Model/mosquitto/plugins/payload-modification/network_map.txt...
[2025-08-12 19:56:28] [SUCCESS] Aggregation complete. Network map has been updated.
/home/dhruv/winshare/Neighbour_Signer_Model/mosquitto/plugins/payload-modification/aggregator.py:94: DeprecationWarning: datetime.datetime.utcnow() is deprecated and scheduled for removal in a future version. Use timezone-aware objects to represent datetimes in UTC: datetime.datetime.now(datetime.UTC).
  timestamp = datetime.utcnow().strftime("%Y-%m-%d %H:%M:%S UTC")
[2025-08-12 19:56:43] [INFO] Starting trust map aggregation process...
[2025-08-12 19:56:43] [DEBUG] Reading base topology from: /home/dhruv/winshare/Neighbour_Signer_Model/mosquitto/plugins/payload-modification/network_map.txt
[2025-08-12 19:56:43] [INFO] Loaded base topology with 6 source brokers.
[2025-08-12 19:56:43] [INFO] Processing trust store for B0...
[2025-08-12 19:56:43] [INFO] Processing trust store for B1...
[2025-08-12 19:56:43] [DEBUG]   - Updated link B0->B1 with trust 0.500 (r=0, s=0)
[2025-08-12 19:56:43] [INFO] Processing trust store for B2...
[2025-08-12 19:56:43] [DEBUG]   - Updated link B0->B2 with trust 0.500 (r=0, s=0)
[2025-08-12 19:56:43] [INFO] Processing trust store for B3...
[2025-08-12 19:56:43] [DEBUG]   - Updated link B1->B3 with trust 0.500 (r=0, s=0)
[2025-08-12 19:56:43] [INFO] Processing trust store for B4...
[2025-08-12 19:56:43] [DEBUG]   - Updated link B1->B4 with trust 0.699 (r=106, s=45)
[2025-08-12 19:56:43] [DEBUG]   - Updated link B2->B4 with trust 0.699 (r=106, s=45)
[2025-08-12 19:56:43] [INFO] Processing trust store for B5...
[2025-08-12 19:56:43] [DEBUG]   - Updated link B2->B5 with trust 0.500 (r=0, s=0)
[2025-08-12 19:56:43] [INFO] Processing trust store for B6...
[2025-08-12 19:56:43] [DEBUG]   - Updated link B4->B6 with trust 0.500 (r=0, s=0)
[2025-08-12 19:56:43] [DEBUG]   - Updated link B5->B6 with trust 0.500 (r=0, s=0)
[2025-08-12 19:56:43] [INFO] Processing trust store for B7...
[2025-08-12 19:56:43] [DEBUG]   - Updated link B6->B7 with trust 0.500 (r=0, s=0)
[2025-08-12 19:56:43] [INFO] Writing new authoritative network map to /home/dhruv/winshare/Neighbour_Signer_Model/mosquitto/plugins/payload-modification/network_map.txt...
[2025-08-12 19:56:43] [SUCCESS] Aggregation complete. Network map has been updated.
/home/dhruv/winshare/Neighbour_Signer_Model/mosquitto/plugins/payload-modification/aggregator.py:94: DeprecationWarning: datetime.datetime.utcnow() is deprecated and scheduled for removal in a future version. Use timezone-aware objects to represent datetimes in UTC: datetime.datetime.now(datetime.UTC).
  timestamp = datetime.utcnow().strftime("%Y-%m-%d %H:%M:%S UTC")
[2025-08-12 19:56:58] [INFO] Starting trust map aggregation process...
[2025-08-12 19:56:58] [DEBUG] Reading base topology from: /home/dhruv/winshare/Neighbour_Signer_Model/mosquitto/plugins/payload-modification/network_map.txt
[2025-08-12 19:56:58] [INFO] Loaded base topology with 6 source brokers.
[2025-08-12 19:56:58] [INFO] Processing trust store for B0...
[2025-08-12 19:56:58] [INFO] Processing trust store for B1...
[2025-08-12 19:56:58] [DEBUG]   - Updated link B0->B1 with trust 0.500 (r=0, s=0)
[2025-08-12 19:56:58] [INFO] Processing trust store for B2...
[2025-08-12 19:56:58] [DEBUG]   - Updated link B0->B2 with trust 0.500 (r=0, s=0)
[2025-08-12 19:56:58] [INFO] Processing trust store for B3...
[2025-08-12 19:56:58] [DEBUG]   - Updated link B1->B3 with trust 0.500 (r=0, s=0)
[2025-08-12 19:56:58] [INFO] Processing trust store for B4...
[2025-08-12 19:56:58] [DEBUG]   - Updated link B1->B4 with trust 0.677 (r=106, s=50)
[2025-08-12 19:56:58] [DEBUG]   - Updated link B2->B4 with trust 0.677 (r=106, s=50)
[2025-08-12 19:56:58] [INFO] Processing trust store for B5...
[2025-08-12 19:56:58] [DEBUG]   - Updated link B2->B5 with trust 0.500 (r=0, s=0)
[2025-08-12 19:56:58] [INFO] Processing trust store for B6...
[2025-08-12 19:56:58] [DEBUG]   - Updated link B4->B6 with trust 0.500 (r=0, s=0)
[2025-08-12 19:56:58] [DEBUG]   - Updated link B5->B6 with trust 0.500 (r=0, s=0)
[2025-08-12 19:56:58] [INFO] Processing trust store for B7...
[2025-08-12 19:56:58] [DEBUG]   - Updated link B6->B7 with trust 0.500 (r=0, s=0)
[2025-08-12 19:56:58] [INFO] Writing new authoritative network map to /home/dhruv/winshare/Neighbour_Signer_Model/mosquitto/plugins/payload-modification/network_map.txt...
[2025-08-12 19:56:58] [SUCCESS] Aggregation complete. Network map has been updated.
/home/dhruv/winshare/Neighbour_Signer_Model/mosquitto/plugins/payload-modification/aggregator.py:94: DeprecationWarning: datetime.datetime.utcnow() is deprecated and scheduled for removal in a future version. Use timezone-aware objects to represent datetimes in UTC: datetime.datetime.now(datetime.UTC).
  timestamp = datetime.utcnow().strftime("%Y-%m-%d %H:%M:%S UTC")
[2025-08-12 19:57:13] [INFO] Starting trust map aggregation process...
[2025-08-12 19:57:13] [DEBUG] Reading base topology from: /home/dhruv/winshare/Neighbour_Signer_Model/mosquitto/plugins/payload-modification/network_map.txt
[2025-08-12 19:57:13] [INFO] Loaded base topology with 6 source brokers.
[2025-08-12 19:57:13] [INFO] Processing trust store for B0...
[2025-08-12 19:57:13] [INFO] Processing trust store for B1...
[2025-08-12 19:57:13] [DEBUG]   - Updated link B0->B1 with trust 0.500 (r=0, s=0)
[2025-08-12 19:57:13] [INFO] Processing trust store for B2...
[2025-08-12 19:57:13] [DEBUG]   - Updated link B0->B2 with trust 0.500 (r=0, s=0)
[2025-08-12 19:57:13] [INFO] Processing trust store for B3...
[2025-08-12 19:57:13] [DEBUG]   - Updated link B1->B3 with trust 0.500 (r=0, s=0)
[2025-08-12 19:57:13] [INFO] Processing trust store for B4...
[2025-08-12 19:57:13] [DEBUG]   - Updated link B1->B4 with trust 0.656 (r=106, s=55)
[2025-08-12 19:57:13] [DEBUG]   - Updated link B2->B4 with trust 0.656 (r=106, s=55)
[2025-08-12 19:57:13] [INFO] Processing trust store for B5...
[2025-08-12 19:57:13] [DEBUG]   - Updated link B2->B5 with trust 0.500 (r=0, s=0)
[2025-08-12 19:57:13] [INFO] Processing trust store for B6...
[2025-08-12 19:57:13] [DEBUG]   - Updated link B4->B6 with trust 0.500 (r=0, s=0)
[2025-08-12 19:57:13] [DEBUG]   - Updated link B5->B6 with trust 0.500 (r=0, s=0)
[2025-08-12 19:57:13] [INFO] Processing trust store for B7...
[2025-08-12 19:57:13] [DEBUG]   - Updated link B6->B7 with trust 0.500 (r=0, s=0)
[2025-08-12 19:57:13] [INFO] Writing new authoritative network map to /home/dhruv/winshare/Neighbour_Signer_Model/mosquitto/plugins/payload-modification/network_map.txt...
[2025-08-12 19:57:13] [SUCCESS] Aggregation complete. Network map has been updated.
/home/dhruv/winshare/Neighbour_Signer_Model/mosquitto/plugins/payload-modification/aggregator.py:94: DeprecationWarning: datetime.datetime.utcnow() is deprecated and scheduled for removal in a future version. Use timezone-aware objects to represent datetimes in UTC: datetime.datetime.now(datetime.UTC).
  timestamp = datetime.utcnow().strftime("%Y-%m-%d %H:%M:%S UTC")
[2025-08-12 19:57:29] [INFO] Starting trust map aggregation process...
[2025-08-12 19:57:29] [DEBUG] Reading base topology from: /home/dhruv/winshare/Neighbour_Signer_Model/mosquitto/plugins/payload-modification/network_map.txt
[2025-08-12 19:57:29] [INFO] Loaded base topology with 6 source brokers.
[2025-08-12 19:57:29] [INFO] Processing trust store for B0...
[2025-08-12 19:57:29] [INFO] Processing trust store for B1...
[2025-08-12 19:57:29] [DEBUG]   - Updated link B0->B1 with trust 0.500 (r=0, s=0)
[2025-08-12 19:57:29] [INFO] Processing trust store for B2...
[2025-08-12 19:57:29] [DEBUG]   - Updated link B0->B2 with trust 0.500 (r=0, s=0)
[2025-08-12 19:57:29] [INFO] Processing trust store for B3...
[2025-08-12 19:57:29] [DEBUG]   - Updated link B1->B3 with trust 0.500 (r=0, s=0)
[2025-08-12 19:57:29] [INFO] Processing trust store for B4...
[2025-08-12 19:57:29] [DEBUG]   - Updated link B1->B4 with trust 0.618 (r=106, s=65)
[2025-08-12 19:57:29] [DEBUG]   - Updated link B2->B4 with trust 0.618 (r=106, s=65)
[2025-08-12 19:57:29] [INFO] Processing trust store for B5...
[2025-08-12 19:57:29] [DEBUG]   - Updated link B2->B5 with trust 0.500 (r=0, s=0)
[2025-08-12 19:57:29] [INFO] Processing trust store for B6...
[2025-08-12 19:57:29] [DEBUG]   - Updated link B4->B6 with trust 0.500 (r=0, s=0)
[2025-08-12 19:57:29] [DEBUG]   - Updated link B5->B6 with trust 0.500 (r=0, s=0)
[2025-08-12 19:57:29] [INFO] Processing trust store for B7...
[2025-08-12 19:57:29] [DEBUG]   - Updated link B6->B7 with trust 0.500 (r=0, s=0)
[2025-08-12 19:57:29] [INFO] Writing new authoritative network map to /home/dhruv/winshare/Neighbour_Signer_Model/mosquitto/plugins/payload-modification/network_map.txt...
[2025-08-12 19:57:29] [SUCCESS] Aggregation complete. Network map has been updated.
/home/dhruv/winshare/Neighbour_Signer_Model/mosquitto/plugins/payload-modification/aggregator.py:94: DeprecationWarning: datetime.datetime.utcnow() is deprecated and scheduled for removal in a future version. Use timezone-aware objects to represent datetimes in UTC: datetime.datetime.now(datetime.UTC).
  timestamp = datetime.utcnow().strftime("%Y-%m-%d %H:%M:%S UTC")
[2025-08-12 19:57:44] [INFO] Starting trust map aggregation process...
[2025-08-12 19:57:44] [DEBUG] Reading base topology from: /home/dhruv/winshare/Neighbour_Signer_Model/mosquitto/plugins/payload-modification/network_map.txt
[2025-08-12 19:57:44] [INFO] Loaded base topology with 6 source brokers.
[2025-08-12 19:57:44] [INFO] Processing trust store for B0...
[2025-08-12 19:57:44] [INFO] Processing trust store for B1...
[2025-08-12 19:57:44] [DEBUG]   - Updated link B0->B1 with trust 0.500 (r=0, s=0)
[2025-08-12 19:57:44] [INFO] Processing trust store for B2...
[2025-08-12 19:57:44] [DEBUG]   - Updated link B0->B2 with trust 0.500 (r=0, s=0)
[2025-08-12 19:57:44] [INFO] Processing trust store for B3...
[2025-08-12 19:57:44] [DEBUG]   - Updated link B1->B3 with trust 0.500 (r=0, s=0)
[2025-08-12 19:57:44] [INFO] Processing trust store for B4...
[2025-08-12 19:57:44] [DEBUG]   - Updated link B1->B4 with trust 0.601 (r=106, s=70)
[2025-08-12 19:57:44] [DEBUG]   - Updated link B2->B4 with trust 0.601 (r=106, s=70)
[2025-08-12 19:57:44] [INFO] Processing trust store for B5...
[2025-08-12 19:57:44] [DEBUG]   - Updated link B2->B5 with trust 0.500 (r=0, s=0)
[2025-08-12 19:57:44] [INFO] Processing trust store for B6...
[2025-08-12 19:57:44] [DEBUG]   - Updated link B4->B6 with trust 0.500 (r=0, s=0)
[2025-08-12 19:57:44] [DEBUG]   - Updated link B5->B6 with trust 0.500 (r=0, s=0)
[2025-08-12 19:57:44] [INFO] Processing trust store for B7...
[2025-08-12 19:57:44] [DEBUG]   - Updated link B6->B7 with trust 0.500 (r=0, s=0)
[2025-08-12 19:57:44] [INFO] Writing new authoritative network map to /home/dhruv/winshare/Neighbour_Signer_Model/mosquitto/plugins/payload-modification/network_map.txt...
[2025-08-12 19:57:44] [SUCCESS] Aggregation complete. Network map has been updated.
/home/dhruv/winshare/Neighbour_Signer_Model/mosquitto/plugins/payload-modification/aggregator.py:94: DeprecationWarning: datetime.datetime.utcnow() is deprecated and scheduled for removal in a future version. Use timezone-aware objects to represent datetimes in UTC: datetime.datetime.now(datetime.UTC).
  timestamp = datetime.utcnow().strftime("%Y-%m-%d %H:%M:%S UTC")
[2025-08-12 19:57:59] [INFO] Starting trust map aggregation process...
[2025-08-12 19:57:59] [DEBUG] Reading base topology from: /home/dhruv/winshare/Neighbour_Signer_Model/mosquitto/plugins/payload-modification/network_map.txt
[2025-08-12 19:57:59] [INFO] Loaded base topology with 6 source brokers.
[2025-08-12 19:57:59] [INFO] Processing trust store for B0...
[2025-08-12 19:57:59] [INFO] Processing trust store for B1...
[2025-08-12 19:57:59] [DEBUG]   - Updated link B0->B1 with trust 0.500 (r=0, s=0)
[2025-08-12 19:57:59] [INFO] Processing trust store for B2...
[2025-08-12 19:57:59] [DEBUG]   - Updated link B0->B2 with trust 0.500 (r=0, s=0)
[2025-08-12 19:57:59] [INFO] Processing trust store for B3...
[2025-08-12 19:57:59] [DEBUG]   - Updated link B1->B3 with trust 0.500 (r=0, s=0)
[2025-08-12 19:57:59] [INFO] Processing trust store for B4...
[2025-08-12 19:57:59] [DEBUG]   - Updated link B1->B4 with trust 0.585 (r=106, s=75)
[2025-08-12 19:57:59] [DEBUG]   - Updated link B2->B4 with trust 0.585 (r=106, s=75)
[2025-08-12 19:57:59] [INFO] Processing trust store for B5...
[2025-08-12 19:57:59] [DEBUG]   - Updated link B2->B5 with trust 0.500 (r=0, s=0)
[2025-08-12 19:57:59] [INFO] Processing trust store for B6...
[2025-08-12 19:57:59] [DEBUG]   - Updated link B4->B6 with trust 0.500 (r=0, s=0)
[2025-08-12 19:57:59] [DEBUG]   - Updated link B5->B6 with trust 0.500 (r=0, s=0)
[2025-08-12 19:57:59] [INFO] Processing trust store for B7...
[2025-08-12 19:57:59] [DEBUG]   - Updated link B6->B7 with trust 0.500 (r=0, s=0)
[2025-08-12 19:57:59] [INFO] Writing new authoritative network map to /home/dhruv/winshare/Neighbour_Signer_Model/mosquitto/plugins/payload-modification/network_map.txt...
[2025-08-12 19:57:59] [SUCCESS] Aggregation complete. Network map has been updated.
/home/dhruv/winshare/Neighbour_Signer_Model/mosquitto/plugins/payload-modification/aggregator.py:94: DeprecationWarning: datetime.datetime.utcnow() is deprecated and scheduled for removal in a future version. Use timezone-aware objects to represent datetimes in UTC: datetime.datetime.now(datetime.UTC).
  timestamp = datetime.utcnow().strftime("%Y-%m-%d %H:%M:%S UTC")
[2025-08-12 19:58:14] [INFO] Starting trust map aggregation process...
[2025-08-12 19:58:14] [DEBUG] Reading base topology from: /home/dhruv/winshare/Neighbour_Signer_Model/mosquitto/plugins/payload-modification/network_map.txt
[2025-08-12 19:58:14] [INFO] Loaded base topology with 6 source brokers.
[2025-08-12 19:58:14] [INFO] Processing trust store for B0...
[2025-08-12 19:58:14] [INFO] Processing trust store for B1...
[2025-08-12 19:58:14] [DEBUG]   - Updated link B0->B1 with trust 0.500 (r=0, s=0)
[2025-08-12 19:58:14] [INFO] Processing trust store for B2...
[2025-08-12 19:58:14] [DEBUG]   - Updated link B0->B2 with trust 0.500 (r=0, s=0)
[2025-08-12 19:58:14] [INFO] Processing trust store for B3...
[2025-08-12 19:58:14] [DEBUG]   - Updated link B1->B3 with trust 0.500 (r=0, s=0)
[2025-08-12 19:58:14] [INFO] Processing trust store for B4...
[2025-08-12 19:58:14] [DEBUG]   - Updated link B1->B4 with trust 0.554 (r=106, s=85)
[2025-08-12 19:58:14] [DEBUG]   - Updated link B2->B4 with trust 0.554 (r=106, s=85)
[2025-08-12 19:58:14] [INFO] Processing trust store for B5...
[2025-08-12 19:58:14] [DEBUG]   - Updated link B2->B5 with trust 0.500 (r=0, s=0)
[2025-08-12 19:58:14] [INFO] Processing trust store for B6...
[2025-08-12 19:58:14] [DEBUG]   - Updated link B4->B6 with trust 0.500 (r=0, s=0)
[2025-08-12 19:58:14] [DEBUG]   - Updated link B5->B6 with trust 0.500 (r=0, s=0)
[2025-08-12 19:58:14] [INFO] Processing trust store for B7...
[2025-08-12 19:58:14] [DEBUG]   - Updated link B6->B7 with trust 0.500 (r=0, s=0)
[2025-08-12 19:58:14] [INFO] Writing new authoritative network map to /home/dhruv/winshare/Neighbour_Signer_Model/mosquitto/plugins/payload-modification/network_map.txt...
[2025-08-12 19:58:14] [SUCCESS] Aggregation complete. Network map has been updated.
/home/dhruv/winshare/Neighbour_Signer_Model/mosquitto/plugins/payload-modification/aggregator.py:94: DeprecationWarning: datetime.datetime.utcnow() is deprecated and scheduled for removal in a future version. Use timezone-aware objects to represent datetimes in UTC: datetime.datetime.now(datetime.UTC).
  timestamp = datetime.utcnow().strftime("%Y-%m-%d %H:%M:%S UTC")
[2025-08-12 19:58:29] [INFO] Starting trust map aggregation process...
[2025-08-12 19:58:29] [DEBUG] Reading base topology from: /home/dhruv/winshare/Neighbour_Signer_Model/mosquitto/plugins/payload-modification/network_map.txt
[2025-08-12 19:58:29] [INFO] Loaded base topology with 6 source brokers.
[2025-08-12 19:58:29] [INFO] Processing trust store for B0...
[2025-08-12 19:58:29] [INFO] Processing trust store for B1...
[2025-08-12 19:58:29] [DEBUG]   - Updated link B0->B1 with trust 0.500 (r=0, s=0)
[2025-08-12 19:58:29] [INFO] Processing trust store for B2...
[2025-08-12 19:58:29] [DEBUG]   - Updated link B0->B2 with trust 0.500 (r=0, s=0)
[2025-08-12 19:58:29] [INFO] Processing trust store for B3...
[2025-08-12 19:58:29] [DEBUG]   - Updated link B1->B3 with trust 0.500 (r=0, s=0)
[2025-08-12 19:58:29] [INFO] Processing trust store for B4...
[2025-08-12 19:58:29] [DEBUG]   - Updated link B1->B4 with trust 0.540 (r=106, s=90)
[2025-08-12 19:58:29] [DEBUG]   - Updated link B2->B4 with trust 0.540 (r=106, s=90)
[2025-08-12 19:58:29] [INFO] Processing trust store for B5...
[2025-08-12 19:58:29] [DEBUG]   - Updated link B2->B5 with trust 0.500 (r=0, s=0)
[2025-08-12 19:58:29] [INFO] Processing trust store for B6...
[2025-08-12 19:58:29] [DEBUG]   - Updated link B4->B6 with trust 0.500 (r=0, s=0)
[2025-08-12 19:58:29] [DEBUG]   - Updated link B5->B6 with trust 0.500 (r=0, s=0)
[2025-08-12 19:58:29] [INFO] Processing trust store for B7...
[2025-08-12 19:58:29] [DEBUG]   - Updated link B6->B7 with trust 0.500 (r=0, s=0)
[2025-08-12 19:58:29] [INFO] Writing new authoritative network map to /home/dhruv/winshare/Neighbour_Signer_Model/mosquitto/plugins/payload-modification/network_map.txt...
[2025-08-12 19:58:29] [SUCCESS] Aggregation complete. Network map has been updated.
/home/dhruv/winshare/Neighbour_Signer_Model/mosquitto/plugins/payload-modification/aggregator.py:94: DeprecationWarning: datetime.datetime.utcnow() is deprecated and scheduled for removal in a future version. Use timezone-aware objects to represent datetimes in UTC: datetime.datetime.now(datetime.UTC).
  timestamp = datetime.utcnow().strftime("%Y-%m-%d %H:%M:%S UTC")
[2025-08-12 19:58:44] [INFO] Starting trust map aggregation process...
[2025-08-12 19:58:44] [DEBUG] Reading base topology from: /home/dhruv/winshare/Neighbour_Signer_Model/mosquitto/plugins/payload-modification/network_map.txt
[2025-08-12 19:58:44] [INFO] Loaded base topology with 6 source brokers.
[2025-08-12 19:58:44] [INFO] Processing trust store for B0...
[2025-08-12 19:58:44] [INFO] Processing trust store for B1...
[2025-08-12 19:58:44] [DEBUG]   - Updated link B0->B1 with trust 0.500 (r=0, s=0)
[2025-08-12 19:58:44] [INFO] Processing trust store for B2...
[2025-08-12 19:58:44] [DEBUG]   - Updated link B0->B2 with trust 0.500 (r=0, s=0)
[2025-08-12 19:58:44] [INFO] Processing trust store for B3...
[2025-08-12 19:58:44] [DEBUG]   - Updated link B1->B3 with trust 0.500 (r=0, s=0)
[2025-08-12 19:58:44] [INFO] Processing trust store for B4...
[2025-08-12 19:58:44] [DEBUG]   - Updated link B1->B4 with trust 0.527 (r=106, s=95)
[2025-08-12 19:58:44] [DEBUG]   - Updated link B2->B4 with trust 0.527 (r=106, s=95)
[2025-08-12 19:58:44] [INFO] Processing trust store for B5...
[2025-08-12 19:58:44] [DEBUG]   - Updated link B2->B5 with trust 0.500 (r=0, s=0)
[2025-08-12 19:58:44] [INFO] Processing trust store for B6...
[2025-08-12 19:58:44] [DEBUG]   - Updated link B4->B6 with trust 0.500 (r=0, s=0)
[2025-08-12 19:58:44] [DEBUG]   - Updated link B5->B6 with trust 0.500 (r=0, s=0)
[2025-08-12 19:58:44] [INFO] Processing trust store for B7...
[2025-08-12 19:58:44] [DEBUG]   - Updated link B6->B7 with trust 0.500 (r=0, s=0)
[2025-08-12 19:58:44] [INFO] Writing new authoritative network map to /home/dhruv/winshare/Neighbour_Signer_Model/mosquitto/plugins/payload-modification/network_map.txt...
[2025-08-12 19:58:44] [SUCCESS] Aggregation complete. Network map has been updated.
/home/dhruv/winshare/Neighbour_Signer_Model/mosquitto/plugins/payload-modification/aggregator.py:94: DeprecationWarning: datetime.datetime.utcnow() is deprecated and scheduled for removal in a future version. Use timezone-aware objects to represent datetimes in UTC: datetime.datetime.now(datetime.UTC).
  timestamp = datetime.utcnow().strftime("%Y-%m-%d %H:%M:%S UTC")
[2025-08-12 19:58:59] [INFO] Starting trust map aggregation process...
[2025-08-12 19:58:59] [DEBUG] Reading base topology from: /home/dhruv/winshare/Neighbour_Signer_Model/mosquitto/plugins/payload-modification/network_map.txt
[2025-08-12 19:58:59] [INFO] Loaded base topology with 6 source brokers.
[2025-08-12 19:58:59] [INFO] Processing trust store for B0...
[2025-08-12 19:58:59] [INFO] Processing trust store for B1...
[2025-08-12 19:58:59] [DEBUG]   - Updated link B0->B1 with trust 0.500 (r=0, s=0)
[2025-08-12 19:58:59] [INFO] Processing trust store for B2...
[2025-08-12 19:58:59] [DEBUG]   - Updated link B0->B2 with trust 0.500 (r=0, s=0)
[2025-08-12 19:58:59] [INFO] Processing trust store for B3...
[2025-08-12 19:58:59] [DEBUG]   - Updated link B1->B3 with trust 0.500 (r=0, s=0)
[2025-08-12 19:58:59] [INFO] Processing trust store for B4...
[2025-08-12 19:58:59] [DEBUG]   - Updated link B1->B4 with trust 0.502 (r=106, s=105)
[2025-08-12 19:58:59] [DEBUG]   - Updated link B2->B4 with trust 0.502 (r=106, s=105)
[2025-08-12 19:58:59] [INFO] Processing trust store for B5...
[2025-08-12 19:58:59] [DEBUG]   - Updated link B2->B5 with trust 0.500 (r=0, s=0)
[2025-08-12 19:58:59] [INFO] Processing trust store for B6...
[2025-08-12 19:58:59] [DEBUG]   - Updated link B4->B6 with trust 0.500 (r=0, s=0)
[2025-08-12 19:58:59] [DEBUG]   - Updated link B5->B6 with trust 0.500 (r=0, s=0)
[2025-08-12 19:58:59] [INFO] Processing trust store for B7...
[2025-08-12 19:58:59] [DEBUG]   - Updated link B6->B7 with trust 0.500 (r=0, s=0)
[2025-08-12 19:58:59] [INFO] Writing new authoritative network map to /home/dhruv/winshare/Neighbour_Signer_Model/mosquitto/plugins/payload-modification/network_map.txt...
[2025-08-12 19:58:59] [SUCCESS] Aggregation complete. Network map has been updated.
/home/dhruv/winshare/Neighbour_Signer_Model/mosquitto/plugins/payload-modification/aggregator.py:94: DeprecationWarning: datetime.datetime.utcnow() is deprecated and scheduled for removal in a future version. Use timezone-aware objects to represent datetimes in UTC: datetime.datetime.now(datetime.UTC).
  timestamp = datetime.utcnow().strftime("%Y-%m-%d %H:%M:%S UTC")
[2025-08-12 19:59:14] [INFO] Starting trust map aggregation process...
[2025-08-12 19:59:14] [DEBUG] Reading base topology from: /home/dhruv/winshare/Neighbour_Signer_Model/mosquitto/plugins/payload-modification/network_map.txt
[2025-08-12 19:59:14] [INFO] Loaded base topology with 6 source brokers.
[2025-08-12 19:59:14] [INFO] Processing trust store for B0...
[2025-08-12 19:59:14] [INFO] Processing trust store for B1...
[2025-08-12 19:59:14] [DEBUG]   - Updated link B0->B1 with trust 0.500 (r=0, s=0)
[2025-08-12 19:59:14] [INFO] Processing trust store for B2...
[2025-08-12 19:59:14] [DEBUG]   - Updated link B0->B2 with trust 0.500 (r=0, s=0)
[2025-08-12 19:59:14] [INFO] Processing trust store for B3...
[2025-08-12 19:59:14] [DEBUG]   - Updated link B1->B3 with trust 0.500 (r=0, s=0)
[2025-08-12 19:59:14] [INFO] Processing trust store for B4...
[2025-08-12 19:59:14] [DEBUG]   - Updated link B1->B4 with trust 0.502 (r=106, s=105)
[2025-08-12 19:59:14] [DEBUG]   - Updated link B2->B4 with trust 0.502 (r=106, s=105)
[2025-08-12 19:59:14] [INFO] Processing trust store for B5...
[2025-08-12 19:59:14] [DEBUG]   - Updated link B2->B5 with trust 0.500 (r=0, s=0)
[2025-08-12 19:59:14] [INFO] Processing trust store for B6...
[2025-08-12 19:59:14] [DEBUG]   - Updated link B4->B6 with trust 0.500 (r=0, s=0)
[2025-08-12 19:59:14] [DEBUG]   - Updated link B5->B6 with trust 0.500 (r=0, s=0)
[2025-08-12 19:59:14] [INFO] Processing trust store for B7...
[2025-08-12 19:59:14] [DEBUG]   - Updated link B6->B7 with trust 0.500 (r=0, s=0)
[2025-08-12 19:59:14] [INFO] Writing new authoritative network map to /home/dhruv/winshare/Neighbour_Signer_Model/mosquitto/plugins/payload-modification/network_map.txt...
[2025-08-12 19:59:14] [SUCCESS] Aggregation complete. Network map has been updated.
/home/dhruv/winshare/Neighbour_Signer_Model/mosquitto/plugins/payload-modification/aggregator.py:94: DeprecationWarning: datetime.datetime.utcnow() is deprecated and scheduled for removal in a future version. Use timezone-aware objects to represent datetimes in UTC: datetime.datetime.now(datetime.UTC).
  timestamp = datetime.utcnow().strftime("%Y-%m-%d %H:%M:%S UTC")
[2025-08-12 19:59:29] [INFO] Starting trust map aggregation process...
[2025-08-12 19:59:29] [DEBUG] Reading base topology from: /home/dhruv/winshare/Neighbour_Signer_Model/mosquitto/plugins/payload-modification/network_map.txt
[2025-08-12 19:59:29] [INFO] Loaded base topology with 6 source brokers.
[2025-08-12 19:59:29] [INFO] Processing trust store for B0...
[2025-08-12 19:59:29] [INFO] Processing trust store for B1...
[2025-08-12 19:59:29] [DEBUG]   - Updated link B0->B1 with trust 0.500 (r=0, s=0)
[2025-08-12 19:59:29] [INFO] Processing trust store for B2...
[2025-08-12 19:59:29] [DEBUG]   - Updated link B0->B2 with trust 0.500 (r=0, s=0)
[2025-08-12 19:59:29] [INFO] Processing trust store for B3...
[2025-08-12 19:59:29] [DEBUG]   - Updated link B1->B3 with trust 0.500 (r=0, s=0)
[2025-08-12 19:59:29] [INFO] Processing trust store for B4...
[2025-08-12 19:59:29] [DEBUG]   - Updated link B1->B4 with trust 0.491 (r=106, s=110)
[2025-08-12 19:59:29] [DEBUG]   - Updated link B2->B4 with trust 0.491 (r=106, s=110)
[2025-08-12 19:59:29] [INFO] Processing trust store for B5...
[2025-08-12 19:59:29] [DEBUG]   - Updated link B2->B5 with trust 0.500 (r=0, s=0)
[2025-08-12 19:59:29] [INFO] Processing trust store for B6...
[2025-08-12 19:59:29] [DEBUG]   - Updated link B4->B6 with trust 0.500 (r=0, s=0)
[2025-08-12 19:59:29] [DEBUG]   - Updated link B5->B6 with trust 0.500 (r=0, s=0)
[2025-08-12 19:59:29] [INFO] Processing trust store for B7...
[2025-08-12 19:59:29] [DEBUG]   - Updated link B6->B7 with trust 0.500 (r=0, s=0)
[2025-08-12 19:59:29] [INFO] Writing new authoritative network map to /home/dhruv/winshare/Neighbour_Signer_Model/mosquitto/plugins/payload-modification/network_map.txt...
[2025-08-12 19:59:29] [SUCCESS] Aggregation complete. Network map has been updated.
/home/dhruv/winshare/Neighbour_Signer_Model/mosquitto/plugins/payload-modification/aggregator.py:94: DeprecationWarning: datetime.datetime.utcnow() is deprecated and scheduled for removal in a future version. Use timezone-aware objects to represent datetimes in UTC: datetime.datetime.now(datetime.UTC).
  timestamp = datetime.utcnow().strftime("%Y-%m-%d %H:%M:%S UTC")
[2025-08-12 19:59:44] [INFO] Starting trust map aggregation process...
[2025-08-12 19:59:44] [DEBUG] Reading base topology from: /home/dhruv/winshare/Neighbour_Signer_Model/mosquitto/plugins/payload-modification/network_map.txt
[2025-08-12 19:59:44] [INFO] Loaded base topology with 6 source brokers.
[2025-08-12 19:59:44] [INFO] Processing trust store for B0...
[2025-08-12 19:59:44] [INFO] Processing trust store for B1...
[2025-08-12 19:59:44] [DEBUG]   - Updated link B0->B1 with trust 0.500 (r=0, s=0)
[2025-08-12 19:59:44] [INFO] Processing trust store for B2...
[2025-08-12 19:59:44] [DEBUG]   - Updated link B0->B2 with trust 0.500 (r=0, s=0)
[2025-08-12 19:59:44] [INFO] Processing trust store for B3...
[2025-08-12 19:59:44] [DEBUG]   - Updated link B1->B3 with trust 0.500 (r=0, s=0)
[2025-08-12 19:59:44] [INFO] Processing trust store for B4...
[2025-08-12 19:59:44] [DEBUG]   - Updated link B1->B4 with trust 0.491 (r=106, s=110)
[2025-08-12 19:59:44] [DEBUG]   - Updated link B2->B4 with trust 0.491 (r=106, s=110)
[2025-08-12 19:59:44] [INFO] Processing trust store for B5...
[2025-08-12 19:59:44] [DEBUG]   - Updated link B2->B5 with trust 0.500 (r=0, s=0)
[2025-08-12 19:59:44] [INFO] Processing trust store for B6...
[2025-08-12 19:59:44] [DEBUG]   - Updated link B4->B6 with trust 0.500 (r=0, s=0)
[2025-08-12 19:59:44] [DEBUG]   - Updated link B5->B6 with trust 0.500 (r=0, s=0)
[2025-08-12 19:59:44] [INFO] Processing trust store for B7...
[2025-08-12 19:59:44] [DEBUG]   - Updated link B6->B7 with trust 0.500 (r=0, s=0)
[2025-08-12 19:59:44] [INFO] Writing new authoritative network map to /home/dhruv/winshare/Neighbour_Signer_Model/mosquitto/plugins/payload-modification/network_map.txt...
[2025-08-12 19:59:44] [SUCCESS] Aggregation complete. Network map has been updated.
/home/dhruv/winshare/Neighbour_Signer_Model/mosquitto/plugins/payload-modification/aggregator.py:94: DeprecationWarning: datetime.datetime.utcnow() is deprecated and scheduled for removal in a future version. Use timezone-aware objects to represent datetimes in UTC: datetime.datetime.now(datetime.UTC).
  timestamp = datetime.utcnow().strftime("%Y-%m-%d %H:%M:%S UTC")
[2025-08-12 19:59:59] [INFO] Starting trust map aggregation process...
[2025-08-12 19:59:59] [DEBUG] Reading base topology from: /home/dhruv/winshare/Neighbour_Signer_Model/mosquitto/plugins/payload-modification/network_map.txt
[2025-08-12 19:59:59] [INFO] Loaded base topology with 6 source brokers.
[2025-08-12 19:59:59] [INFO] Processing trust store for B0...
[2025-08-12 19:59:59] [INFO] Processing trust store for B1...
[2025-08-12 19:59:59] [DEBUG]   - Updated link B0->B1 with trust 0.500 (r=0, s=0)
[2025-08-12 19:59:59] [INFO] Processing trust store for B2...
[2025-08-12 19:59:59] [DEBUG]   - Updated link B0->B2 with trust 0.500 (r=0, s=0)
[2025-08-12 19:59:59] [INFO] Processing trust store for B3...
[2025-08-12 19:59:59] [DEBUG]   - Updated link B1->B3 with trust 0.500 (r=0, s=0)
[2025-08-12 19:59:59] [INFO] Processing trust store for B4...
[2025-08-12 19:59:59] [DEBUG]   - Updated link B1->B4 with trust 0.491 (r=106, s=110)
[2025-08-12 19:59:59] [DEBUG]   - Updated link B2->B4 with trust 0.491 (r=106, s=110)
[2025-08-12 19:59:59] [INFO] Processing trust store for B5...
[2025-08-12 19:59:59] [DEBUG]   - Updated link B2->B5 with trust 0.500 (r=0, s=0)
[2025-08-12 19:59:59] [INFO] Processing trust store for B6...
[2025-08-12 19:59:59] [DEBUG]   - Updated link B4->B6 with trust 0.500 (r=0, s=0)
[2025-08-12 19:59:59] [DEBUG]   - Updated link B5->B6 with trust 0.500 (r=0, s=0)
[2025-08-12 19:59:59] [INFO] Processing trust store for B7...
[2025-08-12 19:59:59] [DEBUG]   - Updated link B6->B7 with trust 0.500 (r=0, s=0)
[2025-08-12 19:59:59] [INFO] Writing new authoritative network map to /home/dhruv/winshare/Neighbour_Signer_Model/mosquitto/plugins/payload-modification/network_map.txt...
[2025-08-12 19:59:59] [SUCCESS] Aggregation complete. Network map has been updated.
/home/dhruv/winshare/Neighbour_Signer_Model/mosquitto/plugins/payload-modification/aggregator.py:94: DeprecationWarning: datetime.datetime.utcnow() is deprecated and scheduled for removal in a future version. Use timezone-aware objects to represent datetimes in UTC: datetime.datetime.now(datetime.UTC).
  timestamp = datetime.utcnow().strftime("%Y-%m-%d %H:%M:%S UTC")
[2025-08-12 20:00:14] [INFO] Starting trust map aggregation process...
[2025-08-12 20:00:14] [DEBUG] Reading base topology from: /home/dhruv/winshare/Neighbour_Signer_Model/mosquitto/plugins/payload-modification/network_map.txt
[2025-08-12 20:00:14] [INFO] Loaded base topology with 6 source brokers.
[2025-08-12 20:00:14] [INFO] Processing trust store for B0...
[2025-08-12 20:00:14] [INFO] Processing trust store for B1...
[2025-08-12 20:00:14] [DEBUG]   - Updated link B0->B1 with trust 0.500 (r=0, s=0)
[2025-08-12 20:00:14] [INFO] Processing trust store for B2...
[2025-08-12 20:00:14] [DEBUG]   - Updated link B0->B2 with trust 0.500 (r=0, s=0)
[2025-08-12 20:00:14] [INFO] Processing trust store for B3...
[2025-08-12 20:00:14] [DEBUG]   - Updated link B1->B3 with trust 0.500 (r=0, s=0)
[2025-08-12 20:00:14] [INFO] Processing trust store for B4...
[2025-08-12 20:00:14] [DEBUG]   - Updated link B1->B4 with trust 0.491 (r=106, s=110)
[2025-08-12 20:00:14] [DEBUG]   - Updated link B2->B4 with trust 0.491 (r=106, s=110)
[2025-08-12 20:00:14] [INFO] Processing trust store for B5...
[2025-08-12 20:00:14] [DEBUG]   - Updated link B2->B5 with trust 0.500 (r=0, s=0)
[2025-08-12 20:00:14] [INFO] Processing trust store for B6...
[2025-08-12 20:00:14] [DEBUG]   - Updated link B4->B6 with trust 0.500 (r=0, s=0)
[2025-08-12 20:00:14] [DEBUG]   - Updated link B5->B6 with trust 0.500 (r=0, s=0)
[2025-08-12 20:00:14] [INFO] Processing trust store for B7...
[2025-08-12 20:00:14] [DEBUG]   - Updated link B6->B7 with trust 0.500 (r=0, s=0)
[2025-08-12 20:00:14] [INFO] Writing new authoritative network map to /home/dhruv/winshare/Neighbour_Signer_Model/mosquitto/plugins/payload-modification/network_map.txt...
[2025-08-12 20:00:14] [SUCCESS] Aggregation complete. Network map has been updated.
/home/dhruv/winshare/Neighbour_Signer_Model/mosquitto/plugins/payload-modification/aggregator.py:94: DeprecationWarning: datetime.datetime.utcnow() is deprecated and scheduled for removal in a future version. Use timezone-aware objects to represent datetimes in UTC: datetime.datetime.now(datetime.UTC).
  timestamp = datetime.utcnow().strftime("%Y-%m-%d %H:%M:%S UTC")
[2025-08-12 20:00:29] [INFO] Starting trust map aggregation process...
[2025-08-12 20:00:29] [DEBUG] Reading base topology from: /home/dhruv/winshare/Neighbour_Signer_Model/mosquitto/plugins/payload-modification/network_map.txt
[2025-08-12 20:00:29] [INFO] Loaded base topology with 6 source brokers.
[2025-08-12 20:00:29] [INFO] Processing trust store for B0...
[2025-08-12 20:00:29] [INFO] Processing trust store for B1...
[2025-08-12 20:00:29] [DEBUG]   - Updated link B0->B1 with trust 0.500 (r=0, s=0)
[2025-08-12 20:00:29] [INFO] Processing trust store for B2...
[2025-08-12 20:00:29] [DEBUG]   - Updated link B0->B2 with trust 0.500 (r=0, s=0)
[2025-08-12 20:00:29] [INFO] Processing trust store for B3...
[2025-08-12 20:00:29] [DEBUG]   - Updated link B1->B3 with trust 0.500 (r=0, s=0)
[2025-08-12 20:00:29] [INFO] Processing trust store for B4...
[2025-08-12 20:00:29] [DEBUG]   - Updated link B1->B4 with trust 0.491 (r=106, s=110)
[2025-08-12 20:00:29] [DEBUG]   - Updated link B2->B4 with trust 0.491 (r=106, s=110)
[2025-08-12 20:00:29] [INFO] Processing trust store for B5...
[2025-08-12 20:00:29] [DEBUG]   - Updated link B2->B5 with trust 0.500 (r=0, s=0)
[2025-08-12 20:00:29] [INFO] Processing trust store for B6...
[2025-08-12 20:00:29] [DEBUG]   - Updated link B4->B6 with trust 0.500 (r=0, s=0)
[2025-08-12 20:00:29] [DEBUG]   - Updated link B5->B6 with trust 0.500 (r=0, s=0)
[2025-08-12 20:00:29] [INFO] Processing trust store for B7...
[2025-08-12 20:00:29] [DEBUG]   - Updated link B6->B7 with trust 0.500 (r=0, s=0)
[2025-08-12 20:00:29] [INFO] Writing new authoritative network map to /home/dhruv/winshare/Neighbour_Signer_Model/mosquitto/plugins/payload-modification/network_map.txt...
[2025-08-12 20:00:29] [SUCCESS] Aggregation complete. Network map has been updated.
/home/dhruv/winshare/Neighbour_Signer_Model/mosquitto/plugins/payload-modification/aggregator.py:94: DeprecationWarning: datetime.datetime.utcnow() is deprecated and scheduled for removal in a future version. Use timezone-aware objects to represent datetimes in UTC: datetime.datetime.now(datetime.UTC).
  timestamp = datetime.utcnow().strftime("%Y-%m-%d %H:%M:%S UTC")
[2025-08-12 20:00:44] [INFO] Starting trust map aggregation process...
[2025-08-12 20:00:44] [DEBUG] Reading base topology from: /home/dhruv/winshare/Neighbour_Signer_Model/mosquitto/plugins/payload-modification/network_map.txt
[2025-08-12 20:00:44] [INFO] Loaded base topology with 6 source brokers.
[2025-08-12 20:00:44] [INFO] Processing trust store for B0...
[2025-08-12 20:00:44] [INFO] Processing trust store for B1...
[2025-08-12 20:00:44] [DEBUG]   - Updated link B0->B1 with trust 0.500 (r=0, s=0)
[2025-08-12 20:00:44] [INFO] Processing trust store for B2...
[2025-08-12 20:00:44] [DEBUG]   - Updated link B0->B2 with trust 0.500 (r=0, s=0)
[2025-08-12 20:00:44] [INFO] Processing trust store for B3...
[2025-08-12 20:00:44] [DEBUG]   - Updated link B1->B3 with trust 0.500 (r=0, s=0)
[2025-08-12 20:00:44] [INFO] Processing trust store for B4...
[2025-08-12 20:00:44] [DEBUG]   - Updated link B1->B4 with trust 0.491 (r=106, s=110)
[2025-08-12 20:00:44] [DEBUG]   - Updated link B2->B4 with trust 0.491 (r=106, s=110)
[2025-08-12 20:00:44] [INFO] Processing trust store for B5...
[2025-08-12 20:00:44] [DEBUG]   - Updated link B2->B5 with trust 0.500 (r=0, s=0)
[2025-08-12 20:00:44] [INFO] Processing trust store for B6...
[2025-08-12 20:00:44] [DEBUG]   - Updated link B4->B6 with trust 0.500 (r=0, s=0)
[2025-08-12 20:00:44] [DEBUG]   - Updated link B5->B6 with trust 0.500 (r=0, s=0)
[2025-08-12 20:00:44] [INFO] Processing trust store for B7...
[2025-08-12 20:00:44] [DEBUG]   - Updated link B6->B7 with trust 0.500 (r=0, s=0)
[2025-08-12 20:00:44] [INFO] Writing new authoritative network map to /home/dhruv/winshare/Neighbour_Signer_Model/mosquitto/plugins/payload-modification/network_map.txt...
[2025-08-12 20:00:44] [SUCCESS] Aggregation complete. Network map has been updated.
/home/dhruv/winshare/Neighbour_Signer_Model/mosquitto/plugins/payload-modification/aggregator.py:94: DeprecationWarning: datetime.datetime.utcnow() is deprecated and scheduled for removal in a future version. Use timezone-aware objects to represent datetimes in UTC: datetime.datetime.now(datetime.UTC).
  timestamp = datetime.utcnow().strftime("%Y-%m-%d %H:%M:%S UTC")
[2025-08-12 20:00:59] [INFO] Starting trust map aggregation process...
[2025-08-12 20:00:59] [DEBUG] Reading base topology from: /home/dhruv/winshare/Neighbour_Signer_Model/mosquitto/plugins/payload-modification/network_map.txt
[2025-08-12 20:00:59] [INFO] Loaded base topology with 6 source brokers.
[2025-08-12 20:00:59] [INFO] Processing trust store for B0...
[2025-08-12 20:00:59] [INFO] Processing trust store for B1...
[2025-08-12 20:00:59] [DEBUG]   - Updated link B0->B1 with trust 0.500 (r=0, s=0)
[2025-08-12 20:00:59] [INFO] Processing trust store for B2...
[2025-08-12 20:00:59] [DEBUG]   - Updated link B0->B2 with trust 0.500 (r=0, s=0)
[2025-08-12 20:00:59] [INFO] Processing trust store for B3...
[2025-08-12 20:00:59] [DEBUG]   - Updated link B1->B3 with trust 0.500 (r=0, s=0)
[2025-08-12 20:00:59] [INFO] Processing trust store for B4...
[2025-08-12 20:00:59] [DEBUG]   - Updated link B1->B4 with trust 0.491 (r=106, s=110)
[2025-08-12 20:00:59] [DEBUG]   - Updated link B2->B4 with trust 0.491 (r=106, s=110)
[2025-08-12 20:00:59] [INFO] Processing trust store for B5...
[2025-08-12 20:00:59] [DEBUG]   - Updated link B2->B5 with trust 0.500 (r=0, s=0)
[2025-08-12 20:00:59] [INFO] Processing trust store for B6...
[2025-08-12 20:00:59] [DEBUG]   - Updated link B4->B6 with trust 0.500 (r=0, s=0)
[2025-08-12 20:00:59] [DEBUG]   - Updated link B5->B6 with trust 0.500 (r=0, s=0)
[2025-08-12 20:00:59] [INFO] Processing trust store for B7...
[2025-08-12 20:00:59] [DEBUG]   - Updated link B6->B7 with trust 0.500 (r=0, s=0)
[2025-08-12 20:00:59] [INFO] Writing new authoritative network map to /home/dhruv/winshare/Neighbour_Signer_Model/mosquitto/plugins/payload-modification/network_map.txt...
[2025-08-12 20:00:59] [SUCCESS] Aggregation complete. Network map has been updated.
/home/dhruv/winshare/Neighbour_Signer_Model/mosquitto/plugins/payload-modification/aggregator.py:94: DeprecationWarning: datetime.datetime.utcnow() is deprecated and scheduled for removal in a future version. Use timezone-aware objects to represent datetimes in UTC: datetime.datetime.now(datetime.UTC).
  timestamp = datetime.utcnow().strftime("%Y-%m-%d %H:%M:%S UTC")
[2025-08-12 20:01:14] [INFO] Starting trust map aggregation process...
[2025-08-12 20:01:14] [DEBUG] Reading base topology from: /home/dhruv/winshare/Neighbour_Signer_Model/mosquitto/plugins/payload-modification/network_map.txt
[2025-08-12 20:01:14] [INFO] Loaded base topology with 6 source brokers.
[2025-08-12 20:01:14] [INFO] Processing trust store for B0...
[2025-08-12 20:01:14] [INFO] Processing trust store for B1...
[2025-08-12 20:01:14] [DEBUG]   - Updated link B0->B1 with trust 0.500 (r=0, s=0)
[2025-08-12 20:01:14] [INFO] Processing trust store for B2...
[2025-08-12 20:01:14] [DEBUG]   - Updated link B0->B2 with trust 0.500 (r=0, s=0)
[2025-08-12 20:01:14] [INFO] Processing trust store for B3...
[2025-08-12 20:01:14] [DEBUG]   - Updated link B1->B3 with trust 0.500 (r=0, s=0)
[2025-08-12 20:01:14] [INFO] Processing trust store for B4...
[2025-08-12 20:01:14] [DEBUG]   - Updated link B1->B4 with trust 0.491 (r=106, s=110)
[2025-08-12 20:01:14] [DEBUG]   - Updated link B2->B4 with trust 0.491 (r=106, s=110)
[2025-08-12 20:01:14] [INFO] Processing trust store for B5...
[2025-08-12 20:01:14] [DEBUG]   - Updated link B2->B5 with trust 0.500 (r=0, s=0)
[2025-08-12 20:01:14] [INFO] Processing trust store for B6...
[2025-08-12 20:01:14] [DEBUG]   - Updated link B4->B6 with trust 0.500 (r=0, s=0)
[2025-08-12 20:01:14] [DEBUG]   - Updated link B5->B6 with trust 0.500 (r=0, s=0)
[2025-08-12 20:01:14] [INFO] Processing trust store for B7...
[2025-08-12 20:01:14] [DEBUG]   - Updated link B6->B7 with trust 0.500 (r=0, s=0)
[2025-08-12 20:01:14] [INFO] Writing new authoritative network map to /home/dhruv/winshare/Neighbour_Signer_Model/mosquitto/plugins/payload-modification/network_map.txt...
[2025-08-12 20:01:14] [SUCCESS] Aggregation complete. Network map has been updated.
/home/dhruv/winshare/Neighbour_Signer_Model/mosquitto/plugins/payload-modification/aggregator.py:94: DeprecationWarning: datetime.datetime.utcnow() is deprecated and scheduled for removal in a future version. Use timezone-aware objects to represent datetimes in UTC: datetime.datetime.now(datetime.UTC).
  timestamp = datetime.utcnow().strftime("%Y-%m-%d %H:%M:%S UTC")
[2025-08-12 20:01:29] [INFO] Starting trust map aggregation process...
[2025-08-12 20:01:29] [DEBUG] Reading base topology from: /home/dhruv/winshare/Neighbour_Signer_Model/mosquitto/plugins/payload-modification/network_map.txt
[2025-08-12 20:01:29] [INFO] Loaded base topology with 6 source brokers.
[2025-08-12 20:01:29] [INFO] Processing trust store for B0...
[2025-08-12 20:01:29] [INFO] Processing trust store for B1...
[2025-08-12 20:01:29] [DEBUG]   - Updated link B0->B1 with trust 0.500 (r=0, s=0)
[2025-08-12 20:01:29] [INFO] Processing trust store for B2...
[2025-08-12 20:01:29] [DEBUG]   - Updated link B0->B2 with trust 0.500 (r=0, s=0)
[2025-08-12 20:01:29] [INFO] Processing trust store for B3...
[2025-08-12 20:01:29] [DEBUG]   - Updated link B1->B3 with trust 0.500 (r=0, s=0)
[2025-08-12 20:01:29] [INFO] Processing trust store for B4...
[2025-08-12 20:01:29] [DEBUG]   - Updated link B1->B4 with trust 0.491 (r=106, s=110)
[2025-08-12 20:01:29] [DEBUG]   - Updated link B2->B4 with trust 0.491 (r=106, s=110)
[2025-08-12 20:01:29] [INFO] Processing trust store for B5...
[2025-08-12 20:01:29] [DEBUG]   - Updated link B2->B5 with trust 0.500 (r=0, s=0)
[2025-08-12 20:01:29] [INFO] Processing trust store for B6...
[2025-08-12 20:01:29] [DEBUG]   - Updated link B4->B6 with trust 0.500 (r=0, s=0)
[2025-08-12 20:01:29] [DEBUG]   - Updated link B5->B6 with trust 0.500 (r=0, s=0)
[2025-08-12 20:01:29] [INFO] Processing trust store for B7...
[2025-08-12 20:01:29] [DEBUG]   - Updated link B6->B7 with trust 0.500 (r=0, s=0)
[2025-08-12 20:01:29] [INFO] Writing new authoritative network map to /home/dhruv/winshare/Neighbour_Signer_Model/mosquitto/plugins/payload-modification/network_map.txt...
[2025-08-12 20:01:29] [SUCCESS] Aggregation complete. Network map has been updated.
/home/dhruv/winshare/Neighbour_Signer_Model/mosquitto/plugins/payload-modification/aggregator.py:94: DeprecationWarning: datetime.datetime.utcnow() is deprecated and scheduled for removal in a future version. Use timezone-aware objects to represent datetimes in UTC: datetime.datetime.now(datetime.UTC).
  timestamp = datetime.utcnow().strftime("%Y-%m-%d %H:%M:%S UTC")
[2025-08-12 20:01:44] [INFO] Starting trust map aggregation process...
[2025-08-12 20:01:44] [DEBUG] Reading base topology from: /home/dhruv/winshare/Neighbour_Signer_Model/mosquitto/plugins/payload-modification/network_map.txt
[2025-08-12 20:01:44] [INFO] Loaded base topology with 6 source brokers.
[2025-08-12 20:01:44] [INFO] Processing trust store for B0...
[2025-08-12 20:01:44] [INFO] Processing trust store for B1...
[2025-08-12 20:01:44] [DEBUG]   - Updated link B0->B1 with trust 0.500 (r=0, s=0)
[2025-08-12 20:01:44] [INFO] Processing trust store for B2...
[2025-08-12 20:01:44] [DEBUG]   - Updated link B0->B2 with trust 0.500 (r=0, s=0)
[2025-08-12 20:01:44] [INFO] Processing trust store for B3...
[2025-08-12 20:01:44] [DEBUG]   - Updated link B1->B3 with trust 0.500 (r=0, s=0)
[2025-08-12 20:01:44] [INFO] Processing trust store for B4...
[2025-08-12 20:01:44] [DEBUG]   - Updated link B1->B4 with trust 0.491 (r=106, s=110)
[2025-08-12 20:01:44] [DEBUG]   - Updated link B2->B4 with trust 0.491 (r=106, s=110)
[2025-08-12 20:01:44] [INFO] Processing trust store for B5...
[2025-08-12 20:01:44] [DEBUG]   - Updated link B2->B5 with trust 0.500 (r=0, s=0)
[2025-08-12 20:01:44] [INFO] Processing trust store for B6...
[2025-08-12 20:01:44] [DEBUG]   - Updated link B4->B6 with trust 0.500 (r=0, s=0)
[2025-08-12 20:01:44] [DEBUG]   - Updated link B5->B6 with trust 0.500 (r=0, s=0)
[2025-08-12 20:01:44] [INFO] Processing trust store for B7...
[2025-08-12 20:01:44] [DEBUG]   - Updated link B6->B7 with trust 0.500 (r=0, s=0)
[2025-08-12 20:01:44] [INFO] Writing new authoritative network map to /home/dhruv/winshare/Neighbour_Signer_Model/mosquitto/plugins/payload-modification/network_map.txt...
[2025-08-12 20:01:44] [SUCCESS] Aggregation complete. Network map has been updated.
/home/dhruv/winshare/Neighbour_Signer_Model/mosquitto/plugins/payload-modification/aggregator.py:94: DeprecationWarning: datetime.datetime.utcnow() is deprecated and scheduled for removal in a future version. Use timezone-aware objects to represent datetimes in UTC: datetime.datetime.now(datetime.UTC).
  timestamp = datetime.utcnow().strftime("%Y-%m-%d %H:%M:%S UTC")
[2025-08-12 20:01:59] [INFO] Starting trust map aggregation process...
[2025-08-12 20:01:59] [DEBUG] Reading base topology from: /home/dhruv/winshare/Neighbour_Signer_Model/mosquitto/plugins/payload-modification/network_map.txt
[2025-08-12 20:01:59] [INFO] Loaded base topology with 6 source brokers.
[2025-08-12 20:01:59] [INFO] Processing trust store for B0...
[2025-08-12 20:01:59] [INFO] Processing trust store for B1...
[2025-08-12 20:01:59] [DEBUG]   - Updated link B0->B1 with trust 0.500 (r=0, s=0)
[2025-08-12 20:01:59] [INFO] Processing trust store for B2...
[2025-08-12 20:01:59] [DEBUG]   - Updated link B0->B2 with trust 0.500 (r=0, s=0)
[2025-08-12 20:01:59] [INFO] Processing trust store for B3...
[2025-08-12 20:01:59] [DEBUG]   - Updated link B1->B3 with trust 0.500 (r=0, s=0)
[2025-08-12 20:01:59] [INFO] Processing trust store for B4...
[2025-08-12 20:01:59] [DEBUG]   - Updated link B1->B4 with trust 0.491 (r=106, s=110)
[2025-08-12 20:01:59] [DEBUG]   - Updated link B2->B4 with trust 0.491 (r=106, s=110)
[2025-08-12 20:01:59] [INFO] Processing trust store for B5...
[2025-08-12 20:01:59] [DEBUG]   - Updated link B2->B5 with trust 0.500 (r=0, s=0)
[2025-08-12 20:01:59] [INFO] Processing trust store for B6...
[2025-08-12 20:01:59] [DEBUG]   - Updated link B4->B6 with trust 0.500 (r=0, s=0)
[2025-08-12 20:01:59] [DEBUG]   - Updated link B5->B6 with trust 0.500 (r=0, s=0)
[2025-08-12 20:01:59] [INFO] Processing trust store for B7...
[2025-08-12 20:01:59] [DEBUG]   - Updated link B6->B7 with trust 0.500 (r=0, s=0)
[2025-08-12 20:01:59] [INFO] Writing new authoritative network map to /home/dhruv/winshare/Neighbour_Signer_Model/mosquitto/plugins/payload-modification/network_map.txt...
[2025-08-12 20:01:59] [SUCCESS] Aggregation complete. Network map has been updated.
/home/dhruv/winshare/Neighbour_Signer_Model/mosquitto/plugins/payload-modification/aggregator.py:94: DeprecationWarning: datetime.datetime.utcnow() is deprecated and scheduled for removal in a future version. Use timezone-aware objects to represent datetimes in UTC: datetime.datetime.now(datetime.UTC).
  timestamp = datetime.utcnow().strftime("%Y-%m-%d %H:%M:%S UTC")
[2025-08-12 20:02:14] [INFO] Starting trust map aggregation process...
[2025-08-12 20:02:14] [DEBUG] Reading base topology from: /home/dhruv/winshare/Neighbour_Signer_Model/mosquitto/plugins/payload-modification/network_map.txt
[2025-08-12 20:02:14] [INFO] Loaded base topology with 6 source brokers.
[2025-08-12 20:02:14] [INFO] Processing trust store for B0...
[2025-08-12 20:02:14] [INFO] Processing trust store for B1...
[2025-08-12 20:02:14] [DEBUG]   - Updated link B0->B1 with trust 0.500 (r=0, s=0)
[2025-08-12 20:02:14] [INFO] Processing trust store for B2...
[2025-08-12 20:02:14] [DEBUG]   - Updated link B0->B2 with trust 0.500 (r=0, s=0)
[2025-08-12 20:02:14] [INFO] Processing trust store for B3...
[2025-08-12 20:02:14] [DEBUG]   - Updated link B1->B3 with trust 0.500 (r=0, s=0)
[2025-08-12 20:02:14] [INFO] Processing trust store for B4...
[2025-08-12 20:02:14] [DEBUG]   - Updated link B1->B4 with trust 0.491 (r=106, s=110)
[2025-08-12 20:02:14] [DEBUG]   - Updated link B2->B4 with trust 0.491 (r=106, s=110)
[2025-08-12 20:02:14] [INFO] Processing trust store for B5...
[2025-08-12 20:02:14] [DEBUG]   - Updated link B2->B5 with trust 0.500 (r=0, s=0)
[2025-08-12 20:02:14] [INFO] Processing trust store for B6...
[2025-08-12 20:02:14] [DEBUG]   - Updated link B4->B6 with trust 0.500 (r=0, s=0)
[2025-08-12 20:02:14] [DEBUG]   - Updated link B5->B6 with trust 0.500 (r=0, s=0)
[2025-08-12 20:02:14] [INFO] Processing trust store for B7...
[2025-08-12 20:02:14] [DEBUG]   - Updated link B6->B7 with trust 0.500 (r=0, s=0)
[2025-08-12 20:02:14] [INFO] Writing new authoritative network map to /home/dhruv/winshare/Neighbour_Signer_Model/mosquitto/plugins/payload-modification/network_map.txt...
[2025-08-12 20:02:14] [SUCCESS] Aggregation complete. Network map has been updated.
/home/dhruv/winshare/Neighbour_Signer_Model/mosquitto/plugins/payload-modification/aggregator.py:94: DeprecationWarning: datetime.datetime.utcnow() is deprecated and scheduled for removal in a future version. Use timezone-aware objects to represent datetimes in UTC: datetime.datetime.now(datetime.UTC).
  timestamp = datetime.utcnow().strftime("%Y-%m-%d %H:%M:%S UTC")
[2025-08-12 20:02:29] [INFO] Starting trust map aggregation process...
[2025-08-12 20:02:29] [DEBUG] Reading base topology from: /home/dhruv/winshare/Neighbour_Signer_Model/mosquitto/plugins/payload-modification/network_map.txt
[2025-08-12 20:02:29] [INFO] Loaded base topology with 6 source brokers.
[2025-08-12 20:02:29] [INFO] Processing trust store for B0...
[2025-08-12 20:02:29] [INFO] Processing trust store for B1...
[2025-08-12 20:02:29] [DEBUG]   - Updated link B0->B1 with trust 0.500 (r=0, s=0)
[2025-08-12 20:02:29] [INFO] Processing trust store for B2...
[2025-08-12 20:02:29] [DEBUG]   - Updated link B0->B2 with trust 0.500 (r=0, s=0)
[2025-08-12 20:02:29] [INFO] Processing trust store for B3...
[2025-08-12 20:02:29] [DEBUG]   - Updated link B1->B3 with trust 0.500 (r=0, s=0)
[2025-08-12 20:02:29] [INFO] Processing trust store for B4...
[2025-08-12 20:02:29] [DEBUG]   - Updated link B1->B4 with trust 0.491 (r=106, s=110)
[2025-08-12 20:02:29] [DEBUG]   - Updated link B2->B4 with trust 0.491 (r=106, s=110)
[2025-08-12 20:02:29] [INFO] Processing trust store for B5...
[2025-08-12 20:02:29] [DEBUG]   - Updated link B2->B5 with trust 0.500 (r=0, s=0)
[2025-08-12 20:02:29] [INFO] Processing trust store for B6...
[2025-08-12 20:02:29] [DEBUG]   - Updated link B4->B6 with trust 0.500 (r=0, s=0)
[2025-08-12 20:02:29] [DEBUG]   - Updated link B5->B6 with trust 0.500 (r=0, s=0)
[2025-08-12 20:02:29] [INFO] Processing trust store for B7...
[2025-08-12 20:02:29] [DEBUG]   - Updated link B6->B7 with trust 0.500 (r=0, s=0)
[2025-08-12 20:02:29] [INFO] Writing new authoritative network map to /home/dhruv/winshare/Neighbour_Signer_Model/mosquitto/plugins/payload-modification/network_map.txt...
[2025-08-12 20:02:29] [SUCCESS] Aggregation complete. Network map has been updated.
/home/dhruv/winshare/Neighbour_Signer_Model/mosquitto/plugins/payload-modification/aggregator.py:94: DeprecationWarning: datetime.datetime.utcnow() is deprecated and scheduled for removal in a future version. Use timezone-aware objects to represent datetimes in UTC: datetime.datetime.now(datetime.UTC).
  timestamp = datetime.utcnow().strftime("%Y-%m-%d %H:%M:%S UTC")
[2025-08-12 20:02:45] [INFO] Starting trust map aggregation process...
[2025-08-12 20:02:45] [DEBUG] Reading base topology from: /home/dhruv/winshare/Neighbour_Signer_Model/mosquitto/plugins/payload-modification/network_map.txt
[2025-08-12 20:02:45] [INFO] Loaded base topology with 6 source brokers.
[2025-08-12 20:02:45] [INFO] Processing trust store for B0...
[2025-08-12 20:02:45] [INFO] Processing trust store for B1...
[2025-08-12 20:02:45] [DEBUG]   - Updated link B0->B1 with trust 0.500 (r=0, s=0)
[2025-08-12 20:02:45] [INFO] Processing trust store for B2...
[2025-08-12 20:02:45] [DEBUG]   - Updated link B0->B2 with trust 0.500 (r=0, s=0)
[2025-08-12 20:02:45] [INFO] Processing trust store for B3...
[2025-08-12 20:02:45] [DEBUG]   - Updated link B1->B3 with trust 0.500 (r=0, s=0)
[2025-08-12 20:02:45] [INFO] Processing trust store for B4...
[2025-08-12 20:02:45] [DEBUG]   - Updated link B1->B4 with trust 0.491 (r=106, s=110)
[2025-08-12 20:02:45] [DEBUG]   - Updated link B2->B4 with trust 0.491 (r=106, s=110)
[2025-08-12 20:02:45] [INFO] Processing trust store for B5...
[2025-08-12 20:02:45] [DEBUG]   - Updated link B2->B5 with trust 0.500 (r=0, s=0)
[2025-08-12 20:02:45] [INFO] Processing trust store for B6...
[2025-08-12 20:02:45] [DEBUG]   - Updated link B4->B6 with trust 0.500 (r=0, s=0)
[2025-08-12 20:02:45] [DEBUG]   - Updated link B5->B6 with trust 0.500 (r=0, s=0)
[2025-08-12 20:02:45] [INFO] Processing trust store for B7...
[2025-08-12 20:02:45] [DEBUG]   - Updated link B6->B7 with trust 0.500 (r=0, s=0)
[2025-08-12 20:02:45] [INFO] Writing new authoritative network map to /home/dhruv/winshare/Neighbour_Signer_Model/mosquitto/plugins/payload-modification/network_map.txt...
[2025-08-12 20:02:45] [SUCCESS] Aggregation complete. Network map has been updated.
/home/dhruv/winshare/Neighbour_Signer_Model/mosquitto/plugins/payload-modification/aggregator.py:94: DeprecationWarning: datetime.datetime.utcnow() is deprecated and scheduled for removal in a future version. Use timezone-aware objects to represent datetimes in UTC: datetime.datetime.now(datetime.UTC).
  timestamp = datetime.utcnow().strftime("%Y-%m-%d %H:%M:%S UTC")
[2025-08-12 20:03:00] [INFO] Starting trust map aggregation process...
[2025-08-12 20:03:00] [DEBUG] Reading base topology from: /home/dhruv/winshare/Neighbour_Signer_Model/mosquitto/plugins/payload-modification/network_map.txt
[2025-08-12 20:03:00] [INFO] Loaded base topology with 6 source brokers.
[2025-08-12 20:03:00] [INFO] Processing trust store for B0...
[2025-08-12 20:03:00] [INFO] Processing trust store for B1...
[2025-08-12 20:03:00] [DEBUG]   - Updated link B0->B1 with trust 0.500 (r=0, s=0)
[2025-08-12 20:03:00] [INFO] Processing trust store for B2...
[2025-08-12 20:03:00] [DEBUG]   - Updated link B0->B2 with trust 0.500 (r=0, s=0)
[2025-08-12 20:03:00] [INFO] Processing trust store for B3...
[2025-08-12 20:03:00] [DEBUG]   - Updated link B1->B3 with trust 0.500 (r=0, s=0)
[2025-08-12 20:03:00] [INFO] Processing trust store for B4...
[2025-08-12 20:03:00] [DEBUG]   - Updated link B1->B4 with trust 0.491 (r=106, s=110)
[2025-08-12 20:03:00] [DEBUG]   - Updated link B2->B4 with trust 0.491 (r=106, s=110)
[2025-08-12 20:03:00] [INFO] Processing trust store for B5...
[2025-08-12 20:03:00] [DEBUG]   - Updated link B2->B5 with trust 0.500 (r=0, s=0)
[2025-08-12 20:03:00] [INFO] Processing trust store for B6...
[2025-08-12 20:03:00] [DEBUG]   - Updated link B4->B6 with trust 0.500 (r=0, s=0)
[2025-08-12 20:03:00] [DEBUG]   - Updated link B5->B6 with trust 0.500 (r=0, s=0)
[2025-08-12 20:03:00] [INFO] Processing trust store for B7...
[2025-08-12 20:03:00] [DEBUG]   - Updated link B6->B7 with trust 0.500 (r=0, s=0)
[2025-08-12 20:03:00] [INFO] Writing new authoritative network map to /home/dhruv/winshare/Neighbour_Signer_Model/mosquitto/plugins/payload-modification/network_map.txt...
[2025-08-12 20:03:00] [SUCCESS] Aggregation complete. Network map has been updated.
/home/dhruv/winshare/Neighbour_Signer_Model/mosquitto/plugins/payload-modification/aggregator.py:94: DeprecationWarning: datetime.datetime.utcnow() is deprecated and scheduled for removal in a future version. Use timezone-aware objects to represent datetimes in UTC: datetime.datetime.now(datetime.UTC).
  timestamp = datetime.utcnow().strftime("%Y-%m-%d %H:%M:%S UTC")
[2025-08-12 20:03:15] [INFO] Starting trust map aggregation process...
[2025-08-12 20:03:15] [DEBUG] Reading base topology from: /home/dhruv/winshare/Neighbour_Signer_Model/mosquitto/plugins/payload-modification/network_map.txt
[2025-08-12 20:03:15] [INFO] Loaded base topology with 6 source brokers.
[2025-08-12 20:03:15] [INFO] Processing trust store for B0...
[2025-08-12 20:03:15] [INFO] Processing trust store for B1...
[2025-08-12 20:03:15] [DEBUG]   - Updated link B0->B1 with trust 0.500 (r=0, s=0)
[2025-08-12 20:03:15] [INFO] Processing trust store for B2...
[2025-08-12 20:03:15] [DEBUG]   - Updated link B0->B2 with trust 0.500 (r=0, s=0)
[2025-08-12 20:03:15] [INFO] Processing trust store for B3...
[2025-08-12 20:03:15] [DEBUG]   - Updated link B1->B3 with trust 0.500 (r=0, s=0)
[2025-08-12 20:03:15] [INFO] Processing trust store for B4...
[2025-08-12 20:03:15] [DEBUG]   - Updated link B1->B4 with trust 0.491 (r=106, s=110)
[2025-08-12 20:03:15] [DEBUG]   - Updated link B2->B4 with trust 0.491 (r=106, s=110)
[2025-08-12 20:03:15] [INFO] Processing trust store for B5...
[2025-08-12 20:03:15] [DEBUG]   - Updated link B2->B5 with trust 0.500 (r=0, s=0)
[2025-08-12 20:03:15] [INFO] Processing trust store for B6...
[2025-08-12 20:03:15] [DEBUG]   - Updated link B4->B6 with trust 0.500 (r=0, s=0)
[2025-08-12 20:03:15] [DEBUG]   - Updated link B5->B6 with trust 0.500 (r=0, s=0)
[2025-08-12 20:03:15] [INFO] Processing trust store for B7...
[2025-08-12 20:03:15] [DEBUG]   - Updated link B6->B7 with trust 0.500 (r=0, s=0)
[2025-08-12 20:03:15] [INFO] Writing new authoritative network map to /home/dhruv/winshare/Neighbour_Signer_Model/mosquitto/plugins/payload-modification/network_map.txt...
[2025-08-12 20:03:15] [SUCCESS] Aggregation complete. Network map has been updated.
/home/dhruv/winshare/Neighbour_Signer_Model/mosquitto/plugins/payload-modification/aggregator.py:94: DeprecationWarning: datetime.datetime.utcnow() is deprecated and scheduled for removal in a future version. Use timezone-aware objects to represent datetimes in UTC: datetime.datetime.now(datetime.UTC).
  timestamp = datetime.utcnow().strftime("%Y-%m-%d %H:%M:%S UTC")
[2025-08-12 20:03:30] [INFO] Starting trust map aggregation process...
[2025-08-12 20:03:30] [DEBUG] Reading base topology from: /home/dhruv/winshare/Neighbour_Signer_Model/mosquitto/plugins/payload-modification/network_map.txt
[2025-08-12 20:03:30] [INFO] Loaded base topology with 6 source brokers.
[2025-08-12 20:03:30] [INFO] Processing trust store for B0...
[2025-08-12 20:03:30] [INFO] Processing trust store for B1...
[2025-08-12 20:03:30] [DEBUG]   - Updated link B0->B1 with trust 0.500 (r=0, s=0)
[2025-08-12 20:03:30] [INFO] Processing trust store for B2...
[2025-08-12 20:03:30] [DEBUG]   - Updated link B0->B2 with trust 0.500 (r=0, s=0)
[2025-08-12 20:03:30] [INFO] Processing trust store for B3...
[2025-08-12 20:03:30] [DEBUG]   - Updated link B1->B3 with trust 0.500 (r=0, s=0)
[2025-08-12 20:03:30] [INFO] Processing trust store for B4...
[2025-08-12 20:03:30] [DEBUG]   - Updated link B1->B4 with trust 0.491 (r=106, s=110)
[2025-08-12 20:03:30] [DEBUG]   - Updated link B2->B4 with trust 0.491 (r=106, s=110)
[2025-08-12 20:03:30] [INFO] Processing trust store for B5...
[2025-08-12 20:03:30] [DEBUG]   - Updated link B2->B5 with trust 0.500 (r=0, s=0)
[2025-08-12 20:03:30] [INFO] Processing trust store for B6...
[2025-08-12 20:03:30] [DEBUG]   - Updated link B4->B6 with trust 0.500 (r=0, s=0)
[2025-08-12 20:03:30] [DEBUG]   - Updated link B5->B6 with trust 0.500 (r=0, s=0)
[2025-08-12 20:03:30] [INFO] Processing trust store for B7...
[2025-08-12 20:03:30] [DEBUG]   - Updated link B6->B7 with trust 0.500 (r=0, s=0)
[2025-08-12 20:03:30] [INFO] Writing new authoritative network map to /home/dhruv/winshare/Neighbour_Signer_Model/mosquitto/plugins/payload-modification/network_map.txt...
[2025-08-12 20:03:30] [SUCCESS] Aggregation complete. Network map has been updated.
/home/dhruv/winshare/Neighbour_Signer_Model/mosquitto/plugins/payload-modification/aggregator.py:94: DeprecationWarning: datetime.datetime.utcnow() is deprecated and scheduled for removal in a future version. Use timezone-aware objects to represent datetimes in UTC: datetime.datetime.now(datetime.UTC).
  timestamp = datetime.utcnow().strftime("%Y-%m-%d %H:%M:%S UTC")
[2025-08-12 20:03:45] [INFO] Starting trust map aggregation process...
[2025-08-12 20:03:45] [DEBUG] Reading base topology from: /home/dhruv/winshare/Neighbour_Signer_Model/mosquitto/plugins/payload-modification/network_map.txt
[2025-08-12 20:03:45] [INFO] Loaded base topology with 6 source brokers.
[2025-08-12 20:03:45] [INFO] Processing trust store for B0...
[2025-08-12 20:03:45] [INFO] Processing trust store for B1...
[2025-08-12 20:03:45] [DEBUG]   - Updated link B0->B1 with trust 0.500 (r=0, s=0)
[2025-08-12 20:03:45] [INFO] Processing trust store for B2...
[2025-08-12 20:03:45] [DEBUG]   - Updated link B0->B2 with trust 0.500 (r=0, s=0)
[2025-08-12 20:03:45] [INFO] Processing trust store for B3...
[2025-08-12 20:03:45] [DEBUG]   - Updated link B1->B3 with trust 0.500 (r=0, s=0)
[2025-08-12 20:03:45] [INFO] Processing trust store for B4...
[2025-08-12 20:03:45] [DEBUG]   - Updated link B1->B4 with trust 0.491 (r=106, s=110)
[2025-08-12 20:03:45] [DEBUG]   - Updated link B2->B4 with trust 0.491 (r=106, s=110)
[2025-08-12 20:03:45] [INFO] Processing trust store for B5...
[2025-08-12 20:03:45] [DEBUG]   - Updated link B2->B5 with trust 0.500 (r=0, s=0)
[2025-08-12 20:03:45] [INFO] Processing trust store for B6...
[2025-08-12 20:03:45] [DEBUG]   - Updated link B4->B6 with trust 0.500 (r=0, s=0)
[2025-08-12 20:03:45] [DEBUG]   - Updated link B5->B6 with trust 0.500 (r=0, s=0)
[2025-08-12 20:03:45] [INFO] Processing trust store for B7...
[2025-08-12 20:03:45] [DEBUG]   - Updated link B6->B7 with trust 0.500 (r=0, s=0)
[2025-08-12 20:03:45] [INFO] Writing new authoritative network map to /home/dhruv/winshare/Neighbour_Signer_Model/mosquitto/plugins/payload-modification/network_map.txt...
[2025-08-12 20:03:45] [SUCCESS] Aggregation complete. Network map has been updated.
/home/dhruv/winshare/Neighbour_Signer_Model/mosquitto/plugins/payload-modification/aggregator.py:94: DeprecationWarning: datetime.datetime.utcnow() is deprecated and scheduled for removal in a future version. Use timezone-aware objects to represent datetimes in UTC: datetime.datetime.now(datetime.UTC).
  timestamp = datetime.utcnow().strftime("%Y-%m-%d %H:%M:%S UTC")
[2025-08-12 20:04:00] [INFO] Starting trust map aggregation process...
[2025-08-12 20:04:00] [DEBUG] Reading base topology from: /home/dhruv/winshare/Neighbour_Signer_Model/mosquitto/plugins/payload-modification/network_map.txt
[2025-08-12 20:04:00] [INFO] Loaded base topology with 6 source brokers.
[2025-08-12 20:04:00] [INFO] Processing trust store for B0...
[2025-08-12 20:04:00] [INFO] Processing trust store for B1...
[2025-08-12 20:04:00] [DEBUG]   - Updated link B0->B1 with trust 0.500 (r=0, s=0)
[2025-08-12 20:04:00] [INFO] Processing trust store for B2...
[2025-08-12 20:04:00] [DEBUG]   - Updated link B0->B2 with trust 0.500 (r=0, s=0)
[2025-08-12 20:04:00] [INFO] Processing trust store for B3...
[2025-08-12 20:04:00] [DEBUG]   - Updated link B1->B3 with trust 0.500 (r=0, s=0)
[2025-08-12 20:04:00] [INFO] Processing trust store for B4...
[2025-08-12 20:04:00] [DEBUG]   - Updated link B1->B4 with trust 0.491 (r=106, s=110)
[2025-08-12 20:04:00] [DEBUG]   - Updated link B2->B4 with trust 0.491 (r=106, s=110)
[2025-08-12 20:04:00] [INFO] Processing trust store for B5...
[2025-08-12 20:04:00] [DEBUG]   - Updated link B2->B5 with trust 0.500 (r=0, s=0)
[2025-08-12 20:04:00] [INFO] Processing trust store for B6...
[2025-08-12 20:04:00] [DEBUG]   - Updated link B4->B6 with trust 0.500 (r=0, s=0)
[2025-08-12 20:04:00] [DEBUG]   - Updated link B5->B6 with trust 0.500 (r=0, s=0)
[2025-08-12 20:04:00] [INFO] Processing trust store for B7...
[2025-08-12 20:04:00] [DEBUG]   - Updated link B6->B7 with trust 0.500 (r=0, s=0)
[2025-08-12 20:04:00] [INFO] Writing new authoritative network map to /home/dhruv/winshare/Neighbour_Signer_Model/mosquitto/plugins/payload-modification/network_map.txt...
[2025-08-12 20:04:00] [SUCCESS] Aggregation complete. Network map has been updated.
/home/dhruv/winshare/Neighbour_Signer_Model/mosquitto/plugins/payload-modification/aggregator.py:94: DeprecationWarning: datetime.datetime.utcnow() is deprecated and scheduled for removal in a future version. Use timezone-aware objects to represent datetimes in UTC: datetime.datetime.now(datetime.UTC).
  timestamp = datetime.utcnow().strftime("%Y-%m-%d %H:%M:%S UTC")
[2025-08-12 20:04:15] [INFO] Starting trust map aggregation process...
[2025-08-12 20:04:15] [DEBUG] Reading base topology from: /home/dhruv/winshare/Neighbour_Signer_Model/mosquitto/plugins/payload-modification/network_map.txt
[2025-08-12 20:04:15] [INFO] Loaded base topology with 6 source brokers.
[2025-08-12 20:04:15] [INFO] Processing trust store for B0...
[2025-08-12 20:04:15] [INFO] Processing trust store for B1...
[2025-08-12 20:04:15] [DEBUG]   - Updated link B0->B1 with trust 0.500 (r=0, s=0)
[2025-08-12 20:04:15] [INFO] Processing trust store for B2...
[2025-08-12 20:04:15] [DEBUG]   - Updated link B0->B2 with trust 0.500 (r=0, s=0)
[2025-08-12 20:04:15] [INFO] Processing trust store for B3...
[2025-08-12 20:04:15] [DEBUG]   - Updated link B1->B3 with trust 0.500 (r=0, s=0)
[2025-08-12 20:04:15] [INFO] Processing trust store for B4...
[2025-08-12 20:04:15] [DEBUG]   - Updated link B1->B4 with trust 0.491 (r=106, s=110)
[2025-08-12 20:04:15] [DEBUG]   - Updated link B2->B4 with trust 0.491 (r=106, s=110)
[2025-08-12 20:04:15] [INFO] Processing trust store for B5...
[2025-08-12 20:04:15] [DEBUG]   - Updated link B2->B5 with trust 0.500 (r=0, s=0)
[2025-08-12 20:04:15] [INFO] Processing trust store for B6...
[2025-08-12 20:04:15] [DEBUG]   - Updated link B4->B6 with trust 0.500 (r=0, s=0)
[2025-08-12 20:04:15] [DEBUG]   - Updated link B5->B6 with trust 0.500 (r=0, s=0)
[2025-08-12 20:04:15] [INFO] Processing trust store for B7...
[2025-08-12 20:04:15] [DEBUG]   - Updated link B6->B7 with trust 0.500 (r=0, s=0)
[2025-08-12 20:04:15] [INFO] Writing new authoritative network map to /home/dhruv/winshare/Neighbour_Signer_Model/mosquitto/plugins/payload-modification/network_map.txt...
[2025-08-12 20:04:15] [SUCCESS] Aggregation complete. Network map has been updated.
/home/dhruv/winshare/Neighbour_Signer_Model/mosquitto/plugins/payload-modification/aggregator.py:94: DeprecationWarning: datetime.datetime.utcnow() is deprecated and scheduled for removal in a future version. Use timezone-aware objects to represent datetimes in UTC: datetime.datetime.now(datetime.UTC).
  timestamp = datetime.utcnow().strftime("%Y-%m-%d %H:%M:%S UTC")
[2025-08-12 20:04:30] [INFO] Starting trust map aggregation process...
[2025-08-12 20:04:30] [DEBUG] Reading base topology from: /home/dhruv/winshare/Neighbour_Signer_Model/mosquitto/plugins/payload-modification/network_map.txt
[2025-08-12 20:04:30] [INFO] Loaded base topology with 6 source brokers.
[2025-08-12 20:04:30] [INFO] Processing trust store for B0...
[2025-08-12 20:04:30] [INFO] Processing trust store for B1...
[2025-08-12 20:04:30] [DEBUG]   - Updated link B0->B1 with trust 0.500 (r=0, s=0)
[2025-08-12 20:04:30] [INFO] Processing trust store for B2...
[2025-08-12 20:04:30] [DEBUG]   - Updated link B0->B2 with trust 0.500 (r=0, s=0)
[2025-08-12 20:04:30] [INFO] Processing trust store for B3...
[2025-08-12 20:04:30] [DEBUG]   - Updated link B1->B3 with trust 0.500 (r=0, s=0)
[2025-08-12 20:04:30] [INFO] Processing trust store for B4...
[2025-08-12 20:04:30] [DEBUG]   - Updated link B1->B4 with trust 0.491 (r=106, s=110)
[2025-08-12 20:04:30] [DEBUG]   - Updated link B2->B4 with trust 0.491 (r=106, s=110)
[2025-08-12 20:04:30] [INFO] Processing trust store for B5...
[2025-08-12 20:04:30] [DEBUG]   - Updated link B2->B5 with trust 0.500 (r=0, s=0)
[2025-08-12 20:04:30] [INFO] Processing trust store for B6...
[2025-08-12 20:04:30] [DEBUG]   - Updated link B4->B6 with trust 0.500 (r=0, s=0)
[2025-08-12 20:04:30] [DEBUG]   - Updated link B5->B6 with trust 0.500 (r=0, s=0)
[2025-08-12 20:04:30] [INFO] Processing trust store for B7...
[2025-08-12 20:04:30] [DEBUG]   - Updated link B6->B7 with trust 0.500 (r=0, s=0)
[2025-08-12 20:04:30] [INFO] Writing new authoritative network map to /home/dhruv/winshare/Neighbour_Signer_Model/mosquitto/plugins/payload-modification/network_map.txt...
[2025-08-12 20:04:30] [SUCCESS] Aggregation complete. Network map has been updated.
/home/dhruv/winshare/Neighbour_Signer_Model/mosquitto/plugins/payload-modification/aggregator.py:94: DeprecationWarning: datetime.datetime.utcnow() is deprecated and scheduled for removal in a future version. Use timezone-aware objects to represent datetimes in UTC: datetime.datetime.now(datetime.UTC).
  timestamp = datetime.utcnow().strftime("%Y-%m-%d %H:%M:%S UTC")
[2025-08-12 20:04:45] [INFO] Starting trust map aggregation process...
[2025-08-12 20:04:45] [DEBUG] Reading base topology from: /home/dhruv/winshare/Neighbour_Signer_Model/mosquitto/plugins/payload-modification/network_map.txt
[2025-08-12 20:04:45] [INFO] Loaded base topology with 6 source brokers.
[2025-08-12 20:04:45] [INFO] Processing trust store for B0...
[2025-08-12 20:04:45] [INFO] Processing trust store for B1...
[2025-08-12 20:04:45] [DEBUG]   - Updated link B0->B1 with trust 0.500 (r=0, s=0)
[2025-08-12 20:04:45] [INFO] Processing trust store for B2...
[2025-08-12 20:04:45] [DEBUG]   - Updated link B0->B2 with trust 0.500 (r=0, s=0)
[2025-08-12 20:04:45] [INFO] Processing trust store for B3...
[2025-08-12 20:04:45] [DEBUG]   - Updated link B1->B3 with trust 0.500 (r=0, s=0)
[2025-08-12 20:04:45] [INFO] Processing trust store for B4...
[2025-08-12 20:04:45] [DEBUG]   - Updated link B1->B4 with trust 0.491 (r=106, s=110)
[2025-08-12 20:04:45] [DEBUG]   - Updated link B2->B4 with trust 0.491 (r=106, s=110)
[2025-08-12 20:04:45] [INFO] Processing trust store for B5...
[2025-08-12 20:04:45] [DEBUG]   - Updated link B2->B5 with trust 0.500 (r=0, s=0)
[2025-08-12 20:04:45] [INFO] Processing trust store for B6...
[2025-08-12 20:04:45] [DEBUG]   - Updated link B4->B6 with trust 0.500 (r=0, s=0)
[2025-08-12 20:04:45] [DEBUG]   - Updated link B5->B6 with trust 0.500 (r=0, s=0)
[2025-08-12 20:04:45] [INFO] Processing trust store for B7...
[2025-08-12 20:04:45] [DEBUG]   - Updated link B6->B7 with trust 0.500 (r=0, s=0)
[2025-08-12 20:04:45] [INFO] Writing new authoritative network map to /home/dhruv/winshare/Neighbour_Signer_Model/mosquitto/plugins/payload-modification/network_map.txt...
[2025-08-12 20:04:45] [SUCCESS] Aggregation complete. Network map has been updated.
/home/dhruv/winshare/Neighbour_Signer_Model/mosquitto/plugins/payload-modification/aggregator.py:94: DeprecationWarning: datetime.datetime.utcnow() is deprecated and scheduled for removal in a future version. Use timezone-aware objects to represent datetimes in UTC: datetime.datetime.now(datetime.UTC).
  timestamp = datetime.utcnow().strftime("%Y-%m-%d %H:%M:%S UTC")
[2025-08-12 20:05:00] [INFO] Starting trust map aggregation process...
[2025-08-12 20:05:00] [DEBUG] Reading base topology from: /home/dhruv/winshare/Neighbour_Signer_Model/mosquitto/plugins/payload-modification/network_map.txt
[2025-08-12 20:05:00] [INFO] Loaded base topology with 6 source brokers.
[2025-08-12 20:05:00] [INFO] Processing trust store for B0...
[2025-08-12 20:05:00] [INFO] Processing trust store for B1...
[2025-08-12 20:05:00] [DEBUG]   - Updated link B0->B1 with trust 0.500 (r=0, s=0)
[2025-08-12 20:05:00] [INFO] Processing trust store for B2...
[2025-08-12 20:05:00] [DEBUG]   - Updated link B0->B2 with trust 0.500 (r=0, s=0)
[2025-08-12 20:05:00] [INFO] Processing trust store for B3...
[2025-08-12 20:05:00] [DEBUG]   - Updated link B1->B3 with trust 0.500 (r=0, s=0)
[2025-08-12 20:05:00] [INFO] Processing trust store for B4...
[2025-08-12 20:05:00] [DEBUG]   - Updated link B1->B4 with trust 0.491 (r=106, s=110)
[2025-08-12 20:05:00] [DEBUG]   - Updated link B2->B4 with trust 0.491 (r=106, s=110)
[2025-08-12 20:05:00] [INFO] Processing trust store for B5...
[2025-08-12 20:05:00] [DEBUG]   - Updated link B2->B5 with trust 0.500 (r=0, s=0)
[2025-08-12 20:05:00] [INFO] Processing trust store for B6...
[2025-08-12 20:05:00] [DEBUG]   - Updated link B4->B6 with trust 0.500 (r=0, s=0)
[2025-08-12 20:05:00] [DEBUG]   - Updated link B5->B6 with trust 0.500 (r=0, s=0)
[2025-08-12 20:05:00] [INFO] Processing trust store for B7...
[2025-08-12 20:05:00] [DEBUG]   - Updated link B6->B7 with trust 0.500 (r=0, s=0)
[2025-08-12 20:05:00] [INFO] Writing new authoritative network map to /home/dhruv/winshare/Neighbour_Signer_Model/mosquitto/plugins/payload-modification/network_map.txt...
[2025-08-12 20:05:00] [SUCCESS] Aggregation complete. Network map has been updated.
/home/dhruv/winshare/Neighbour_Signer_Model/mosquitto/plugins/payload-modification/aggregator.py:94: DeprecationWarning: datetime.datetime.utcnow() is deprecated and scheduled for removal in a future version. Use timezone-aware objects to represent datetimes in UTC: datetime.datetime.now(datetime.UTC).
  timestamp = datetime.utcnow().strftime("%Y-%m-%d %H:%M:%S UTC")
[2025-08-12 20:05:15] [INFO] Starting trust map aggregation process...
[2025-08-12 20:05:15] [DEBUG] Reading base topology from: /home/dhruv/winshare/Neighbour_Signer_Model/mosquitto/plugins/payload-modification/network_map.txt
[2025-08-12 20:05:15] [INFO] Loaded base topology with 6 source brokers.
[2025-08-12 20:05:15] [INFO] Processing trust store for B0...
[2025-08-12 20:05:15] [INFO] Processing trust store for B1...
[2025-08-12 20:05:15] [DEBUG]   - Updated link B0->B1 with trust 0.500 (r=0, s=0)
[2025-08-12 20:05:15] [INFO] Processing trust store for B2...
[2025-08-12 20:05:15] [DEBUG]   - Updated link B0->B2 with trust 0.500 (r=0, s=0)
[2025-08-12 20:05:15] [INFO] Processing trust store for B3...
[2025-08-12 20:05:15] [DEBUG]   - Updated link B1->B3 with trust 0.500 (r=0, s=0)
[2025-08-12 20:05:15] [INFO] Processing trust store for B4...
[2025-08-12 20:05:15] [DEBUG]   - Updated link B1->B4 with trust 0.491 (r=106, s=110)
[2025-08-12 20:05:15] [DEBUG]   - Updated link B2->B4 with trust 0.491 (r=106, s=110)
[2025-08-12 20:05:15] [INFO] Processing trust store for B5...
[2025-08-12 20:05:15] [DEBUG]   - Updated link B2->B5 with trust 0.500 (r=0, s=0)
[2025-08-12 20:05:15] [INFO] Processing trust store for B6...
[2025-08-12 20:05:15] [DEBUG]   - Updated link B4->B6 with trust 0.500 (r=0, s=0)
[2025-08-12 20:05:15] [DEBUG]   - Updated link B5->B6 with trust 0.500 (r=0, s=0)
[2025-08-12 20:05:15] [INFO] Processing trust store for B7...
[2025-08-12 20:05:15] [DEBUG]   - Updated link B6->B7 with trust 0.500 (r=0, s=0)
[2025-08-12 20:05:15] [INFO] Writing new authoritative network map to /home/dhruv/winshare/Neighbour_Signer_Model/mosquitto/plugins/payload-modification/network_map.txt...
[2025-08-12 20:05:15] [SUCCESS] Aggregation complete. Network map has been updated.
/home/dhruv/winshare/Neighbour_Signer_Model/mosquitto/plugins/payload-modification/aggregator.py:94: DeprecationWarning: datetime.datetime.utcnow() is deprecated and scheduled for removal in a future version. Use timezone-aware objects to represent datetimes in UTC: datetime.datetime.now(datetime.UTC).
  timestamp = datetime.utcnow().strftime("%Y-%m-%d %H:%M:%S UTC")
[2025-08-12 20:05:30] [INFO] Starting trust map aggregation process...
[2025-08-12 20:05:30] [DEBUG] Reading base topology from: /home/dhruv/winshare/Neighbour_Signer_Model/mosquitto/plugins/payload-modification/network_map.txt
[2025-08-12 20:05:30] [INFO] Loaded base topology with 6 source brokers.
[2025-08-12 20:05:30] [INFO] Processing trust store for B0...
[2025-08-12 20:05:30] [INFO] Processing trust store for B1...
[2025-08-12 20:05:30] [DEBUG]   - Updated link B0->B1 with trust 0.500 (r=0, s=0)
[2025-08-12 20:05:30] [INFO] Processing trust store for B2...
[2025-08-12 20:05:30] [DEBUG]   - Updated link B0->B2 with trust 0.500 (r=0, s=0)
[2025-08-12 20:05:30] [INFO] Processing trust store for B3...
[2025-08-12 20:05:30] [DEBUG]   - Updated link B1->B3 with trust 0.500 (r=0, s=0)
[2025-08-12 20:05:30] [INFO] Processing trust store for B4...
[2025-08-12 20:05:30] [DEBUG]   - Updated link B1->B4 with trust 0.491 (r=106, s=110)
[2025-08-12 20:05:30] [DEBUG]   - Updated link B2->B4 with trust 0.491 (r=106, s=110)
[2025-08-12 20:05:30] [INFO] Processing trust store for B5...
[2025-08-12 20:05:30] [DEBUG]   - Updated link B2->B5 with trust 0.500 (r=0, s=0)
[2025-08-12 20:05:30] [INFO] Processing trust store for B6...
[2025-08-12 20:05:30] [DEBUG]   - Updated link B4->B6 with trust 0.500 (r=0, s=0)
[2025-08-12 20:05:30] [DEBUG]   - Updated link B5->B6 with trust 0.500 (r=0, s=0)
[2025-08-12 20:05:30] [INFO] Processing trust store for B7...
[2025-08-12 20:05:30] [DEBUG]   - Updated link B6->B7 with trust 0.500 (r=0, s=0)
[2025-08-12 20:05:30] [INFO] Writing new authoritative network map to /home/dhruv/winshare/Neighbour_Signer_Model/mosquitto/plugins/payload-modification/network_map.txt...
[2025-08-12 20:05:30] [SUCCESS] Aggregation complete. Network map has been updated.
/home/dhruv/winshare/Neighbour_Signer_Model/mosquitto/plugins/payload-modification/aggregator.py:94: DeprecationWarning: datetime.datetime.utcnow() is deprecated and scheduled for removal in a future version. Use timezone-aware objects to represent datetimes in UTC: datetime.datetime.now(datetime.UTC).
  timestamp = datetime.utcnow().strftime("%Y-%m-%d %H:%M:%S UTC")
[2025-08-12 20:05:45] [INFO] Starting trust map aggregation process...
[2025-08-12 20:05:45] [DEBUG] Reading base topology from: /home/dhruv/winshare/Neighbour_Signer_Model/mosquitto/plugins/payload-modification/network_map.txt
[2025-08-12 20:05:45] [INFO] Loaded base topology with 6 source brokers.
[2025-08-12 20:05:45] [INFO] Processing trust store for B0...
[2025-08-12 20:05:45] [INFO] Processing trust store for B1...
[2025-08-12 20:05:45] [DEBUG]   - Updated link B0->B1 with trust 0.500 (r=0, s=0)
[2025-08-12 20:05:45] [INFO] Processing trust store for B2...
[2025-08-12 20:05:45] [DEBUG]   - Updated link B0->B2 with trust 0.500 (r=0, s=0)
[2025-08-12 20:05:45] [INFO] Processing trust store for B3...
[2025-08-12 20:05:45] [DEBUG]   - Updated link B1->B3 with trust 0.500 (r=0, s=0)
[2025-08-12 20:05:45] [INFO] Processing trust store for B4...
[2025-08-12 20:05:45] [DEBUG]   - Updated link B1->B4 with trust 0.491 (r=106, s=110)
[2025-08-12 20:05:45] [DEBUG]   - Updated link B2->B4 with trust 0.491 (r=106, s=110)
[2025-08-12 20:05:45] [INFO] Processing trust store for B5...
[2025-08-12 20:05:45] [DEBUG]   - Updated link B2->B5 with trust 0.500 (r=0, s=0)
[2025-08-12 20:05:45] [INFO] Processing trust store for B6...
[2025-08-12 20:05:45] [DEBUG]   - Updated link B4->B6 with trust 0.500 (r=0, s=0)
[2025-08-12 20:05:45] [DEBUG]   - Updated link B5->B6 with trust 0.500 (r=0, s=0)
[2025-08-12 20:05:45] [INFO] Processing trust store for B7...
[2025-08-12 20:05:45] [DEBUG]   - Updated link B6->B7 with trust 0.500 (r=0, s=0)
[2025-08-12 20:05:45] [INFO] Writing new authoritative network map to /home/dhruv/winshare/Neighbour_Signer_Model/mosquitto/plugins/payload-modification/network_map.txt...
[2025-08-12 20:05:45] [SUCCESS] Aggregation complete. Network map has been updated.
/home/dhruv/winshare/Neighbour_Signer_Model/mosquitto/plugins/payload-modification/aggregator.py:94: DeprecationWarning: datetime.datetime.utcnow() is deprecated and scheduled for removal in a future version. Use timezone-aware objects to represent datetimes in UTC: datetime.datetime.now(datetime.UTC).
  timestamp = datetime.utcnow().strftime("%Y-%m-%d %H:%M:%S UTC")
[2025-08-12 20:06:00] [INFO] Starting trust map aggregation process...
[2025-08-12 20:06:00] [DEBUG] Reading base topology from: /home/dhruv/winshare/Neighbour_Signer_Model/mosquitto/plugins/payload-modification/network_map.txt
[2025-08-12 20:06:00] [INFO] Loaded base topology with 6 source brokers.
[2025-08-12 20:06:00] [INFO] Processing trust store for B0...
[2025-08-12 20:06:00] [INFO] Processing trust store for B1...
[2025-08-12 20:06:00] [DEBUG]   - Updated link B0->B1 with trust 0.500 (r=0, s=0)
[2025-08-12 20:06:00] [INFO] Processing trust store for B2...
[2025-08-12 20:06:00] [DEBUG]   - Updated link B0->B2 with trust 0.500 (r=0, s=0)
[2025-08-12 20:06:00] [INFO] Processing trust store for B3...
[2025-08-12 20:06:00] [DEBUG]   - Updated link B1->B3 with trust 0.500 (r=0, s=0)
[2025-08-12 20:06:00] [INFO] Processing trust store for B4...
[2025-08-12 20:06:00] [DEBUG]   - Updated link B1->B4 with trust 0.491 (r=106, s=110)
[2025-08-12 20:06:00] [DEBUG]   - Updated link B2->B4 with trust 0.491 (r=106, s=110)
[2025-08-12 20:06:00] [INFO] Processing trust store for B5...
[2025-08-12 20:06:00] [DEBUG]   - Updated link B2->B5 with trust 0.500 (r=0, s=0)
[2025-08-12 20:06:00] [INFO] Processing trust store for B6...
[2025-08-12 20:06:00] [DEBUG]   - Updated link B4->B6 with trust 0.500 (r=0, s=0)
[2025-08-12 20:06:00] [DEBUG]   - Updated link B5->B6 with trust 0.500 (r=0, s=0)
[2025-08-12 20:06:00] [INFO] Processing trust store for B7...
[2025-08-12 20:06:00] [DEBUG]   - Updated link B6->B7 with trust 0.500 (r=0, s=0)
[2025-08-12 20:06:00] [INFO] Writing new authoritative network map to /home/dhruv/winshare/Neighbour_Signer_Model/mosquitto/plugins/payload-modification/network_map.txt...
[2025-08-12 20:06:00] [SUCCESS] Aggregation complete. Network map has been updated.
/home/dhruv/winshare/Neighbour_Signer_Model/mosquitto/plugins/payload-modification/aggregator.py:94: DeprecationWarning: datetime.datetime.utcnow() is deprecated and scheduled for removal in a future version. Use timezone-aware objects to represent datetimes in UTC: datetime.datetime.now(datetime.UTC).
  timestamp = datetime.utcnow().strftime("%Y-%m-%d %H:%M:%S UTC")
[2025-08-12 20:06:15] [INFO] Starting trust map aggregation process...
[2025-08-12 20:06:15] [DEBUG] Reading base topology from: /home/dhruv/winshare/Neighbour_Signer_Model/mosquitto/plugins/payload-modification/network_map.txt
[2025-08-12 20:06:15] [INFO] Loaded base topology with 6 source brokers.
[2025-08-12 20:06:15] [INFO] Processing trust store for B0...
[2025-08-12 20:06:15] [INFO] Processing trust store for B1...
[2025-08-12 20:06:15] [DEBUG]   - Updated link B0->B1 with trust 0.500 (r=0, s=0)
[2025-08-12 20:06:15] [INFO] Processing trust store for B2...
[2025-08-12 20:06:15] [DEBUG]   - Updated link B0->B2 with trust 0.500 (r=0, s=0)
[2025-08-12 20:06:15] [INFO] Processing trust store for B3...
[2025-08-12 20:06:15] [DEBUG]   - Updated link B1->B3 with trust 0.500 (r=0, s=0)
[2025-08-12 20:06:15] [INFO] Processing trust store for B4...
[2025-08-12 20:06:15] [DEBUG]   - Updated link B1->B4 with trust 0.491 (r=106, s=110)
[2025-08-12 20:06:15] [DEBUG]   - Updated link B2->B4 with trust 0.491 (r=106, s=110)
[2025-08-12 20:06:15] [INFO] Processing trust store for B5...
[2025-08-12 20:06:15] [DEBUG]   - Updated link B2->B5 with trust 0.500 (r=0, s=0)
[2025-08-12 20:06:15] [INFO] Processing trust store for B6...
[2025-08-12 20:06:15] [DEBUG]   - Updated link B4->B6 with trust 0.500 (r=0, s=0)
[2025-08-12 20:06:15] [DEBUG]   - Updated link B5->B6 with trust 0.500 (r=0, s=0)
[2025-08-12 20:06:15] [INFO] Processing trust store for B7...
[2025-08-12 20:06:15] [DEBUG]   - Updated link B6->B7 with trust 0.500 (r=0, s=0)
[2025-08-12 20:06:15] [INFO] Writing new authoritative network map to /home/dhruv/winshare/Neighbour_Signer_Model/mosquitto/plugins/payload-modification/network_map.txt...
[2025-08-12 20:06:15] [SUCCESS] Aggregation complete. Network map has been updated.
/home/dhruv/winshare/Neighbour_Signer_Model/mosquitto/plugins/payload-modification/aggregator.py:94: DeprecationWarning: datetime.datetime.utcnow() is deprecated and scheduled for removal in a future version. Use timezone-aware objects to represent datetimes in UTC: datetime.datetime.now(datetime.UTC).
  timestamp = datetime.utcnow().strftime("%Y-%m-%d %H:%M:%S UTC")
[2025-08-12 20:06:30] [INFO] Starting trust map aggregation process...
[2025-08-12 20:06:30] [DEBUG] Reading base topology from: /home/dhruv/winshare/Neighbour_Signer_Model/mosquitto/plugins/payload-modification/network_map.txt
[2025-08-12 20:06:30] [INFO] Loaded base topology with 6 source brokers.
[2025-08-12 20:06:30] [INFO] Processing trust store for B0...
[2025-08-12 20:06:30] [INFO] Processing trust store for B1...
[2025-08-12 20:06:30] [DEBUG]   - Updated link B0->B1 with trust 0.500 (r=0, s=0)
[2025-08-12 20:06:30] [INFO] Processing trust store for B2...
[2025-08-12 20:06:30] [DEBUG]   - Updated link B0->B2 with trust 0.500 (r=0, s=0)
[2025-08-12 20:06:30] [INFO] Processing trust store for B3...
[2025-08-12 20:06:30] [DEBUG]   - Updated link B1->B3 with trust 0.500 (r=0, s=0)
[2025-08-12 20:06:30] [INFO] Processing trust store for B4...
[2025-08-12 20:06:30] [DEBUG]   - Updated link B1->B4 with trust 0.491 (r=106, s=110)
[2025-08-12 20:06:30] [DEBUG]   - Updated link B2->B4 with trust 0.491 (r=106, s=110)
[2025-08-12 20:06:30] [INFO] Processing trust store for B5...
[2025-08-12 20:06:30] [DEBUG]   - Updated link B2->B5 with trust 0.500 (r=0, s=0)
[2025-08-12 20:06:30] [INFO] Processing trust store for B6...
[2025-08-12 20:06:30] [DEBUG]   - Updated link B4->B6 with trust 0.500 (r=0, s=0)
[2025-08-12 20:06:30] [DEBUG]   - Updated link B5->B6 with trust 0.500 (r=0, s=0)
[2025-08-12 20:06:30] [INFO] Processing trust store for B7...
[2025-08-12 20:06:30] [DEBUG]   - Updated link B6->B7 with trust 0.500 (r=0, s=0)
[2025-08-12 20:06:30] [INFO] Writing new authoritative network map to /home/dhruv/winshare/Neighbour_Signer_Model/mosquitto/plugins/payload-modification/network_map.txt...
[2025-08-12 20:06:30] [SUCCESS] Aggregation complete. Network map has been updated.
/home/dhruv/winshare/Neighbour_Signer_Model/mosquitto/plugins/payload-modification/aggregator.py:94: DeprecationWarning: datetime.datetime.utcnow() is deprecated and scheduled for removal in a future version. Use timezone-aware objects to represent datetimes in UTC: datetime.datetime.now(datetime.UTC).
  timestamp = datetime.utcnow().strftime("%Y-%m-%d %H:%M:%S UTC")
[2025-08-12 20:06:45] [INFO] Starting trust map aggregation process...
[2025-08-12 20:06:45] [DEBUG] Reading base topology from: /home/dhruv/winshare/Neighbour_Signer_Model/mosquitto/plugins/payload-modification/network_map.txt
[2025-08-12 20:06:45] [INFO] Loaded base topology with 6 source brokers.
[2025-08-12 20:06:45] [INFO] Processing trust store for B0...
[2025-08-12 20:06:45] [INFO] Processing trust store for B1...
[2025-08-12 20:06:45] [DEBUG]   - Updated link B0->B1 with trust 0.500 (r=0, s=0)
[2025-08-12 20:06:45] [INFO] Processing trust store for B2...
[2025-08-12 20:06:45] [DEBUG]   - Updated link B0->B2 with trust 0.500 (r=0, s=0)
[2025-08-12 20:06:45] [INFO] Processing trust store for B3...
[2025-08-12 20:06:45] [DEBUG]   - Updated link B1->B3 with trust 0.500 (r=0, s=0)
[2025-08-12 20:06:45] [INFO] Processing trust store for B4...
[2025-08-12 20:06:45] [DEBUG]   - Updated link B1->B4 with trust 0.491 (r=106, s=110)
[2025-08-12 20:06:45] [DEBUG]   - Updated link B2->B4 with trust 0.491 (r=106, s=110)
[2025-08-12 20:06:45] [INFO] Processing trust store for B5...
[2025-08-12 20:06:45] [DEBUG]   - Updated link B2->B5 with trust 0.500 (r=0, s=0)
[2025-08-12 20:06:45] [INFO] Processing trust store for B6...
[2025-08-12 20:06:45] [DEBUG]   - Updated link B4->B6 with trust 0.500 (r=0, s=0)
[2025-08-12 20:06:45] [DEBUG]   - Updated link B5->B6 with trust 0.500 (r=0, s=0)
[2025-08-12 20:06:45] [INFO] Processing trust store for B7...
[2025-08-12 20:06:45] [DEBUG]   - Updated link B6->B7 with trust 0.500 (r=0, s=0)
[2025-08-12 20:06:45] [INFO] Writing new authoritative network map to /home/dhruv/winshare/Neighbour_Signer_Model/mosquitto/plugins/payload-modification/network_map.txt...
[2025-08-12 20:06:45] [SUCCESS] Aggregation complete. Network map has been updated.
/home/dhruv/winshare/Neighbour_Signer_Model/mosquitto/plugins/payload-modification/aggregator.py:94: DeprecationWarning: datetime.datetime.utcnow() is deprecated and scheduled for removal in a future version. Use timezone-aware objects to represent datetimes in UTC: datetime.datetime.now(datetime.UTC).
  timestamp = datetime.utcnow().strftime("%Y-%m-%d %H:%M:%S UTC")
[2025-08-12 20:07:00] [INFO] Starting trust map aggregation process...
[2025-08-12 20:07:00] [DEBUG] Reading base topology from: /home/dhruv/winshare/Neighbour_Signer_Model/mosquitto/plugins/payload-modification/network_map.txt
[2025-08-12 20:07:00] [INFO] Loaded base topology with 6 source brokers.
[2025-08-12 20:07:00] [INFO] Processing trust store for B0...
[2025-08-12 20:07:00] [INFO] Processing trust store for B1...
[2025-08-12 20:07:00] [DEBUG]   - Updated link B0->B1 with trust 0.500 (r=0, s=0)
[2025-08-12 20:07:00] [INFO] Processing trust store for B2...
[2025-08-12 20:07:00] [DEBUG]   - Updated link B0->B2 with trust 0.500 (r=0, s=0)
[2025-08-12 20:07:00] [INFO] Processing trust store for B3...
[2025-08-12 20:07:00] [DEBUG]   - Updated link B1->B3 with trust 0.500 (r=0, s=0)
[2025-08-12 20:07:00] [INFO] Processing trust store for B4...
[2025-08-12 20:07:00] [DEBUG]   - Updated link B1->B4 with trust 0.491 (r=106, s=110)
[2025-08-12 20:07:00] [DEBUG]   - Updated link B2->B4 with trust 0.491 (r=106, s=110)
[2025-08-12 20:07:00] [INFO] Processing trust store for B5...
[2025-08-12 20:07:00] [DEBUG]   - Updated link B2->B5 with trust 0.500 (r=0, s=0)
[2025-08-12 20:07:00] [INFO] Processing trust store for B6...
[2025-08-12 20:07:00] [DEBUG]   - Updated link B4->B6 with trust 0.500 (r=0, s=0)
[2025-08-12 20:07:00] [DEBUG]   - Updated link B5->B6 with trust 0.500 (r=0, s=0)
[2025-08-12 20:07:00] [INFO] Processing trust store for B7...
[2025-08-12 20:07:00] [DEBUG]   - Updated link B6->B7 with trust 0.500 (r=0, s=0)
[2025-08-12 20:07:00] [INFO] Writing new authoritative network map to /home/dhruv/winshare/Neighbour_Signer_Model/mosquitto/plugins/payload-modification/network_map.txt...
[2025-08-12 20:07:00] [SUCCESS] Aggregation complete. Network map has been updated.
/home/dhruv/winshare/Neighbour_Signer_Model/mosquitto/plugins/payload-modification/aggregator.py:94: DeprecationWarning: datetime.datetime.utcnow() is deprecated and scheduled for removal in a future version. Use timezone-aware objects to represent datetimes in UTC: datetime.datetime.now(datetime.UTC).
  timestamp = datetime.utcnow().strftime("%Y-%m-%d %H:%M:%S UTC")
[2025-08-12 20:07:15] [INFO] Starting trust map aggregation process...
[2025-08-12 20:07:15] [DEBUG] Reading base topology from: /home/dhruv/winshare/Neighbour_Signer_Model/mosquitto/plugins/payload-modification/network_map.txt
[2025-08-12 20:07:15] [INFO] Loaded base topology with 6 source brokers.
[2025-08-12 20:07:15] [INFO] Processing trust store for B0...
[2025-08-12 20:07:15] [INFO] Processing trust store for B1...
[2025-08-12 20:07:15] [DEBUG]   - Updated link B0->B1 with trust 0.500 (r=0, s=0)
[2025-08-12 20:07:15] [INFO] Processing trust store for B2...
[2025-08-12 20:07:15] [DEBUG]   - Updated link B0->B2 with trust 0.500 (r=0, s=0)
[2025-08-12 20:07:15] [INFO] Processing trust store for B3...
[2025-08-12 20:07:15] [DEBUG]   - Updated link B1->B3 with trust 0.500 (r=0, s=0)
[2025-08-12 20:07:15] [INFO] Processing trust store for B4...
[2025-08-12 20:07:15] [DEBUG]   - Updated link B1->B4 with trust 0.491 (r=106, s=110)
[2025-08-12 20:07:15] [DEBUG]   - Updated link B2->B4 with trust 0.491 (r=106, s=110)
[2025-08-12 20:07:15] [INFO] Processing trust store for B5...
[2025-08-12 20:07:15] [DEBUG]   - Updated link B2->B5 with trust 0.500 (r=0, s=0)
[2025-08-12 20:07:15] [INFO] Processing trust store for B6...
[2025-08-12 20:07:15] [DEBUG]   - Updated link B4->B6 with trust 0.500 (r=0, s=0)
[2025-08-12 20:07:15] [DEBUG]   - Updated link B5->B6 with trust 0.500 (r=0, s=0)
[2025-08-12 20:07:15] [INFO] Processing trust store for B7...
[2025-08-12 20:07:15] [DEBUG]   - Updated link B6->B7 with trust 0.500 (r=0, s=0)
[2025-08-12 20:07:15] [INFO] Writing new authoritative network map to /home/dhruv/winshare/Neighbour_Signer_Model/mosquitto/plugins/payload-modification/network_map.txt...
[2025-08-12 20:07:15] [SUCCESS] Aggregation complete. Network map has been updated.
/home/dhruv/winshare/Neighbour_Signer_Model/mosquitto/plugins/payload-modification/aggregator.py:94: DeprecationWarning: datetime.datetime.utcnow() is deprecated and scheduled for removal in a future version. Use timezone-aware objects to represent datetimes in UTC: datetime.datetime.now(datetime.UTC).
  timestamp = datetime.utcnow().strftime("%Y-%m-%d %H:%M:%S UTC")
[2025-08-12 20:07:30] [INFO] Starting trust map aggregation process...
[2025-08-12 20:07:30] [DEBUG] Reading base topology from: /home/dhruv/winshare/Neighbour_Signer_Model/mosquitto/plugins/payload-modification/network_map.txt
[2025-08-12 20:07:30] [INFO] Loaded base topology with 6 source brokers.
[2025-08-12 20:07:30] [INFO] Processing trust store for B0...
[2025-08-12 20:07:30] [INFO] Processing trust store for B1...
[2025-08-12 20:07:30] [DEBUG]   - Updated link B0->B1 with trust 0.500 (r=0, s=0)
[2025-08-12 20:07:30] [INFO] Processing trust store for B2...
[2025-08-12 20:07:30] [DEBUG]   - Updated link B0->B2 with trust 0.500 (r=0, s=0)
[2025-08-12 20:07:30] [INFO] Processing trust store for B3...
[2025-08-12 20:07:30] [DEBUG]   - Updated link B1->B3 with trust 0.500 (r=0, s=0)
[2025-08-12 20:07:30] [INFO] Processing trust store for B4...
[2025-08-12 20:07:30] [DEBUG]   - Updated link B1->B4 with trust 0.491 (r=106, s=110)
[2025-08-12 20:07:30] [DEBUG]   - Updated link B2->B4 with trust 0.491 (r=106, s=110)
[2025-08-12 20:07:30] [INFO] Processing trust store for B5...
[2025-08-12 20:07:30] [DEBUG]   - Updated link B2->B5 with trust 0.500 (r=0, s=0)
[2025-08-12 20:07:30] [INFO] Processing trust store for B6...
[2025-08-12 20:07:30] [DEBUG]   - Updated link B4->B6 with trust 0.500 (r=0, s=0)
[2025-08-12 20:07:30] [DEBUG]   - Updated link B5->B6 with trust 0.500 (r=0, s=0)
[2025-08-12 20:07:30] [INFO] Processing trust store for B7...
[2025-08-12 20:07:30] [DEBUG]   - Updated link B6->B7 with trust 0.500 (r=0, s=0)
[2025-08-12 20:07:30] [INFO] Writing new authoritative network map to /home/dhruv/winshare/Neighbour_Signer_Model/mosquitto/plugins/payload-modification/network_map.txt...
[2025-08-12 20:07:30] [SUCCESS] Aggregation complete. Network map has been updated.
/home/dhruv/winshare/Neighbour_Signer_Model/mosquitto/plugins/payload-modification/aggregator.py:94: DeprecationWarning: datetime.datetime.utcnow() is deprecated and scheduled for removal in a future version. Use timezone-aware objects to represent datetimes in UTC: datetime.datetime.now(datetime.UTC).
  timestamp = datetime.utcnow().strftime("%Y-%m-%d %H:%M:%S UTC")
[2025-08-12 20:07:45] [INFO] Starting trust map aggregation process...
[2025-08-12 20:07:45] [DEBUG] Reading base topology from: /home/dhruv/winshare/Neighbour_Signer_Model/mosquitto/plugins/payload-modification/network_map.txt
[2025-08-12 20:07:45] [INFO] Loaded base topology with 6 source brokers.
[2025-08-12 20:07:45] [INFO] Processing trust store for B0...
[2025-08-12 20:07:45] [INFO] Processing trust store for B1...
[2025-08-12 20:07:45] [DEBUG]   - Updated link B0->B1 with trust 0.500 (r=0, s=0)
[2025-08-12 20:07:45] [INFO] Processing trust store for B2...
[2025-08-12 20:07:45] [DEBUG]   - Updated link B0->B2 with trust 0.500 (r=0, s=0)
[2025-08-12 20:07:45] [INFO] Processing trust store for B3...
[2025-08-12 20:07:45] [DEBUG]   - Updated link B1->B3 with trust 0.500 (r=0, s=0)
[2025-08-12 20:07:45] [INFO] Processing trust store for B4...
[2025-08-12 20:07:45] [DEBUG]   - Updated link B1->B4 with trust 0.491 (r=106, s=110)
[2025-08-12 20:07:45] [DEBUG]   - Updated link B2->B4 with trust 0.491 (r=106, s=110)
[2025-08-12 20:07:45] [INFO] Processing trust store for B5...
[2025-08-12 20:07:45] [DEBUG]   - Updated link B2->B5 with trust 0.500 (r=0, s=0)
[2025-08-12 20:07:45] [INFO] Processing trust store for B6...
[2025-08-12 20:07:45] [DEBUG]   - Updated link B4->B6 with trust 0.500 (r=0, s=0)
[2025-08-12 20:07:45] [DEBUG]   - Updated link B5->B6 with trust 0.500 (r=0, s=0)
[2025-08-12 20:07:45] [INFO] Processing trust store for B7...
[2025-08-12 20:07:45] [DEBUG]   - Updated link B6->B7 with trust 0.500 (r=0, s=0)
[2025-08-12 20:07:45] [INFO] Writing new authoritative network map to /home/dhruv/winshare/Neighbour_Signer_Model/mosquitto/plugins/payload-modification/network_map.txt...
[2025-08-12 20:07:45] [SUCCESS] Aggregation complete. Network map has been updated.
/home/dhruv/winshare/Neighbour_Signer_Model/mosquitto/plugins/payload-modification/aggregator.py:94: DeprecationWarning: datetime.datetime.utcnow() is deprecated and scheduled for removal in a future version. Use timezone-aware objects to represent datetimes in UTC: datetime.datetime.now(datetime.UTC).
  timestamp = datetime.utcnow().strftime("%Y-%m-%d %H:%M:%S UTC")
[2025-08-12 20:08:00] [INFO] Starting trust map aggregation process...
[2025-08-12 20:08:00] [DEBUG] Reading base topology from: /home/dhruv/winshare/Neighbour_Signer_Model/mosquitto/plugins/payload-modification/network_map.txt
[2025-08-12 20:08:00] [INFO] Loaded base topology with 6 source brokers.
[2025-08-12 20:08:00] [INFO] Processing trust store for B0...
[2025-08-12 20:08:00] [INFO] Processing trust store for B1...
[2025-08-12 20:08:00] [DEBUG]   - Updated link B0->B1 with trust 0.500 (r=0, s=0)
[2025-08-12 20:08:00] [INFO] Processing trust store for B2...
[2025-08-12 20:08:00] [DEBUG]   - Updated link B0->B2 with trust 0.500 (r=0, s=0)
[2025-08-12 20:08:00] [INFO] Processing trust store for B3...
[2025-08-12 20:08:00] [DEBUG]   - Updated link B1->B3 with trust 0.500 (r=0, s=0)
[2025-08-12 20:08:00] [INFO] Processing trust store for B4...
[2025-08-12 20:08:00] [DEBUG]   - Updated link B1->B4 with trust 0.491 (r=106, s=110)
[2025-08-12 20:08:00] [DEBUG]   - Updated link B2->B4 with trust 0.491 (r=106, s=110)
[2025-08-12 20:08:00] [INFO] Processing trust store for B5...
[2025-08-12 20:08:00] [DEBUG]   - Updated link B2->B5 with trust 0.500 (r=0, s=0)
[2025-08-12 20:08:00] [INFO] Processing trust store for B6...
[2025-08-12 20:08:00] [DEBUG]   - Updated link B4->B6 with trust 0.500 (r=0, s=0)
[2025-08-12 20:08:00] [DEBUG]   - Updated link B5->B6 with trust 0.500 (r=0, s=0)
[2025-08-12 20:08:00] [INFO] Processing trust store for B7...
[2025-08-12 20:08:00] [DEBUG]   - Updated link B6->B7 with trust 0.500 (r=0, s=0)
[2025-08-12 20:08:00] [INFO] Writing new authoritative network map to /home/dhruv/winshare/Neighbour_Signer_Model/mosquitto/plugins/payload-modification/network_map.txt...
[2025-08-12 20:08:00] [SUCCESS] Aggregation complete. Network map has been updated.
/home/dhruv/winshare/Neighbour_Signer_Model/mosquitto/plugins/payload-modification/aggregator.py:94: DeprecationWarning: datetime.datetime.utcnow() is deprecated and scheduled for removal in a future version. Use timezone-aware objects to represent datetimes in UTC: datetime.datetime.now(datetime.UTC).
  timestamp = datetime.utcnow().strftime("%Y-%m-%d %H:%M:%S UTC")
[2025-08-12 20:08:15] [INFO] Starting trust map aggregation process...
[2025-08-12 20:08:15] [DEBUG] Reading base topology from: /home/dhruv/winshare/Neighbour_Signer_Model/mosquitto/plugins/payload-modification/network_map.txt
[2025-08-12 20:08:15] [INFO] Loaded base topology with 6 source brokers.
[2025-08-12 20:08:15] [INFO] Processing trust store for B0...
[2025-08-12 20:08:15] [INFO] Processing trust store for B1...
[2025-08-12 20:08:15] [DEBUG]   - Updated link B0->B1 with trust 0.500 (r=0, s=0)
[2025-08-12 20:08:15] [INFO] Processing trust store for B2...
[2025-08-12 20:08:15] [DEBUG]   - Updated link B0->B2 with trust 0.500 (r=0, s=0)
[2025-08-12 20:08:15] [INFO] Processing trust store for B3...
[2025-08-12 20:08:15] [DEBUG]   - Updated link B1->B3 with trust 0.500 (r=0, s=0)
[2025-08-12 20:08:15] [INFO] Processing trust store for B4...
[2025-08-12 20:08:15] [DEBUG]   - Updated link B1->B4 with trust 0.491 (r=106, s=110)
[2025-08-12 20:08:15] [DEBUG]   - Updated link B2->B4 with trust 0.491 (r=106, s=110)
[2025-08-12 20:08:15] [INFO] Processing trust store for B5...
[2025-08-12 20:08:15] [DEBUG]   - Updated link B2->B5 with trust 0.500 (r=0, s=0)
[2025-08-12 20:08:15] [INFO] Processing trust store for B6...
[2025-08-12 20:08:15] [DEBUG]   - Updated link B4->B6 with trust 0.500 (r=0, s=0)
[2025-08-12 20:08:15] [DEBUG]   - Updated link B5->B6 with trust 0.500 (r=0, s=0)
[2025-08-12 20:08:15] [INFO] Processing trust store for B7...
[2025-08-12 20:08:15] [DEBUG]   - Updated link B6->B7 with trust 0.500 (r=0, s=0)
[2025-08-12 20:08:15] [INFO] Writing new authoritative network map to /home/dhruv/winshare/Neighbour_Signer_Model/mosquitto/plugins/payload-modification/network_map.txt...
[2025-08-12 20:08:15] [SUCCESS] Aggregation complete. Network map has been updated.
/home/dhruv/winshare/Neighbour_Signer_Model/mosquitto/plugins/payload-modification/aggregator.py:94: DeprecationWarning: datetime.datetime.utcnow() is deprecated and scheduled for removal in a future version. Use timezone-aware objects to represent datetimes in UTC: datetime.datetime.now(datetime.UTC).
  timestamp = datetime.utcnow().strftime("%Y-%m-%d %H:%M:%S UTC")
[2025-08-12 20:08:30] [INFO] Starting trust map aggregation process...
[2025-08-12 20:08:30] [DEBUG] Reading base topology from: /home/dhruv/winshare/Neighbour_Signer_Model/mosquitto/plugins/payload-modification/network_map.txt
[2025-08-12 20:08:30] [INFO] Loaded base topology with 6 source brokers.
[2025-08-12 20:08:30] [INFO] Processing trust store for B0...
[2025-08-12 20:08:30] [INFO] Processing trust store for B1...
[2025-08-12 20:08:30] [DEBUG]   - Updated link B0->B1 with trust 0.500 (r=0, s=0)
[2025-08-12 20:08:30] [INFO] Processing trust store for B2...
[2025-08-12 20:08:30] [DEBUG]   - Updated link B0->B2 with trust 0.500 (r=0, s=0)
[2025-08-12 20:08:30] [INFO] Processing trust store for B3...
[2025-08-12 20:08:30] [DEBUG]   - Updated link B1->B3 with trust 0.500 (r=0, s=0)
[2025-08-12 20:08:30] [INFO] Processing trust store for B4...
[2025-08-12 20:08:30] [DEBUG]   - Updated link B1->B4 with trust 0.491 (r=106, s=110)
[2025-08-12 20:08:30] [DEBUG]   - Updated link B2->B4 with trust 0.491 (r=106, s=110)
[2025-08-12 20:08:30] [INFO] Processing trust store for B5...
[2025-08-12 20:08:30] [DEBUG]   - Updated link B2->B5 with trust 0.500 (r=0, s=0)
[2025-08-12 20:08:30] [INFO] Processing trust store for B6...
[2025-08-12 20:08:30] [DEBUG]   - Updated link B4->B6 with trust 0.500 (r=0, s=0)
[2025-08-12 20:08:30] [DEBUG]   - Updated link B5->B6 with trust 0.500 (r=0, s=0)
[2025-08-12 20:08:30] [INFO] Processing trust store for B7...
[2025-08-12 20:08:30] [DEBUG]   - Updated link B6->B7 with trust 0.500 (r=0, s=0)
[2025-08-12 20:08:30] [INFO] Writing new authoritative network map to /home/dhruv/winshare/Neighbour_Signer_Model/mosquitto/plugins/payload-modification/network_map.txt...
[2025-08-12 20:08:30] [SUCCESS] Aggregation complete. Network map has been updated.
/home/dhruv/winshare/Neighbour_Signer_Model/mosquitto/plugins/payload-modification/aggregator.py:94: DeprecationWarning: datetime.datetime.utcnow() is deprecated and scheduled for removal in a future version. Use timezone-aware objects to represent datetimes in UTC: datetime.datetime.now(datetime.UTC).
  timestamp = datetime.utcnow().strftime("%Y-%m-%d %H:%M:%S UTC")
[2025-08-12 20:08:46] [INFO] Starting trust map aggregation process...
[2025-08-12 20:08:46] [DEBUG] Reading base topology from: /home/dhruv/winshare/Neighbour_Signer_Model/mosquitto/plugins/payload-modification/network_map.txt
[2025-08-12 20:08:46] [INFO] Loaded base topology with 6 source brokers.
[2025-08-12 20:08:46] [INFO] Processing trust store for B0...
[2025-08-12 20:08:46] [INFO] Processing trust store for B1...
[2025-08-12 20:08:46] [DEBUG]   - Updated link B0->B1 with trust 0.500 (r=0, s=0)
[2025-08-12 20:08:46] [INFO] Processing trust store for B2...
[2025-08-12 20:08:46] [DEBUG]   - Updated link B0->B2 with trust 0.500 (r=0, s=0)
[2025-08-12 20:08:46] [INFO] Processing trust store for B3...
[2025-08-12 20:08:46] [DEBUG]   - Updated link B1->B3 with trust 0.500 (r=0, s=0)
[2025-08-12 20:08:46] [INFO] Processing trust store for B4...
[2025-08-12 20:08:46] [DEBUG]   - Updated link B1->B4 with trust 0.491 (r=106, s=110)
[2025-08-12 20:08:46] [DEBUG]   - Updated link B2->B4 with trust 0.491 (r=106, s=110)
[2025-08-12 20:08:46] [INFO] Processing trust store for B5...
[2025-08-12 20:08:46] [DEBUG]   - Updated link B2->B5 with trust 0.500 (r=0, s=0)
[2025-08-12 20:08:46] [INFO] Processing trust store for B6...
[2025-08-12 20:08:46] [DEBUG]   - Updated link B4->B6 with trust 0.500 (r=0, s=0)
[2025-08-12 20:08:46] [DEBUG]   - Updated link B5->B6 with trust 0.500 (r=0, s=0)
[2025-08-12 20:08:46] [INFO] Processing trust store for B7...
[2025-08-12 20:08:46] [DEBUG]   - Updated link B6->B7 with trust 0.500 (r=0, s=0)
[2025-08-12 20:08:46] [INFO] Writing new authoritative network map to /home/dhruv/winshare/Neighbour_Signer_Model/mosquitto/plugins/payload-modification/network_map.txt...
[2025-08-12 20:08:46] [SUCCESS] Aggregation complete. Network map has been updated.
/home/dhruv/winshare/Neighbour_Signer_Model/mosquitto/plugins/payload-modification/aggregator.py:94: DeprecationWarning: datetime.datetime.utcnow() is deprecated and scheduled for removal in a future version. Use timezone-aware objects to represent datetimes in UTC: datetime.datetime.now(datetime.UTC).
  timestamp = datetime.utcnow().strftime("%Y-%m-%d %H:%M:%S UTC")
[2025-08-12 20:09:01] [INFO] Starting trust map aggregation process...
[2025-08-12 20:09:01] [DEBUG] Reading base topology from: /home/dhruv/winshare/Neighbour_Signer_Model/mosquitto/plugins/payload-modification/network_map.txt
[2025-08-12 20:09:01] [INFO] Loaded base topology with 6 source brokers.
[2025-08-12 20:09:01] [INFO] Processing trust store for B0...
[2025-08-12 20:09:01] [INFO] Processing trust store for B1...
[2025-08-12 20:09:01] [DEBUG]   - Updated link B0->B1 with trust 0.500 (r=0, s=0)
[2025-08-12 20:09:01] [INFO] Processing trust store for B2...
[2025-08-12 20:09:01] [DEBUG]   - Updated link B0->B2 with trust 0.500 (r=0, s=0)
[2025-08-12 20:09:01] [INFO] Processing trust store for B3...
[2025-08-12 20:09:01] [DEBUG]   - Updated link B1->B3 with trust 0.500 (r=0, s=0)
[2025-08-12 20:09:01] [INFO] Processing trust store for B4...
[2025-08-12 20:09:01] [DEBUG]   - Updated link B1->B4 with trust 0.491 (r=106, s=110)
[2025-08-12 20:09:01] [DEBUG]   - Updated link B2->B4 with trust 0.491 (r=106, s=110)
[2025-08-12 20:09:01] [INFO] Processing trust store for B5...
[2025-08-12 20:09:01] [DEBUG]   - Updated link B2->B5 with trust 0.500 (r=0, s=0)
[2025-08-12 20:09:01] [INFO] Processing trust store for B6...
[2025-08-12 20:09:01] [DEBUG]   - Updated link B4->B6 with trust 0.500 (r=0, s=0)
[2025-08-12 20:09:01] [DEBUG]   - Updated link B5->B6 with trust 0.500 (r=0, s=0)
[2025-08-12 20:09:01] [INFO] Processing trust store for B7...
[2025-08-12 20:09:01] [DEBUG]   - Updated link B6->B7 with trust 0.500 (r=0, s=0)
[2025-08-12 20:09:01] [INFO] Writing new authoritative network map to /home/dhruv/winshare/Neighbour_Signer_Model/mosquitto/plugins/payload-modification/network_map.txt...
[2025-08-12 20:09:01] [SUCCESS] Aggregation complete. Network map has been updated.
/home/dhruv/winshare/Neighbour_Signer_Model/mosquitto/plugins/payload-modification/aggregator.py:94: DeprecationWarning: datetime.datetime.utcnow() is deprecated and scheduled for removal in a future version. Use timezone-aware objects to represent datetimes in UTC: datetime.datetime.now(datetime.UTC).
  timestamp = datetime.utcnow().strftime("%Y-%m-%d %H:%M:%S UTC")
[2025-08-12 20:09:16] [INFO] Starting trust map aggregation process...
[2025-08-12 20:09:16] [DEBUG] Reading base topology from: /home/dhruv/winshare/Neighbour_Signer_Model/mosquitto/plugins/payload-modification/network_map.txt
[2025-08-12 20:09:16] [INFO] Loaded base topology with 6 source brokers.
[2025-08-12 20:09:16] [INFO] Processing trust store for B0...
[2025-08-12 20:09:16] [INFO] Processing trust store for B1...
[2025-08-12 20:09:16] [DEBUG]   - Updated link B0->B1 with trust 0.500 (r=0, s=0)
[2025-08-12 20:09:16] [INFO] Processing trust store for B2...
[2025-08-12 20:09:16] [DEBUG]   - Updated link B0->B2 with trust 0.500 (r=0, s=0)
[2025-08-12 20:09:16] [INFO] Processing trust store for B3...
[2025-08-12 20:09:16] [DEBUG]   - Updated link B1->B3 with trust 0.500 (r=0, s=0)
[2025-08-12 20:09:16] [INFO] Processing trust store for B4...
[2025-08-12 20:09:16] [DEBUG]   - Updated link B1->B4 with trust 0.491 (r=106, s=110)
[2025-08-12 20:09:16] [DEBUG]   - Updated link B2->B4 with trust 0.491 (r=106, s=110)
[2025-08-12 20:09:16] [INFO] Processing trust store for B5...
[2025-08-12 20:09:16] [DEBUG]   - Updated link B2->B5 with trust 0.500 (r=0, s=0)
[2025-08-12 20:09:16] [INFO] Processing trust store for B6...
[2025-08-12 20:09:16] [DEBUG]   - Updated link B4->B6 with trust 0.500 (r=0, s=0)
[2025-08-12 20:09:16] [DEBUG]   - Updated link B5->B6 with trust 0.500 (r=0, s=0)
[2025-08-12 20:09:16] [INFO] Processing trust store for B7...
[2025-08-12 20:09:16] [DEBUG]   - Updated link B6->B7 with trust 0.500 (r=0, s=0)
[2025-08-12 20:09:16] [INFO] Writing new authoritative network map to /home/dhruv/winshare/Neighbour_Signer_Model/mosquitto/plugins/payload-modification/network_map.txt...
[2025-08-12 20:09:16] [SUCCESS] Aggregation complete. Network map has been updated.
/home/dhruv/winshare/Neighbour_Signer_Model/mosquitto/plugins/payload-modification/aggregator.py:94: DeprecationWarning: datetime.datetime.utcnow() is deprecated and scheduled for removal in a future version. Use timezone-aware objects to represent datetimes in UTC: datetime.datetime.now(datetime.UTC).
  timestamp = datetime.utcnow().strftime("%Y-%m-%d %H:%M:%S UTC")
[2025-08-12 20:09:31] [INFO] Starting trust map aggregation process...
[2025-08-12 20:09:31] [DEBUG] Reading base topology from: /home/dhruv/winshare/Neighbour_Signer_Model/mosquitto/plugins/payload-modification/network_map.txt
[2025-08-12 20:09:31] [INFO] Loaded base topology with 6 source brokers.
[2025-08-12 20:09:31] [INFO] Processing trust store for B0...
[2025-08-12 20:09:31] [INFO] Processing trust store for B1...
[2025-08-12 20:09:31] [DEBUG]   - Updated link B0->B1 with trust 0.500 (r=0, s=0)
[2025-08-12 20:09:31] [INFO] Processing trust store for B2...
[2025-08-12 20:09:31] [DEBUG]   - Updated link B0->B2 with trust 0.500 (r=0, s=0)
[2025-08-12 20:09:31] [INFO] Processing trust store for B3...
[2025-08-12 20:09:31] [DEBUG]   - Updated link B1->B3 with trust 0.500 (r=0, s=0)
[2025-08-12 20:09:31] [INFO] Processing trust store for B4...
[2025-08-12 20:09:31] [DEBUG]   - Updated link B1->B4 with trust 0.491 (r=106, s=110)
[2025-08-12 20:09:31] [DEBUG]   - Updated link B2->B4 with trust 0.491 (r=106, s=110)
[2025-08-12 20:09:31] [INFO] Processing trust store for B5...
[2025-08-12 20:09:31] [DEBUG]   - Updated link B2->B5 with trust 0.500 (r=0, s=0)
[2025-08-12 20:09:31] [INFO] Processing trust store for B6...
[2025-08-12 20:09:31] [DEBUG]   - Updated link B4->B6 with trust 0.500 (r=0, s=0)
[2025-08-12 20:09:31] [DEBUG]   - Updated link B5->B6 with trust 0.500 (r=0, s=0)
[2025-08-12 20:09:31] [INFO] Processing trust store for B7...
[2025-08-12 20:09:31] [DEBUG]   - Updated link B6->B7 with trust 0.500 (r=0, s=0)
[2025-08-12 20:09:31] [INFO] Writing new authoritative network map to /home/dhruv/winshare/Neighbour_Signer_Model/mosquitto/plugins/payload-modification/network_map.txt...
[2025-08-12 20:09:31] [SUCCESS] Aggregation complete. Network map has been updated.
/home/dhruv/winshare/Neighbour_Signer_Model/mosquitto/plugins/payload-modification/aggregator.py:94: DeprecationWarning: datetime.datetime.utcnow() is deprecated and scheduled for removal in a future version. Use timezone-aware objects to represent datetimes in UTC: datetime.datetime.now(datetime.UTC).
  timestamp = datetime.utcnow().strftime("%Y-%m-%d %H:%M:%S UTC")
[2025-08-12 20:09:46] [INFO] Starting trust map aggregation process...
[2025-08-12 20:09:46] [DEBUG] Reading base topology from: /home/dhruv/winshare/Neighbour_Signer_Model/mosquitto/plugins/payload-modification/network_map.txt
[2025-08-12 20:09:46] [INFO] Loaded base topology with 6 source brokers.
[2025-08-12 20:09:46] [INFO] Processing trust store for B0...
[2025-08-12 20:09:46] [INFO] Processing trust store for B1...
[2025-08-12 20:09:46] [DEBUG]   - Updated link B0->B1 with trust 0.500 (r=0, s=0)
[2025-08-12 20:09:46] [INFO] Processing trust store for B2...
[2025-08-12 20:09:46] [DEBUG]   - Updated link B0->B2 with trust 0.500 (r=0, s=0)
[2025-08-12 20:09:46] [INFO] Processing trust store for B3...
[2025-08-12 20:09:46] [DEBUG]   - Updated link B1->B3 with trust 0.500 (r=0, s=0)
[2025-08-12 20:09:46] [INFO] Processing trust store for B4...
[2025-08-12 20:09:46] [DEBUG]   - Updated link B1->B4 with trust 0.491 (r=106, s=110)
[2025-08-12 20:09:46] [DEBUG]   - Updated link B2->B4 with trust 0.491 (r=106, s=110)
[2025-08-12 20:09:46] [INFO] Processing trust store for B5...
[2025-08-12 20:09:46] [DEBUG]   - Updated link B2->B5 with trust 0.500 (r=0, s=0)
[2025-08-12 20:09:46] [INFO] Processing trust store for B6...
[2025-08-12 20:09:46] [DEBUG]   - Updated link B4->B6 with trust 0.500 (r=0, s=0)
[2025-08-12 20:09:46] [DEBUG]   - Updated link B5->B6 with trust 0.500 (r=0, s=0)
[2025-08-12 20:09:46] [INFO] Processing trust store for B7...
[2025-08-12 20:09:46] [DEBUG]   - Updated link B6->B7 with trust 0.500 (r=0, s=0)
[2025-08-12 20:09:46] [INFO] Writing new authoritative network map to /home/dhruv/winshare/Neighbour_Signer_Model/mosquitto/plugins/payload-modification/network_map.txt...
[2025-08-12 20:09:46] [SUCCESS] Aggregation complete. Network map has been updated.
/home/dhruv/winshare/Neighbour_Signer_Model/mosquitto/plugins/payload-modification/aggregator.py:94: DeprecationWarning: datetime.datetime.utcnow() is deprecated and scheduled for removal in a future version. Use timezone-aware objects to represent datetimes in UTC: datetime.datetime.now(datetime.UTC).
  timestamp = datetime.utcnow().strftime("%Y-%m-%d %H:%M:%S UTC")
[2025-08-12 20:10:01] [INFO] Starting trust map aggregation process...
[2025-08-12 20:10:01] [DEBUG] Reading base topology from: /home/dhruv/winshare/Neighbour_Signer_Model/mosquitto/plugins/payload-modification/network_map.txt
[2025-08-12 20:10:01] [INFO] Loaded base topology with 6 source brokers.
[2025-08-12 20:10:01] [INFO] Processing trust store for B0...
[2025-08-12 20:10:01] [INFO] Processing trust store for B1...
[2025-08-12 20:10:01] [DEBUG]   - Updated link B0->B1 with trust 0.500 (r=0, s=0)
[2025-08-12 20:10:01] [INFO] Processing trust store for B2...
[2025-08-12 20:10:01] [DEBUG]   - Updated link B0->B2 with trust 0.500 (r=0, s=0)
[2025-08-12 20:10:01] [INFO] Processing trust store for B3...
[2025-08-12 20:10:01] [DEBUG]   - Updated link B1->B3 with trust 0.500 (r=0, s=0)
[2025-08-12 20:10:01] [INFO] Processing trust store for B4...
[2025-08-12 20:10:01] [DEBUG]   - Updated link B1->B4 with trust 0.491 (r=106, s=110)
[2025-08-12 20:10:01] [DEBUG]   - Updated link B2->B4 with trust 0.491 (r=106, s=110)
[2025-08-12 20:10:01] [INFO] Processing trust store for B5...
[2025-08-12 20:10:01] [DEBUG]   - Updated link B2->B5 with trust 0.500 (r=0, s=0)
[2025-08-12 20:10:01] [INFO] Processing trust store for B6...
[2025-08-12 20:10:01] [DEBUG]   - Updated link B4->B6 with trust 0.500 (r=0, s=0)
[2025-08-12 20:10:01] [DEBUG]   - Updated link B5->B6 with trust 0.500 (r=0, s=0)
[2025-08-12 20:10:01] [INFO] Processing trust store for B7...
[2025-08-12 20:10:01] [DEBUG]   - Updated link B6->B7 with trust 0.500 (r=0, s=0)
[2025-08-12 20:10:01] [INFO] Writing new authoritative network map to /home/dhruv/winshare/Neighbour_Signer_Model/mosquitto/plugins/payload-modification/network_map.txt...
[2025-08-12 20:10:01] [SUCCESS] Aggregation complete. Network map has been updated.
/home/dhruv/winshare/Neighbour_Signer_Model/mosquitto/plugins/payload-modification/aggregator.py:94: DeprecationWarning: datetime.datetime.utcnow() is deprecated and scheduled for removal in a future version. Use timezone-aware objects to represent datetimes in UTC: datetime.datetime.now(datetime.UTC).
  timestamp = datetime.utcnow().strftime("%Y-%m-%d %H:%M:%S UTC")
[2025-08-12 20:10:16] [INFO] Starting trust map aggregation process...
[2025-08-12 20:10:16] [DEBUG] Reading base topology from: /home/dhruv/winshare/Neighbour_Signer_Model/mosquitto/plugins/payload-modification/network_map.txt
[2025-08-12 20:10:16] [INFO] Loaded base topology with 6 source brokers.
[2025-08-12 20:10:16] [INFO] Processing trust store for B0...
[2025-08-12 20:10:16] [INFO] Processing trust store for B1...
[2025-08-12 20:10:16] [DEBUG]   - Updated link B0->B1 with trust 0.500 (r=0, s=0)
[2025-08-12 20:10:16] [INFO] Processing trust store for B2...
[2025-08-12 20:10:16] [DEBUG]   - Updated link B0->B2 with trust 0.500 (r=0, s=0)
[2025-08-12 20:10:16] [INFO] Processing trust store for B3...
[2025-08-12 20:10:16] [DEBUG]   - Updated link B1->B3 with trust 0.500 (r=0, s=0)
[2025-08-12 20:10:16] [INFO] Processing trust store for B4...
[2025-08-12 20:10:16] [DEBUG]   - Updated link B1->B4 with trust 0.491 (r=106, s=110)
[2025-08-12 20:10:16] [DEBUG]   - Updated link B2->B4 with trust 0.491 (r=106, s=110)
[2025-08-12 20:10:16] [INFO] Processing trust store for B5...
[2025-08-12 20:10:16] [DEBUG]   - Updated link B2->B5 with trust 0.500 (r=0, s=0)
[2025-08-12 20:10:16] [INFO] Processing trust store for B6...
[2025-08-12 20:10:16] [DEBUG]   - Updated link B4->B6 with trust 0.500 (r=0, s=0)
[2025-08-12 20:10:16] [DEBUG]   - Updated link B5->B6 with trust 0.500 (r=0, s=0)
[2025-08-12 20:10:16] [INFO] Processing trust store for B7...
[2025-08-12 20:10:16] [DEBUG]   - Updated link B6->B7 with trust 0.500 (r=0, s=0)
[2025-08-12 20:10:16] [INFO] Writing new authoritative network map to /home/dhruv/winshare/Neighbour_Signer_Model/mosquitto/plugins/payload-modification/network_map.txt...
[2025-08-12 20:10:16] [SUCCESS] Aggregation complete. Network map has been updated.
/home/dhruv/winshare/Neighbour_Signer_Model/mosquitto/plugins/payload-modification/aggregator.py:94: DeprecationWarning: datetime.datetime.utcnow() is deprecated and scheduled for removal in a future version. Use timezone-aware objects to represent datetimes in UTC: datetime.datetime.now(datetime.UTC).
  timestamp = datetime.utcnow().strftime("%Y-%m-%d %H:%M:%S UTC")
[2025-08-12 20:10:31] [INFO] Starting trust map aggregation process...
[2025-08-12 20:10:31] [DEBUG] Reading base topology from: /home/dhruv/winshare/Neighbour_Signer_Model/mosquitto/plugins/payload-modification/network_map.txt
[2025-08-12 20:10:31] [INFO] Loaded base topology with 6 source brokers.
[2025-08-12 20:10:31] [INFO] Processing trust store for B0...
[2025-08-12 20:10:31] [INFO] Processing trust store for B1...
[2025-08-12 20:10:31] [DEBUG]   - Updated link B0->B1 with trust 0.500 (r=0, s=0)
[2025-08-12 20:10:31] [INFO] Processing trust store for B2...
[2025-08-12 20:10:31] [DEBUG]   - Updated link B0->B2 with trust 0.500 (r=0, s=0)
[2025-08-12 20:10:31] [INFO] Processing trust store for B3...
[2025-08-12 20:10:31] [DEBUG]   - Updated link B1->B3 with trust 0.500 (r=0, s=0)
[2025-08-12 20:10:31] [INFO] Processing trust store for B4...
[2025-08-12 20:10:31] [DEBUG]   - Updated link B1->B4 with trust 0.491 (r=106, s=110)
[2025-08-12 20:10:31] [DEBUG]   - Updated link B2->B4 with trust 0.491 (r=106, s=110)
[2025-08-12 20:10:31] [INFO] Processing trust store for B5...
[2025-08-12 20:10:31] [DEBUG]   - Updated link B2->B5 with trust 0.500 (r=0, s=0)
[2025-08-12 20:10:31] [INFO] Processing trust store for B6...
[2025-08-12 20:10:31] [DEBUG]   - Updated link B4->B6 with trust 0.500 (r=0, s=0)
[2025-08-12 20:10:31] [DEBUG]   - Updated link B5->B6 with trust 0.500 (r=0, s=0)
[2025-08-12 20:10:31] [INFO] Processing trust store for B7...
[2025-08-12 20:10:31] [DEBUG]   - Updated link B6->B7 with trust 0.500 (r=0, s=0)
[2025-08-12 20:10:31] [INFO] Writing new authoritative network map to /home/dhruv/winshare/Neighbour_Signer_Model/mosquitto/plugins/payload-modification/network_map.txt...
[2025-08-12 20:10:31] [SUCCESS] Aggregation complete. Network map has been updated.
/home/dhruv/winshare/Neighbour_Signer_Model/mosquitto/plugins/payload-modification/aggregator.py:94: DeprecationWarning: datetime.datetime.utcnow() is deprecated and scheduled for removal in a future version. Use timezone-aware objects to represent datetimes in UTC: datetime.datetime.now(datetime.UTC).
  timestamp = datetime.utcnow().strftime("%Y-%m-%d %H:%M:%S UTC")
[2025-08-12 20:10:46] [INFO] Starting trust map aggregation process...
[2025-08-12 20:10:46] [DEBUG] Reading base topology from: /home/dhruv/winshare/Neighbour_Signer_Model/mosquitto/plugins/payload-modification/network_map.txt
[2025-08-12 20:10:46] [INFO] Loaded base topology with 6 source brokers.
[2025-08-12 20:10:46] [INFO] Processing trust store for B0...
[2025-08-12 20:10:46] [INFO] Processing trust store for B1...
[2025-08-12 20:10:46] [DEBUG]   - Updated link B0->B1 with trust 0.500 (r=0, s=0)
[2025-08-12 20:10:46] [INFO] Processing trust store for B2...
[2025-08-12 20:10:46] [DEBUG]   - Updated link B0->B2 with trust 0.500 (r=0, s=0)
[2025-08-12 20:10:46] [INFO] Processing trust store for B3...
[2025-08-12 20:10:46] [DEBUG]   - Updated link B1->B3 with trust 0.500 (r=0, s=0)
[2025-08-12 20:10:46] [INFO] Processing trust store for B4...
[2025-08-12 20:10:46] [DEBUG]   - Updated link B1->B4 with trust 0.491 (r=106, s=110)
[2025-08-12 20:10:46] [DEBUG]   - Updated link B2->B4 with trust 0.491 (r=106, s=110)
[2025-08-12 20:10:46] [INFO] Processing trust store for B5...
[2025-08-12 20:10:46] [DEBUG]   - Updated link B2->B5 with trust 0.500 (r=0, s=0)
[2025-08-12 20:10:46] [INFO] Processing trust store for B6...
[2025-08-12 20:10:46] [DEBUG]   - Updated link B4->B6 with trust 0.500 (r=0, s=0)
[2025-08-12 20:10:46] [DEBUG]   - Updated link B5->B6 with trust 0.500 (r=0, s=0)
[2025-08-12 20:10:46] [INFO] Processing trust store for B7...
[2025-08-12 20:10:46] [DEBUG]   - Updated link B6->B7 with trust 0.500 (r=0, s=0)
[2025-08-12 20:10:46] [INFO] Writing new authoritative network map to /home/dhruv/winshare/Neighbour_Signer_Model/mosquitto/plugins/payload-modification/network_map.txt...
[2025-08-12 20:10:46] [SUCCESS] Aggregation complete. Network map has been updated.
/home/dhruv/winshare/Neighbour_Signer_Model/mosquitto/plugins/payload-modification/aggregator.py:94: DeprecationWarning: datetime.datetime.utcnow() is deprecated and scheduled for removal in a future version. Use timezone-aware objects to represent datetimes in UTC: datetime.datetime.now(datetime.UTC).
  timestamp = datetime.utcnow().strftime("%Y-%m-%d %H:%M:%S UTC")
[2025-08-12 20:11:01] [INFO] Starting trust map aggregation process...
[2025-08-12 20:11:01] [DEBUG] Reading base topology from: /home/dhruv/winshare/Neighbour_Signer_Model/mosquitto/plugins/payload-modification/network_map.txt
[2025-08-12 20:11:01] [INFO] Loaded base topology with 6 source brokers.
[2025-08-12 20:11:01] [INFO] Processing trust store for B0...
[2025-08-12 20:11:01] [INFO] Processing trust store for B1...
[2025-08-12 20:11:01] [DEBUG]   - Updated link B0->B1 with trust 0.500 (r=0, s=0)
[2025-08-12 20:11:01] [INFO] Processing trust store for B2...
[2025-08-12 20:11:01] [DEBUG]   - Updated link B0->B2 with trust 0.500 (r=0, s=0)
[2025-08-12 20:11:01] [INFO] Processing trust store for B3...
[2025-08-12 20:11:01] [DEBUG]   - Updated link B1->B3 with trust 0.500 (r=0, s=0)
[2025-08-12 20:11:01] [INFO] Processing trust store for B4...
[2025-08-12 20:11:01] [DEBUG]   - Updated link B1->B4 with trust 0.491 (r=106, s=110)
[2025-08-12 20:11:01] [DEBUG]   - Updated link B2->B4 with trust 0.491 (r=106, s=110)
[2025-08-12 20:11:01] [INFO] Processing trust store for B5...
[2025-08-12 20:11:01] [DEBUG]   - Updated link B2->B5 with trust 0.500 (r=0, s=0)
[2025-08-12 20:11:01] [INFO] Processing trust store for B6...
[2025-08-12 20:11:01] [DEBUG]   - Updated link B4->B6 with trust 0.500 (r=0, s=0)
[2025-08-12 20:11:01] [DEBUG]   - Updated link B5->B6 with trust 0.500 (r=0, s=0)
[2025-08-12 20:11:01] [INFO] Processing trust store for B7...
[2025-08-12 20:11:01] [DEBUG]   - Updated link B6->B7 with trust 0.500 (r=0, s=0)
[2025-08-12 20:11:01] [INFO] Writing new authoritative network map to /home/dhruv/winshare/Neighbour_Signer_Model/mosquitto/plugins/payload-modification/network_map.txt...
[2025-08-12 20:11:01] [SUCCESS] Aggregation complete. Network map has been updated.
/home/dhruv/winshare/Neighbour_Signer_Model/mosquitto/plugins/payload-modification/aggregator.py:94: DeprecationWarning: datetime.datetime.utcnow() is deprecated and scheduled for removal in a future version. Use timezone-aware objects to represent datetimes in UTC: datetime.datetime.now(datetime.UTC).
  timestamp = datetime.utcnow().strftime("%Y-%m-%d %H:%M:%S UTC")
[2025-08-12 20:11:16] [INFO] Starting trust map aggregation process...
[2025-08-12 20:11:16] [DEBUG] Reading base topology from: /home/dhruv/winshare/Neighbour_Signer_Model/mosquitto/plugins/payload-modification/network_map.txt
[2025-08-12 20:11:16] [INFO] Loaded base topology with 6 source brokers.
[2025-08-12 20:11:16] [INFO] Processing trust store for B0...
[2025-08-12 20:11:16] [INFO] Processing trust store for B1...
[2025-08-12 20:11:16] [DEBUG]   - Updated link B0->B1 with trust 0.500 (r=0, s=0)
[2025-08-12 20:11:16] [INFO] Processing trust store for B2...
[2025-08-12 20:11:16] [DEBUG]   - Updated link B0->B2 with trust 0.500 (r=0, s=0)
[2025-08-12 20:11:16] [INFO] Processing trust store for B3...
[2025-08-12 20:11:16] [DEBUG]   - Updated link B1->B3 with trust 0.500 (r=0, s=0)
[2025-08-12 20:11:16] [INFO] Processing trust store for B4...
[2025-08-12 20:11:16] [DEBUG]   - Updated link B1->B4 with trust 0.491 (r=106, s=110)
[2025-08-12 20:11:16] [DEBUG]   - Updated link B2->B4 with trust 0.491 (r=106, s=110)
[2025-08-12 20:11:16] [INFO] Processing trust store for B5...
[2025-08-12 20:11:16] [DEBUG]   - Updated link B2->B5 with trust 0.500 (r=0, s=0)
[2025-08-12 20:11:16] [INFO] Processing trust store for B6...
[2025-08-12 20:11:16] [DEBUG]   - Updated link B4->B6 with trust 0.500 (r=0, s=0)
[2025-08-12 20:11:16] [DEBUG]   - Updated link B5->B6 with trust 0.500 (r=0, s=0)
[2025-08-12 20:11:16] [INFO] Processing trust store for B7...
[2025-08-12 20:11:16] [DEBUG]   - Updated link B6->B7 with trust 0.500 (r=0, s=0)
[2025-08-12 20:11:16] [INFO] Writing new authoritative network map to /home/dhruv/winshare/Neighbour_Signer_Model/mosquitto/plugins/payload-modification/network_map.txt...
[2025-08-12 20:11:16] [SUCCESS] Aggregation complete. Network map has been updated.
/home/dhruv/winshare/Neighbour_Signer_Model/mosquitto/plugins/payload-modification/aggregator.py:94: DeprecationWarning: datetime.datetime.utcnow() is deprecated and scheduled for removal in a future version. Use timezone-aware objects to represent datetimes in UTC: datetime.datetime.now(datetime.UTC).
  timestamp = datetime.utcnow().strftime("%Y-%m-%d %H:%M:%S UTC")
[2025-08-12 20:11:31] [INFO] Starting trust map aggregation process...
[2025-08-12 20:11:31] [DEBUG] Reading base topology from: /home/dhruv/winshare/Neighbour_Signer_Model/mosquitto/plugins/payload-modification/network_map.txt
[2025-08-12 20:11:31] [INFO] Loaded base topology with 6 source brokers.
[2025-08-12 20:11:31] [INFO] Processing trust store for B0...
[2025-08-12 20:11:31] [INFO] Processing trust store for B1...
[2025-08-12 20:11:31] [DEBUG]   - Updated link B0->B1 with trust 0.500 (r=0, s=0)
[2025-08-12 20:11:31] [INFO] Processing trust store for B2...
[2025-08-12 20:11:31] [DEBUG]   - Updated link B0->B2 with trust 0.500 (r=0, s=0)
[2025-08-12 20:11:31] [INFO] Processing trust store for B3...
[2025-08-12 20:11:31] [DEBUG]   - Updated link B1->B3 with trust 0.500 (r=0, s=0)
[2025-08-12 20:11:31] [INFO] Processing trust store for B4...
[2025-08-12 20:11:31] [DEBUG]   - Updated link B1->B4 with trust 0.491 (r=106, s=110)
[2025-08-12 20:11:31] [DEBUG]   - Updated link B2->B4 with trust 0.491 (r=106, s=110)
[2025-08-12 20:11:31] [INFO] Processing trust store for B5...
[2025-08-12 20:11:31] [DEBUG]   - Updated link B2->B5 with trust 0.500 (r=0, s=0)
[2025-08-12 20:11:31] [INFO] Processing trust store for B6...
[2025-08-12 20:11:31] [DEBUG]   - Updated link B4->B6 with trust 0.500 (r=0, s=0)
[2025-08-12 20:11:31] [DEBUG]   - Updated link B5->B6 with trust 0.500 (r=0, s=0)
[2025-08-12 20:11:31] [INFO] Processing trust store for B7...
[2025-08-12 20:11:31] [DEBUG]   - Updated link B6->B7 with trust 0.500 (r=0, s=0)
[2025-08-12 20:11:31] [INFO] Writing new authoritative network map to /home/dhruv/winshare/Neighbour_Signer_Model/mosquitto/plugins/payload-modification/network_map.txt...
[2025-08-12 20:11:31] [SUCCESS] Aggregation complete. Network map has been updated.
/home/dhruv/winshare/Neighbour_Signer_Model/mosquitto/plugins/payload-modification/aggregator.py:94: DeprecationWarning: datetime.datetime.utcnow() is deprecated and scheduled for removal in a future version. Use timezone-aware objects to represent datetimes in UTC: datetime.datetime.now(datetime.UTC).
  timestamp = datetime.utcnow().strftime("%Y-%m-%d %H:%M:%S UTC")
[2025-08-12 20:11:46] [INFO] Starting trust map aggregation process...
[2025-08-12 20:11:46] [DEBUG] Reading base topology from: /home/dhruv/winshare/Neighbour_Signer_Model/mosquitto/plugins/payload-modification/network_map.txt
[2025-08-12 20:11:46] [INFO] Loaded base topology with 6 source brokers.
[2025-08-12 20:11:46] [INFO] Processing trust store for B0...
[2025-08-12 20:11:46] [INFO] Processing trust store for B1...
[2025-08-12 20:11:46] [DEBUG]   - Updated link B0->B1 with trust 0.500 (r=0, s=0)
[2025-08-12 20:11:46] [INFO] Processing trust store for B2...
[2025-08-12 20:11:46] [DEBUG]   - Updated link B0->B2 with trust 0.500 (r=0, s=0)
[2025-08-12 20:11:46] [INFO] Processing trust store for B3...
[2025-08-12 20:11:46] [DEBUG]   - Updated link B1->B3 with trust 0.500 (r=0, s=0)
[2025-08-12 20:11:46] [INFO] Processing trust store for B4...
[2025-08-12 20:11:46] [DEBUG]   - Updated link B1->B4 with trust 0.491 (r=106, s=110)
[2025-08-12 20:11:46] [DEBUG]   - Updated link B2->B4 with trust 0.491 (r=106, s=110)
[2025-08-12 20:11:46] [INFO] Processing trust store for B5...
[2025-08-12 20:11:46] [DEBUG]   - Updated link B2->B5 with trust 0.500 (r=0, s=0)
[2025-08-12 20:11:46] [INFO] Processing trust store for B6...
[2025-08-12 20:11:46] [DEBUG]   - Updated link B4->B6 with trust 0.500 (r=0, s=0)
[2025-08-12 20:11:46] [DEBUG]   - Updated link B5->B6 with trust 0.500 (r=0, s=0)
[2025-08-12 20:11:46] [INFO] Processing trust store for B7...
[2025-08-12 20:11:46] [DEBUG]   - Updated link B6->B7 with trust 0.500 (r=0, s=0)
[2025-08-12 20:11:46] [INFO] Writing new authoritative network map to /home/dhruv/winshare/Neighbour_Signer_Model/mosquitto/plugins/payload-modification/network_map.txt...
[2025-08-12 20:11:46] [SUCCESS] Aggregation complete. Network map has been updated.
/home/dhruv/winshare/Neighbour_Signer_Model/mosquitto/plugins/payload-modification/aggregator.py:94: DeprecationWarning: datetime.datetime.utcnow() is deprecated and scheduled for removal in a future version. Use timezone-aware objects to represent datetimes in UTC: datetime.datetime.now(datetime.UTC).
  timestamp = datetime.utcnow().strftime("%Y-%m-%d %H:%M:%S UTC")
[2025-08-12 20:12:01] [INFO] Starting trust map aggregation process...
[2025-08-12 20:12:01] [DEBUG] Reading base topology from: /home/dhruv/winshare/Neighbour_Signer_Model/mosquitto/plugins/payload-modification/network_map.txt
[2025-08-12 20:12:01] [INFO] Loaded base topology with 6 source brokers.
[2025-08-12 20:12:01] [INFO] Processing trust store for B0...
[2025-08-12 20:12:01] [INFO] Processing trust store for B1...
[2025-08-12 20:12:01] [DEBUG]   - Updated link B0->B1 with trust 0.500 (r=0, s=0)
[2025-08-12 20:12:01] [INFO] Processing trust store for B2...
[2025-08-12 20:12:01] [DEBUG]   - Updated link B0->B2 with trust 0.500 (r=0, s=0)
[2025-08-12 20:12:01] [INFO] Processing trust store for B3...
[2025-08-12 20:12:01] [DEBUG]   - Updated link B1->B3 with trust 0.500 (r=0, s=0)
[2025-08-12 20:12:01] [INFO] Processing trust store for B4...
[2025-08-12 20:12:01] [DEBUG]   - Updated link B1->B4 with trust 0.491 (r=106, s=110)
[2025-08-12 20:12:01] [DEBUG]   - Updated link B2->B4 with trust 0.491 (r=106, s=110)
[2025-08-12 20:12:01] [INFO] Processing trust store for B5...
[2025-08-12 20:12:01] [DEBUG]   - Updated link B2->B5 with trust 0.500 (r=0, s=0)
[2025-08-12 20:12:01] [INFO] Processing trust store for B6...
[2025-08-12 20:12:01] [DEBUG]   - Updated link B4->B6 with trust 0.500 (r=0, s=0)
[2025-08-12 20:12:01] [DEBUG]   - Updated link B5->B6 with trust 0.500 (r=0, s=0)
[2025-08-12 20:12:01] [INFO] Processing trust store for B7...
[2025-08-12 20:12:01] [DEBUG]   - Updated link B6->B7 with trust 0.500 (r=0, s=0)
[2025-08-12 20:12:01] [INFO] Writing new authoritative network map to /home/dhruv/winshare/Neighbour_Signer_Model/mosquitto/plugins/payload-modification/network_map.txt...
[2025-08-12 20:12:01] [SUCCESS] Aggregation complete. Network map has been updated.
/home/dhruv/winshare/Neighbour_Signer_Model/mosquitto/plugins/payload-modification/aggregator.py:94: DeprecationWarning: datetime.datetime.utcnow() is deprecated and scheduled for removal in a future version. Use timezone-aware objects to represent datetimes in UTC: datetime.datetime.now(datetime.UTC).
  timestamp = datetime.utcnow().strftime("%Y-%m-%d %H:%M:%S UTC")
[2025-08-12 20:12:16] [INFO] Starting trust map aggregation process...
[2025-08-12 20:12:16] [DEBUG] Reading base topology from: /home/dhruv/winshare/Neighbour_Signer_Model/mosquitto/plugins/payload-modification/network_map.txt
[2025-08-12 20:12:16] [INFO] Loaded base topology with 6 source brokers.
[2025-08-12 20:12:16] [INFO] Processing trust store for B0...
[2025-08-12 20:12:16] [INFO] Processing trust store for B1...
[2025-08-12 20:12:16] [DEBUG]   - Updated link B0->B1 with trust 0.500 (r=0, s=0)
[2025-08-12 20:12:16] [INFO] Processing trust store for B2...
[2025-08-12 20:12:16] [DEBUG]   - Updated link B0->B2 with trust 0.500 (r=0, s=0)
[2025-08-12 20:12:16] [INFO] Processing trust store for B3...
[2025-08-12 20:12:16] [DEBUG]   - Updated link B1->B3 with trust 0.500 (r=0, s=0)
[2025-08-12 20:12:16] [INFO] Processing trust store for B4...
[2025-08-12 20:12:16] [DEBUG]   - Updated link B1->B4 with trust 0.491 (r=106, s=110)
[2025-08-12 20:12:16] [DEBUG]   - Updated link B2->B4 with trust 0.491 (r=106, s=110)
[2025-08-12 20:12:16] [INFO] Processing trust store for B5...
[2025-08-12 20:12:16] [DEBUG]   - Updated link B2->B5 with trust 0.500 (r=0, s=0)
[2025-08-12 20:12:16] [INFO] Processing trust store for B6...
[2025-08-12 20:12:16] [DEBUG]   - Updated link B4->B6 with trust 0.500 (r=0, s=0)
[2025-08-12 20:12:16] [DEBUG]   - Updated link B5->B6 with trust 0.500 (r=0, s=0)
[2025-08-12 20:12:16] [INFO] Processing trust store for B7...
[2025-08-12 20:12:16] [DEBUG]   - Updated link B6->B7 with trust 0.500 (r=0, s=0)
[2025-08-12 20:12:16] [INFO] Writing new authoritative network map to /home/dhruv/winshare/Neighbour_Signer_Model/mosquitto/plugins/payload-modification/network_map.txt...
[2025-08-12 20:12:16] [SUCCESS] Aggregation complete. Network map has been updated.
/home/dhruv/winshare/Neighbour_Signer_Model/mosquitto/plugins/payload-modification/aggregator.py:94: DeprecationWarning: datetime.datetime.utcnow() is deprecated and scheduled for removal in a future version. Use timezone-aware objects to represent datetimes in UTC: datetime.datetime.now(datetime.UTC).
  timestamp = datetime.utcnow().strftime("%Y-%m-%d %H:%M:%S UTC")
[2025-08-12 20:12:31] [INFO] Starting trust map aggregation process...
[2025-08-12 20:12:31] [DEBUG] Reading base topology from: /home/dhruv/winshare/Neighbour_Signer_Model/mosquitto/plugins/payload-modification/network_map.txt
[2025-08-12 20:12:31] [INFO] Loaded base topology with 6 source brokers.
[2025-08-12 20:12:31] [INFO] Processing trust store for B0...
[2025-08-12 20:12:31] [INFO] Processing trust store for B1...
[2025-08-12 20:12:31] [DEBUG]   - Updated link B0->B1 with trust 0.500 (r=0, s=0)
[2025-08-12 20:12:31] [INFO] Processing trust store for B2...
[2025-08-12 20:12:31] [DEBUG]   - Updated link B0->B2 with trust 0.500 (r=0, s=0)
[2025-08-12 20:12:31] [INFO] Processing trust store for B3...
[2025-08-12 20:12:31] [DEBUG]   - Updated link B1->B3 with trust 0.500 (r=0, s=0)
[2025-08-12 20:12:31] [INFO] Processing trust store for B4...
[2025-08-12 20:12:31] [DEBUG]   - Updated link B1->B4 with trust 0.491 (r=106, s=110)
[2025-08-12 20:12:31] [DEBUG]   - Updated link B2->B4 with trust 0.491 (r=106, s=110)
[2025-08-12 20:12:31] [INFO] Processing trust store for B5...
[2025-08-12 20:12:31] [DEBUG]   - Updated link B2->B5 with trust 0.500 (r=0, s=0)
[2025-08-12 20:12:31] [INFO] Processing trust store for B6...
[2025-08-12 20:12:31] [DEBUG]   - Updated link B4->B6 with trust 0.500 (r=0, s=0)
[2025-08-12 20:12:31] [DEBUG]   - Updated link B5->B6 with trust 0.500 (r=0, s=0)
[2025-08-12 20:12:31] [INFO] Processing trust store for B7...
[2025-08-12 20:12:31] [DEBUG]   - Updated link B6->B7 with trust 0.500 (r=0, s=0)
[2025-08-12 20:12:31] [INFO] Writing new authoritative network map to /home/dhruv/winshare/Neighbour_Signer_Model/mosquitto/plugins/payload-modification/network_map.txt...
[2025-08-12 20:12:31] [SUCCESS] Aggregation complete. Network map has been updated.
/home/dhruv/winshare/Neighbour_Signer_Model/mosquitto/plugins/payload-modification/aggregator.py:94: DeprecationWarning: datetime.datetime.utcnow() is deprecated and scheduled for removal in a future version. Use timezone-aware objects to represent datetimes in UTC: datetime.datetime.now(datetime.UTC).
  timestamp = datetime.utcnow().strftime("%Y-%m-%d %H:%M:%S UTC")
[2025-08-12 20:12:46] [INFO] Starting trust map aggregation process...
[2025-08-12 20:12:46] [DEBUG] Reading base topology from: /home/dhruv/winshare/Neighbour_Signer_Model/mosquitto/plugins/payload-modification/network_map.txt
[2025-08-12 20:12:46] [INFO] Loaded base topology with 6 source brokers.
[2025-08-12 20:12:46] [INFO] Processing trust store for B0...
[2025-08-12 20:12:46] [INFO] Processing trust store for B1...
[2025-08-12 20:12:46] [DEBUG]   - Updated link B0->B1 with trust 0.500 (r=0, s=0)
[2025-08-12 20:12:46] [INFO] Processing trust store for B2...
[2025-08-12 20:12:46] [DEBUG]   - Updated link B0->B2 with trust 0.500 (r=0, s=0)
[2025-08-12 20:12:46] [INFO] Processing trust store for B3...
[2025-08-12 20:12:46] [DEBUG]   - Updated link B1->B3 with trust 0.500 (r=0, s=0)
[2025-08-12 20:12:46] [INFO] Processing trust store for B4...
[2025-08-12 20:12:46] [DEBUG]   - Updated link B1->B4 with trust 0.491 (r=106, s=110)
[2025-08-12 20:12:46] [DEBUG]   - Updated link B2->B4 with trust 0.491 (r=106, s=110)
[2025-08-12 20:12:46] [INFO] Processing trust store for B5...
[2025-08-12 20:12:46] [DEBUG]   - Updated link B2->B5 with trust 0.500 (r=0, s=0)
[2025-08-12 20:12:46] [INFO] Processing trust store for B6...
[2025-08-12 20:12:46] [DEBUG]   - Updated link B4->B6 with trust 0.500 (r=0, s=0)
[2025-08-12 20:12:46] [DEBUG]   - Updated link B5->B6 with trust 0.500 (r=0, s=0)
[2025-08-12 20:12:46] [INFO] Processing trust store for B7...
[2025-08-12 20:12:46] [DEBUG]   - Updated link B6->B7 with trust 0.500 (r=0, s=0)
[2025-08-12 20:12:46] [INFO] Writing new authoritative network map to /home/dhruv/winshare/Neighbour_Signer_Model/mosquitto/plugins/payload-modification/network_map.txt...
[2025-08-12 20:12:46] [SUCCESS] Aggregation complete. Network map has been updated.
/home/dhruv/winshare/Neighbour_Signer_Model/mosquitto/plugins/payload-modification/aggregator.py:94: DeprecationWarning: datetime.datetime.utcnow() is deprecated and scheduled for removal in a future version. Use timezone-aware objects to represent datetimes in UTC: datetime.datetime.now(datetime.UTC).
  timestamp = datetime.utcnow().strftime("%Y-%m-%d %H:%M:%S UTC")
[2025-08-12 20:13:01] [INFO] Starting trust map aggregation process...
[2025-08-12 20:13:01] [DEBUG] Reading base topology from: /home/dhruv/winshare/Neighbour_Signer_Model/mosquitto/plugins/payload-modification/network_map.txt
[2025-08-12 20:13:01] [INFO] Loaded base topology with 6 source brokers.
[2025-08-12 20:13:01] [INFO] Processing trust store for B0...
[2025-08-12 20:13:01] [INFO] Processing trust store for B1...
[2025-08-12 20:13:01] [DEBUG]   - Updated link B0->B1 with trust 0.500 (r=0, s=0)
[2025-08-12 20:13:01] [INFO] Processing trust store for B2...
[2025-08-12 20:13:01] [DEBUG]   - Updated link B0->B2 with trust 0.500 (r=0, s=0)
[2025-08-12 20:13:01] [INFO] Processing trust store for B3...
[2025-08-12 20:13:01] [DEBUG]   - Updated link B1->B3 with trust 0.500 (r=0, s=0)
[2025-08-12 20:13:01] [INFO] Processing trust store for B4...
[2025-08-12 20:13:01] [DEBUG]   - Updated link B1->B4 with trust 0.491 (r=106, s=110)
[2025-08-12 20:13:01] [DEBUG]   - Updated link B2->B4 with trust 0.491 (r=106, s=110)
[2025-08-12 20:13:01] [INFO] Processing trust store for B5...
[2025-08-12 20:13:01] [DEBUG]   - Updated link B2->B5 with trust 0.500 (r=0, s=0)
[2025-08-12 20:13:01] [INFO] Processing trust store for B6...
[2025-08-12 20:13:01] [DEBUG]   - Updated link B4->B6 with trust 0.500 (r=0, s=0)
[2025-08-12 20:13:01] [DEBUG]   - Updated link B5->B6 with trust 0.500 (r=0, s=0)
[2025-08-12 20:13:01] [INFO] Processing trust store for B7...
[2025-08-12 20:13:01] [DEBUG]   - Updated link B6->B7 with trust 0.500 (r=0, s=0)
[2025-08-12 20:13:01] [INFO] Writing new authoritative network map to /home/dhruv/winshare/Neighbour_Signer_Model/mosquitto/plugins/payload-modification/network_map.txt...
[2025-08-12 20:13:01] [SUCCESS] Aggregation complete. Network map has been updated.
/home/dhruv/winshare/Neighbour_Signer_Model/mosquitto/plugins/payload-modification/aggregator.py:94: DeprecationWarning: datetime.datetime.utcnow() is deprecated and scheduled for removal in a future version. Use timezone-aware objects to represent datetimes in UTC: datetime.datetime.now(datetime.UTC).
  timestamp = datetime.utcnow().strftime("%Y-%m-%d %H:%M:%S UTC")
[2025-08-12 20:13:16] [INFO] Starting trust map aggregation process...
[2025-08-12 20:13:16] [DEBUG] Reading base topology from: /home/dhruv/winshare/Neighbour_Signer_Model/mosquitto/plugins/payload-modification/network_map.txt
[2025-08-12 20:13:16] [INFO] Loaded base topology with 6 source brokers.
[2025-08-12 20:13:16] [INFO] Processing trust store for B0...
[2025-08-12 20:13:16] [INFO] Processing trust store for B1...
[2025-08-12 20:13:16] [DEBUG]   - Updated link B0->B1 with trust 0.500 (r=0, s=0)
[2025-08-12 20:13:16] [INFO] Processing trust store for B2...
[2025-08-12 20:13:16] [DEBUG]   - Updated link B0->B2 with trust 0.500 (r=0, s=0)
[2025-08-12 20:13:16] [INFO] Processing trust store for B3...
[2025-08-12 20:13:16] [DEBUG]   - Updated link B1->B3 with trust 0.500 (r=0, s=0)
[2025-08-12 20:13:16] [INFO] Processing trust store for B4...
[2025-08-12 20:13:16] [DEBUG]   - Updated link B1->B4 with trust 0.491 (r=106, s=110)
[2025-08-12 20:13:16] [DEBUG]   - Updated link B2->B4 with trust 0.491 (r=106, s=110)
[2025-08-12 20:13:16] [INFO] Processing trust store for B5...
[2025-08-12 20:13:16] [DEBUG]   - Updated link B2->B5 with trust 0.500 (r=0, s=0)
[2025-08-12 20:13:16] [INFO] Processing trust store for B6...
[2025-08-12 20:13:16] [DEBUG]   - Updated link B4->B6 with trust 0.500 (r=0, s=0)
[2025-08-12 20:13:16] [DEBUG]   - Updated link B5->B6 with trust 0.500 (r=0, s=0)
[2025-08-12 20:13:16] [INFO] Processing trust store for B7...
[2025-08-12 20:13:16] [DEBUG]   - Updated link B6->B7 with trust 0.500 (r=0, s=0)
[2025-08-12 20:13:16] [INFO] Writing new authoritative network map to /home/dhruv/winshare/Neighbour_Signer_Model/mosquitto/plugins/payload-modification/network_map.txt...
[2025-08-12 20:13:16] [SUCCESS] Aggregation complete. Network map has been updated.
/home/dhruv/winshare/Neighbour_Signer_Model/mosquitto/plugins/payload-modification/aggregator.py:94: DeprecationWarning: datetime.datetime.utcnow() is deprecated and scheduled for removal in a future version. Use timezone-aware objects to represent datetimes in UTC: datetime.datetime.now(datetime.UTC).
  timestamp = datetime.utcnow().strftime("%Y-%m-%d %H:%M:%S UTC")
[2025-08-12 20:13:31] [INFO] Starting trust map aggregation process...
[2025-08-12 20:13:31] [DEBUG] Reading base topology from: /home/dhruv/winshare/Neighbour_Signer_Model/mosquitto/plugins/payload-modification/network_map.txt
[2025-08-12 20:13:31] [INFO] Loaded base topology with 6 source brokers.
[2025-08-12 20:13:31] [INFO] Processing trust store for B0...
[2025-08-12 20:13:31] [INFO] Processing trust store for B1...
[2025-08-12 20:13:31] [DEBUG]   - Updated link B0->B1 with trust 0.500 (r=0, s=0)
[2025-08-12 20:13:31] [INFO] Processing trust store for B2...
[2025-08-12 20:13:31] [DEBUG]   - Updated link B0->B2 with trust 0.500 (r=0, s=0)
[2025-08-12 20:13:31] [INFO] Processing trust store for B3...
[2025-08-12 20:13:31] [DEBUG]   - Updated link B1->B3 with trust 0.500 (r=0, s=0)
[2025-08-12 20:13:31] [INFO] Processing trust store for B4...
[2025-08-12 20:13:31] [DEBUG]   - Updated link B1->B4 with trust 0.491 (r=106, s=110)
[2025-08-12 20:13:31] [DEBUG]   - Updated link B2->B4 with trust 0.491 (r=106, s=110)
[2025-08-12 20:13:31] [INFO] Processing trust store for B5...
[2025-08-12 20:13:31] [DEBUG]   - Updated link B2->B5 with trust 0.500 (r=0, s=0)
[2025-08-12 20:13:31] [INFO] Processing trust store for B6...
[2025-08-12 20:13:31] [DEBUG]   - Updated link B4->B6 with trust 0.500 (r=0, s=0)
[2025-08-12 20:13:31] [DEBUG]   - Updated link B5->B6 with trust 0.500 (r=0, s=0)
[2025-08-12 20:13:31] [INFO] Processing trust store for B7...
[2025-08-12 20:13:31] [DEBUG]   - Updated link B6->B7 with trust 0.500 (r=0, s=0)
[2025-08-12 20:13:31] [INFO] Writing new authoritative network map to /home/dhruv/winshare/Neighbour_Signer_Model/mosquitto/plugins/payload-modification/network_map.txt...
[2025-08-12 20:13:31] [SUCCESS] Aggregation complete. Network map has been updated.
/home/dhruv/winshare/Neighbour_Signer_Model/mosquitto/plugins/payload-modification/aggregator.py:94: DeprecationWarning: datetime.datetime.utcnow() is deprecated and scheduled for removal in a future version. Use timezone-aware objects to represent datetimes in UTC: datetime.datetime.now(datetime.UTC).
  timestamp = datetime.utcnow().strftime("%Y-%m-%d %H:%M:%S UTC")
[2025-08-12 20:13:46] [INFO] Starting trust map aggregation process...
[2025-08-12 20:13:46] [DEBUG] Reading base topology from: /home/dhruv/winshare/Neighbour_Signer_Model/mosquitto/plugins/payload-modification/network_map.txt
[2025-08-12 20:13:46] [INFO] Loaded base topology with 6 source brokers.
[2025-08-12 20:13:46] [INFO] Processing trust store for B0...
[2025-08-12 20:13:46] [INFO] Processing trust store for B1...
[2025-08-12 20:13:46] [DEBUG]   - Updated link B0->B1 with trust 0.500 (r=0, s=0)
[2025-08-12 20:13:46] [INFO] Processing trust store for B2...
[2025-08-12 20:13:46] [DEBUG]   - Updated link B0->B2 with trust 0.500 (r=0, s=0)
[2025-08-12 20:13:46] [INFO] Processing trust store for B3...
[2025-08-12 20:13:46] [DEBUG]   - Updated link B1->B3 with trust 0.500 (r=0, s=0)
[2025-08-12 20:13:46] [INFO] Processing trust store for B4...
[2025-08-12 20:13:46] [DEBUG]   - Updated link B1->B4 with trust 0.491 (r=106, s=110)
[2025-08-12 20:13:46] [DEBUG]   - Updated link B2->B4 with trust 0.491 (r=106, s=110)
[2025-08-12 20:13:46] [INFO] Processing trust store for B5...
[2025-08-12 20:13:46] [DEBUG]   - Updated link B2->B5 with trust 0.500 (r=0, s=0)
[2025-08-12 20:13:46] [INFO] Processing trust store for B6...
[2025-08-12 20:13:46] [DEBUG]   - Updated link B4->B6 with trust 0.500 (r=0, s=0)
[2025-08-12 20:13:46] [DEBUG]   - Updated link B5->B6 with trust 0.500 (r=0, s=0)
[2025-08-12 20:13:46] [INFO] Processing trust store for B7...
[2025-08-12 20:13:46] [DEBUG]   - Updated link B6->B7 with trust 0.500 (r=0, s=0)
[2025-08-12 20:13:46] [INFO] Writing new authoritative network map to /home/dhruv/winshare/Neighbour_Signer_Model/mosquitto/plugins/payload-modification/network_map.txt...
[2025-08-12 20:13:46] [SUCCESS] Aggregation complete. Network map has been updated.
/home/dhruv/winshare/Neighbour_Signer_Model/mosquitto/plugins/payload-modification/aggregator.py:94: DeprecationWarning: datetime.datetime.utcnow() is deprecated and scheduled for removal in a future version. Use timezone-aware objects to represent datetimes in UTC: datetime.datetime.now(datetime.UTC).
  timestamp = datetime.utcnow().strftime("%Y-%m-%d %H:%M:%S UTC")
[2025-08-12 20:14:01] [INFO] Starting trust map aggregation process...
[2025-08-12 20:14:01] [DEBUG] Reading base topology from: /home/dhruv/winshare/Neighbour_Signer_Model/mosquitto/plugins/payload-modification/network_map.txt
[2025-08-12 20:14:01] [INFO] Loaded base topology with 6 source brokers.
[2025-08-12 20:14:01] [INFO] Processing trust store for B0...
[2025-08-12 20:14:01] [INFO] Processing trust store for B1...
[2025-08-12 20:14:01] [DEBUG]   - Updated link B0->B1 with trust 0.500 (r=0, s=0)
[2025-08-12 20:14:01] [INFO] Processing trust store for B2...
[2025-08-12 20:14:01] [DEBUG]   - Updated link B0->B2 with trust 0.500 (r=0, s=0)
[2025-08-12 20:14:01] [INFO] Processing trust store for B3...
[2025-08-12 20:14:01] [DEBUG]   - Updated link B1->B3 with trust 0.500 (r=0, s=0)
[2025-08-12 20:14:01] [INFO] Processing trust store for B4...
[2025-08-12 20:14:01] [DEBUG]   - Updated link B1->B4 with trust 0.491 (r=106, s=110)
[2025-08-12 20:14:01] [DEBUG]   - Updated link B2->B4 with trust 0.491 (r=106, s=110)
[2025-08-12 20:14:01] [INFO] Processing trust store for B5...
[2025-08-12 20:14:01] [DEBUG]   - Updated link B2->B5 with trust 0.500 (r=0, s=0)
[2025-08-12 20:14:01] [INFO] Processing trust store for B6...
[2025-08-12 20:14:01] [DEBUG]   - Updated link B4->B6 with trust 0.500 (r=0, s=0)
[2025-08-12 20:14:01] [DEBUG]   - Updated link B5->B6 with trust 0.500 (r=0, s=0)
[2025-08-12 20:14:01] [INFO] Processing trust store for B7...
[2025-08-12 20:14:01] [DEBUG]   - Updated link B6->B7 with trust 0.500 (r=0, s=0)
[2025-08-12 20:14:01] [INFO] Writing new authoritative network map to /home/dhruv/winshare/Neighbour_Signer_Model/mosquitto/plugins/payload-modification/network_map.txt...
[2025-08-12 20:14:01] [SUCCESS] Aggregation complete. Network map has been updated.
/home/dhruv/winshare/Neighbour_Signer_Model/mosquitto/plugins/payload-modification/aggregator.py:94: DeprecationWarning: datetime.datetime.utcnow() is deprecated and scheduled for removal in a future version. Use timezone-aware objects to represent datetimes in UTC: datetime.datetime.now(datetime.UTC).
  timestamp = datetime.utcnow().strftime("%Y-%m-%d %H:%M:%S UTC")
[2025-08-12 20:14:16] [INFO] Starting trust map aggregation process...
[2025-08-12 20:14:16] [DEBUG] Reading base topology from: /home/dhruv/winshare/Neighbour_Signer_Model/mosquitto/plugins/payload-modification/network_map.txt
[2025-08-12 20:14:16] [INFO] Loaded base topology with 6 source brokers.
[2025-08-12 20:14:16] [INFO] Processing trust store for B0...
[2025-08-12 20:14:16] [INFO] Processing trust store for B1...
[2025-08-12 20:14:16] [DEBUG]   - Updated link B0->B1 with trust 0.500 (r=0, s=0)
[2025-08-12 20:14:16] [INFO] Processing trust store for B2...
[2025-08-12 20:14:16] [DEBUG]   - Updated link B0->B2 with trust 0.500 (r=0, s=0)
[2025-08-12 20:14:16] [INFO] Processing trust store for B3...
[2025-08-12 20:14:16] [DEBUG]   - Updated link B1->B3 with trust 0.500 (r=0, s=0)
[2025-08-12 20:14:16] [INFO] Processing trust store for B4...
[2025-08-12 20:14:16] [DEBUG]   - Updated link B1->B4 with trust 0.491 (r=106, s=110)
[2025-08-12 20:14:16] [DEBUG]   - Updated link B2->B4 with trust 0.491 (r=106, s=110)
[2025-08-12 20:14:16] [INFO] Processing trust store for B5...
[2025-08-12 20:14:16] [DEBUG]   - Updated link B2->B5 with trust 0.500 (r=0, s=0)
[2025-08-12 20:14:16] [INFO] Processing trust store for B6...
[2025-08-12 20:14:16] [DEBUG]   - Updated link B4->B6 with trust 0.500 (r=0, s=0)
[2025-08-12 20:14:16] [DEBUG]   - Updated link B5->B6 with trust 0.500 (r=0, s=0)
[2025-08-12 20:14:16] [INFO] Processing trust store for B7...
[2025-08-12 20:14:16] [DEBUG]   - Updated link B6->B7 with trust 0.500 (r=0, s=0)
[2025-08-12 20:14:16] [INFO] Writing new authoritative network map to /home/dhruv/winshare/Neighbour_Signer_Model/mosquitto/plugins/payload-modification/network_map.txt...
[2025-08-12 20:14:16] [SUCCESS] Aggregation complete. Network map has been updated.
/home/dhruv/winshare/Neighbour_Signer_Model/mosquitto/plugins/payload-modification/aggregator.py:94: DeprecationWarning: datetime.datetime.utcnow() is deprecated and scheduled for removal in a future version. Use timezone-aware objects to represent datetimes in UTC: datetime.datetime.now(datetime.UTC).
  timestamp = datetime.utcnow().strftime("%Y-%m-%d %H:%M:%S UTC")
[2025-08-12 20:14:32] [INFO] Starting trust map aggregation process...
[2025-08-12 20:14:32] [DEBUG] Reading base topology from: /home/dhruv/winshare/Neighbour_Signer_Model/mosquitto/plugins/payload-modification/network_map.txt
[2025-08-12 20:14:32] [INFO] Loaded base topology with 6 source brokers.
[2025-08-12 20:14:32] [INFO] Processing trust store for B0...
[2025-08-12 20:14:32] [INFO] Processing trust store for B1...
[2025-08-12 20:14:32] [DEBUG]   - Updated link B0->B1 with trust 0.500 (r=0, s=0)
[2025-08-12 20:14:32] [INFO] Processing trust store for B2...
[2025-08-12 20:14:32] [DEBUG]   - Updated link B0->B2 with trust 0.500 (r=0, s=0)
[2025-08-12 20:14:32] [INFO] Processing trust store for B3...
[2025-08-12 20:14:32] [DEBUG]   - Updated link B1->B3 with trust 0.500 (r=0, s=0)
[2025-08-12 20:14:32] [INFO] Processing trust store for B4...
[2025-08-12 20:14:32] [DEBUG]   - Updated link B1->B4 with trust 0.491 (r=106, s=110)
[2025-08-12 20:14:32] [DEBUG]   - Updated link B2->B4 with trust 0.491 (r=106, s=110)
[2025-08-12 20:14:32] [INFO] Processing trust store for B5...
[2025-08-12 20:14:32] [DEBUG]   - Updated link B2->B5 with trust 0.500 (r=0, s=0)
[2025-08-12 20:14:32] [INFO] Processing trust store for B6...
[2025-08-12 20:14:32] [DEBUG]   - Updated link B4->B6 with trust 0.500 (r=0, s=0)
[2025-08-12 20:14:32] [DEBUG]   - Updated link B5->B6 with trust 0.500 (r=0, s=0)
[2025-08-12 20:14:32] [INFO] Processing trust store for B7...
[2025-08-12 20:14:32] [DEBUG]   - Updated link B6->B7 with trust 0.500 (r=0, s=0)
[2025-08-12 20:14:32] [INFO] Writing new authoritative network map to /home/dhruv/winshare/Neighbour_Signer_Model/mosquitto/plugins/payload-modification/network_map.txt...
[2025-08-12 20:14:32] [SUCCESS] Aggregation complete. Network map has been updated.
/home/dhruv/winshare/Neighbour_Signer_Model/mosquitto/plugins/payload-modification/aggregator.py:94: DeprecationWarning: datetime.datetime.utcnow() is deprecated and scheduled for removal in a future version. Use timezone-aware objects to represent datetimes in UTC: datetime.datetime.now(datetime.UTC).
  timestamp = datetime.utcnow().strftime("%Y-%m-%d %H:%M:%S UTC")
[2025-08-12 20:14:47] [INFO] Starting trust map aggregation process...
[2025-08-12 20:14:47] [DEBUG] Reading base topology from: /home/dhruv/winshare/Neighbour_Signer_Model/mosquitto/plugins/payload-modification/network_map.txt
[2025-08-12 20:14:47] [INFO] Loaded base topology with 6 source brokers.
[2025-08-12 20:14:47] [INFO] Processing trust store for B0...
[2025-08-12 20:14:47] [INFO] Processing trust store for B1...
[2025-08-12 20:14:47] [DEBUG]   - Updated link B0->B1 with trust 0.500 (r=0, s=0)
[2025-08-12 20:14:47] [INFO] Processing trust store for B2...
[2025-08-12 20:14:47] [DEBUG]   - Updated link B0->B2 with trust 0.500 (r=0, s=0)
[2025-08-12 20:14:47] [INFO] Processing trust store for B3...
[2025-08-12 20:14:47] [DEBUG]   - Updated link B1->B3 with trust 0.500 (r=0, s=0)
[2025-08-12 20:14:47] [INFO] Processing trust store for B4...
[2025-08-12 20:14:47] [DEBUG]   - Updated link B1->B4 with trust 0.491 (r=106, s=110)
[2025-08-12 20:14:47] [DEBUG]   - Updated link B2->B4 with trust 0.491 (r=106, s=110)
[2025-08-12 20:14:47] [INFO] Processing trust store for B5...
[2025-08-12 20:14:47] [DEBUG]   - Updated link B2->B5 with trust 0.500 (r=0, s=0)
[2025-08-12 20:14:47] [INFO] Processing trust store for B6...
[2025-08-12 20:14:47] [DEBUG]   - Updated link B4->B6 with trust 0.500 (r=0, s=0)
[2025-08-12 20:14:47] [DEBUG]   - Updated link B5->B6 with trust 0.500 (r=0, s=0)
[2025-08-12 20:14:47] [INFO] Processing trust store for B7...
[2025-08-12 20:14:47] [DEBUG]   - Updated link B6->B7 with trust 0.500 (r=0, s=0)
[2025-08-12 20:14:47] [INFO] Writing new authoritative network map to /home/dhruv/winshare/Neighbour_Signer_Model/mosquitto/plugins/payload-modification/network_map.txt...
[2025-08-12 20:14:47] [SUCCESS] Aggregation complete. Network map has been updated.
/home/dhruv/winshare/Neighbour_Signer_Model/mosquitto/plugins/payload-modification/aggregator.py:94: DeprecationWarning: datetime.datetime.utcnow() is deprecated and scheduled for removal in a future version. Use timezone-aware objects to represent datetimes in UTC: datetime.datetime.now(datetime.UTC).
  timestamp = datetime.utcnow().strftime("%Y-%m-%d %H:%M:%S UTC")
[2025-08-12 20:15:02] [INFO] Starting trust map aggregation process...
[2025-08-12 20:15:02] [DEBUG] Reading base topology from: /home/dhruv/winshare/Neighbour_Signer_Model/mosquitto/plugins/payload-modification/network_map.txt
[2025-08-12 20:15:02] [INFO] Loaded base topology with 6 source brokers.
[2025-08-12 20:15:02] [INFO] Processing trust store for B0...
[2025-08-12 20:15:02] [INFO] Processing trust store for B1...
[2025-08-12 20:15:02] [DEBUG]   - Updated link B0->B1 with trust 0.500 (r=0, s=0)
[2025-08-12 20:15:02] [INFO] Processing trust store for B2...
[2025-08-12 20:15:02] [DEBUG]   - Updated link B0->B2 with trust 0.500 (r=0, s=0)
[2025-08-12 20:15:02] [INFO] Processing trust store for B3...
[2025-08-12 20:15:02] [DEBUG]   - Updated link B1->B3 with trust 0.500 (r=0, s=0)
[2025-08-12 20:15:02] [INFO] Processing trust store for B4...
[2025-08-12 20:15:02] [DEBUG]   - Updated link B1->B4 with trust 0.491 (r=106, s=110)
[2025-08-12 20:15:02] [DEBUG]   - Updated link B2->B4 with trust 0.491 (r=106, s=110)
[2025-08-12 20:15:02] [INFO] Processing trust store for B5...
[2025-08-12 20:15:02] [DEBUG]   - Updated link B2->B5 with trust 0.500 (r=0, s=0)
[2025-08-12 20:15:02] [INFO] Processing trust store for B6...
[2025-08-12 20:15:02] [DEBUG]   - Updated link B4->B6 with trust 0.500 (r=0, s=0)
[2025-08-12 20:15:02] [DEBUG]   - Updated link B5->B6 with trust 0.500 (r=0, s=0)
[2025-08-12 20:15:02] [INFO] Processing trust store for B7...
[2025-08-12 20:15:02] [DEBUG]   - Updated link B6->B7 with trust 0.500 (r=0, s=0)
[2025-08-12 20:15:02] [INFO] Writing new authoritative network map to /home/dhruv/winshare/Neighbour_Signer_Model/mosquitto/plugins/payload-modification/network_map.txt...
[2025-08-12 20:15:02] [SUCCESS] Aggregation complete. Network map has been updated.
/home/dhruv/winshare/Neighbour_Signer_Model/mosquitto/plugins/payload-modification/aggregator.py:94: DeprecationWarning: datetime.datetime.utcnow() is deprecated and scheduled for removal in a future version. Use timezone-aware objects to represent datetimes in UTC: datetime.datetime.now(datetime.UTC).
  timestamp = datetime.utcnow().strftime("%Y-%m-%d %H:%M:%S UTC")
[2025-08-12 20:15:17] [INFO] Starting trust map aggregation process...
[2025-08-12 20:15:17] [DEBUG] Reading base topology from: /home/dhruv/winshare/Neighbour_Signer_Model/mosquitto/plugins/payload-modification/network_map.txt
[2025-08-12 20:15:17] [INFO] Loaded base topology with 6 source brokers.
[2025-08-12 20:15:17] [INFO] Processing trust store for B0...
[2025-08-12 20:15:17] [INFO] Processing trust store for B1...
[2025-08-12 20:15:17] [DEBUG]   - Updated link B0->B1 with trust 0.500 (r=0, s=0)
[2025-08-12 20:15:17] [INFO] Processing trust store for B2...
[2025-08-12 20:15:17] [DEBUG]   - Updated link B0->B2 with trust 0.500 (r=0, s=0)
[2025-08-12 20:15:17] [INFO] Processing trust store for B3...
[2025-08-12 20:15:17] [DEBUG]   - Updated link B1->B3 with trust 0.500 (r=0, s=0)
[2025-08-12 20:15:17] [INFO] Processing trust store for B4...
[2025-08-12 20:15:17] [DEBUG]   - Updated link B1->B4 with trust 0.491 (r=106, s=110)
[2025-08-12 20:15:17] [DEBUG]   - Updated link B2->B4 with trust 0.491 (r=106, s=110)
[2025-08-12 20:15:17] [INFO] Processing trust store for B5...
[2025-08-12 20:15:17] [DEBUG]   - Updated link B2->B5 with trust 0.500 (r=0, s=0)
[2025-08-12 20:15:17] [INFO] Processing trust store for B6...
[2025-08-12 20:15:17] [DEBUG]   - Updated link B4->B6 with trust 0.500 (r=0, s=0)
[2025-08-12 20:15:17] [DEBUG]   - Updated link B5->B6 with trust 0.500 (r=0, s=0)
[2025-08-12 20:15:17] [INFO] Processing trust store for B7...
[2025-08-12 20:15:17] [DEBUG]   - Updated link B6->B7 with trust 0.500 (r=0, s=0)
[2025-08-12 20:15:17] [INFO] Writing new authoritative network map to /home/dhruv/winshare/Neighbour_Signer_Model/mosquitto/plugins/payload-modification/network_map.txt...
[2025-08-12 20:15:17] [SUCCESS] Aggregation complete. Network map has been updated.
/home/dhruv/winshare/Neighbour_Signer_Model/mosquitto/plugins/payload-modification/aggregator.py:94: DeprecationWarning: datetime.datetime.utcnow() is deprecated and scheduled for removal in a future version. Use timezone-aware objects to represent datetimes in UTC: datetime.datetime.now(datetime.UTC).
  timestamp = datetime.utcnow().strftime("%Y-%m-%d %H:%M:%S UTC")
[2025-08-12 20:15:32] [INFO] Starting trust map aggregation process...
[2025-08-12 20:15:32] [DEBUG] Reading base topology from: /home/dhruv/winshare/Neighbour_Signer_Model/mosquitto/plugins/payload-modification/network_map.txt
[2025-08-12 20:15:32] [INFO] Loaded base topology with 6 source brokers.
[2025-08-12 20:15:32] [INFO] Processing trust store for B0...
[2025-08-12 20:15:32] [INFO] Processing trust store for B1...
[2025-08-12 20:15:32] [DEBUG]   - Updated link B0->B1 with trust 0.500 (r=0, s=0)
[2025-08-12 20:15:32] [INFO] Processing trust store for B2...
[2025-08-12 20:15:32] [DEBUG]   - Updated link B0->B2 with trust 0.500 (r=0, s=0)
[2025-08-12 20:15:32] [INFO] Processing trust store for B3...
[2025-08-12 20:15:32] [DEBUG]   - Updated link B1->B3 with trust 0.500 (r=0, s=0)
[2025-08-12 20:15:32] [INFO] Processing trust store for B4...
[2025-08-12 20:15:32] [DEBUG]   - Updated link B1->B4 with trust 0.491 (r=106, s=110)
[2025-08-12 20:15:32] [DEBUG]   - Updated link B2->B4 with trust 0.491 (r=106, s=110)
[2025-08-12 20:15:32] [INFO] Processing trust store for B5...
[2025-08-12 20:15:32] [DEBUG]   - Updated link B2->B5 with trust 0.500 (r=0, s=0)
[2025-08-12 20:15:32] [INFO] Processing trust store for B6...
[2025-08-12 20:15:32] [DEBUG]   - Updated link B4->B6 with trust 0.500 (r=0, s=0)
[2025-08-12 20:15:32] [DEBUG]   - Updated link B5->B6 with trust 0.500 (r=0, s=0)
[2025-08-12 20:15:32] [INFO] Processing trust store for B7...
[2025-08-12 20:15:32] [DEBUG]   - Updated link B6->B7 with trust 0.500 (r=0, s=0)
[2025-08-12 20:15:32] [INFO] Writing new authoritative network map to /home/dhruv/winshare/Neighbour_Signer_Model/mosquitto/plugins/payload-modification/network_map.txt...
[2025-08-12 20:15:32] [SUCCESS] Aggregation complete. Network map has been updated.
/home/dhruv/winshare/Neighbour_Signer_Model/mosquitto/plugins/payload-modification/aggregator.py:94: DeprecationWarning: datetime.datetime.utcnow() is deprecated and scheduled for removal in a future version. Use timezone-aware objects to represent datetimes in UTC: datetime.datetime.now(datetime.UTC).
  timestamp = datetime.utcnow().strftime("%Y-%m-%d %H:%M:%S UTC")
[2025-08-12 20:15:47] [INFO] Starting trust map aggregation process...
[2025-08-12 20:15:47] [DEBUG] Reading base topology from: /home/dhruv/winshare/Neighbour_Signer_Model/mosquitto/plugins/payload-modification/network_map.txt
[2025-08-12 20:15:47] [INFO] Loaded base topology with 6 source brokers.
[2025-08-12 20:15:47] [INFO] Processing trust store for B0...
[2025-08-12 20:15:47] [INFO] Processing trust store for B1...
[2025-08-12 20:15:47] [DEBUG]   - Updated link B0->B1 with trust 0.500 (r=0, s=0)
[2025-08-12 20:15:47] [INFO] Processing trust store for B2...
[2025-08-12 20:15:47] [DEBUG]   - Updated link B0->B2 with trust 0.500 (r=0, s=0)
[2025-08-12 20:15:47] [INFO] Processing trust store for B3...
[2025-08-12 20:15:47] [DEBUG]   - Updated link B1->B3 with trust 0.500 (r=0, s=0)
[2025-08-12 20:15:47] [INFO] Processing trust store for B4...
[2025-08-12 20:15:47] [DEBUG]   - Updated link B1->B4 with trust 0.491 (r=106, s=110)
[2025-08-12 20:15:47] [DEBUG]   - Updated link B2->B4 with trust 0.491 (r=106, s=110)
[2025-08-12 20:15:47] [INFO] Processing trust store for B5...
[2025-08-12 20:15:47] [DEBUG]   - Updated link B2->B5 with trust 0.500 (r=0, s=0)
[2025-08-12 20:15:47] [INFO] Processing trust store for B6...
[2025-08-12 20:15:47] [DEBUG]   - Updated link B4->B6 with trust 0.500 (r=0, s=0)
[2025-08-12 20:15:47] [DEBUG]   - Updated link B5->B6 with trust 0.500 (r=0, s=0)
[2025-08-12 20:15:47] [INFO] Processing trust store for B7...
[2025-08-12 20:15:47] [DEBUG]   - Updated link B6->B7 with trust 0.500 (r=0, s=0)
[2025-08-12 20:15:47] [INFO] Writing new authoritative network map to /home/dhruv/winshare/Neighbour_Signer_Model/mosquitto/plugins/payload-modification/network_map.txt...
[2025-08-12 20:15:47] [SUCCESS] Aggregation complete. Network map has been updated.
/home/dhruv/winshare/Neighbour_Signer_Model/mosquitto/plugins/payload-modification/aggregator.py:94: DeprecationWarning: datetime.datetime.utcnow() is deprecated and scheduled for removal in a future version. Use timezone-aware objects to represent datetimes in UTC: datetime.datetime.now(datetime.UTC).
  timestamp = datetime.utcnow().strftime("%Y-%m-%d %H:%M:%S UTC")
[2025-08-12 20:16:02] [INFO] Starting trust map aggregation process...
[2025-08-12 20:16:02] [DEBUG] Reading base topology from: /home/dhruv/winshare/Neighbour_Signer_Model/mosquitto/plugins/payload-modification/network_map.txt
[2025-08-12 20:16:02] [INFO] Loaded base topology with 6 source brokers.
[2025-08-12 20:16:02] [INFO] Processing trust store for B0...
[2025-08-12 20:16:02] [INFO] Processing trust store for B1...
[2025-08-12 20:16:02] [DEBUG]   - Updated link B0->B1 with trust 0.500 (r=0, s=0)
[2025-08-12 20:16:02] [INFO] Processing trust store for B2...
[2025-08-12 20:16:02] [DEBUG]   - Updated link B0->B2 with trust 0.500 (r=0, s=0)
[2025-08-12 20:16:02] [INFO] Processing trust store for B3...
[2025-08-12 20:16:02] [DEBUG]   - Updated link B1->B3 with trust 0.500 (r=0, s=0)
[2025-08-12 20:16:02] [INFO] Processing trust store for B4...
[2025-08-12 20:16:02] [DEBUG]   - Updated link B1->B4 with trust 0.491 (r=106, s=110)
[2025-08-12 20:16:02] [DEBUG]   - Updated link B2->B4 with trust 0.491 (r=106, s=110)
[2025-08-12 20:16:02] [INFO] Processing trust store for B5...
[2025-08-12 20:16:02] [DEBUG]   - Updated link B2->B5 with trust 0.500 (r=0, s=0)
[2025-08-12 20:16:02] [INFO] Processing trust store for B6...
[2025-08-12 20:16:02] [DEBUG]   - Updated link B4->B6 with trust 0.500 (r=0, s=0)
[2025-08-12 20:16:02] [DEBUG]   - Updated link B5->B6 with trust 0.500 (r=0, s=0)
[2025-08-12 20:16:02] [INFO] Processing trust store for B7...
[2025-08-12 20:16:02] [DEBUG]   - Updated link B6->B7 with trust 0.500 (r=0, s=0)
[2025-08-12 20:16:02] [INFO] Writing new authoritative network map to /home/dhruv/winshare/Neighbour_Signer_Model/mosquitto/plugins/payload-modification/network_map.txt...
[2025-08-12 20:16:02] [SUCCESS] Aggregation complete. Network map has been updated.
