1755023612: Warning: File /home/dhruv/winshare/Neighbour_Signer_Model/mosquitto/logs/broker4.log has world readable permissions. Future versions will refuse to load this file.
To fix this, use `chmod 0700 /home/dhruv/winshare/Neighbour_Signer_Model/mosquitto/logs/broker4.log`.
1755023612: Warning: File /home/dhruv/winshare/Neighbour_Signer_Model/mosquitto/logs/broker4.log owner is not dhruv. Future versions will refuse to load this file.To fix this, use `chown dhruv /home/dhruv/winshare/Neighbour_Signer_Model/mosquitto/logs/broker4.log`.
1755023612: Warning: File /home/dhruv/winshare/Neighbour_Signer_Model/mosquitto/logs/broker4.log group is not dhruv. Future versions will refuse to load this file.
1755023612: mosquitto version 2.0.21 starting
1755023612: Config loaded from /home/dhruv/winshare/Neighbour_Signer_Model/mosquitto/brokers/broker4.conf.
1755023612: Loading plugin: /home/dhruv/winshare/Neighbour_Signer_Model/mosquitto/plugins/payload-modification/mosquitto_payload_modification.so
1755023612: [PLUGIN][B4] --- Trust-based plugin initializing (V4.1 - Standalone Mode w/Logs) ---
1755023612: [PLUGIN][B4] [INIT] ✅ Plugin initialization complete.
1755023612: Opening ipv4 listen socket on port 1887.
1755023612: Opening ipv6 listen socket on port 1887.
1755023612: Bridge local.dhruvubuntu.b4_to_b6 doing local SUBSCRIBE on topic #
1755023612: Connecting bridge b4_to_b6 (127.0.0.1:1889)
1755023612: Bridge dhruvubuntu.b4_to_b6 sending CONNECT
1755023612: mosquitto version 2.0.21 running
1755023613: Client local.dhruvubuntu.b4_to_b6 closed its connection.
1755023613: [PLUGIN][B4] [REFRESH] Periodic map refresh triggered.
1755023615: New connection from 127.0.0.1:50078 on port 1887.
1755023615: New client connected from 127.0.0.1:50078 as interactive-subscriberB4 (p2, c1, k60).
1755023615: No will message specified.
1755023615: Sending CONNACK to interactive-subscriberB4 (0, 0)
1755023615: Received SUBSCRIBE from interactive-subscriberB4
1755023615: 	+/+ (QoS 1)
1755023615: interactive-subscriberB4 1 +/+
1755023615: Sending SUBACK to interactive-subscriberB4
1755023618: New connection from 127.0.0.1:50094 on port 1887.
1755023618: New bridge connected from 127.0.0.1:50094 as dhruvubuntu.b2_to_b4 (p2, c0, k60).
1755023618: Will message specified (1 bytes) (r1, q1).
1755023618: 	$SYS/broker/connection/dhruvubuntu.b2_to_b4/state
1755023618: Sending CONNACK to dhruvubuntu.b2_to_b4 (0, 0)
1755023618: Received PUBLISH from dhruvubuntu.b2_to_b4 (d0, q1, r1, m1, '$SYS/broker/connection/dhruvubuntu.b2_to_b4/state', ... (1 bytes))
1755023618: Sending PUBACK to dhruvubuntu.b2_to_b4 (m1, rc0)
1755023618: Received UNSUBSCRIBE from dhruvubuntu.b2_to_b4
1755023618: 	#
1755023618: dhruvubuntu.b2_to_b4 #
1755023618: Sending UNSUBACK to dhruvubuntu.b2_to_b4
1755023620: New connection from 127.0.0.1:58106 on port 1887.
1755023620: New bridge connected from 127.0.0.1:58106 as dhruvubuntu.b1_to_b4 (p2, c0, k60).
1755023620: Will message specified (1 bytes) (r1, q1).
1755023620: 	$SYS/broker/connection/dhruvubuntu.b1_to_b4/state
1755023620: Sending CONNACK to dhruvubuntu.b1_to_b4 (0, 0)
1755023620: Received PUBLISH from dhruvubuntu.b1_to_b4 (d0, q1, r1, m1, '$SYS/broker/connection/dhruvubuntu.b1_to_b4/state', ... (1 bytes))
1755023620: Sending PUBACK to dhruvubuntu.b1_to_b4 (m1, rc0)
1755023620: Received UNSUBSCRIBE from dhruvubuntu.b1_to_b4
1755023620: 	#
1755023620: dhruvubuntu.b1_to_b4 #
1755023620: Sending UNSUBACK to dhruvubuntu.b1_to_b4
1755023621: Received PUBLISH from dhruvubuntu.b2_to_b4 (d0, q0, r0, m0, 'groundfloor/kitchen', ... (195 bytes))
1755023621: [PLUGIN][B4] [TRUST] Evaluating message with signers: [ B0 B2 ]
1755023621: [PLUGIN][B4] [TRUST] Evaluating message based on last signer only.
1755023621: [PLUGIN][B4] [TRUST] Looking up direct trust from 'B2' to 'B4'
1755023621: [PLUGIN][B4] [TRUST] Found link from 'B2'. r=2, s=0. Direct trust is 0.750
1755023621: [PLUGIN][B4] [TRUST] ✅ Last signer 'B2' is trusted (0.750 >= 0.500). Accepting message.
1755023621: Sending PUBLISH to interactive-subscriberB4 (d0, q0, r0, m0, 'groundfloor/kitchen', ... (200 bytes))
1755023621: Received PUBLISH from dhruvubuntu.b1_to_b4 (d0, q0, r0, m0, 'groundfloor/kitchen', ... (195 bytes))
1755023621: [PLUGIN][B4] [TRUST] Evaluating message with signers: [ B0 B1 ]
1755023621: [PLUGIN][B4] [TRUST] Evaluating message based on last signer only.
1755023621: [PLUGIN][B4] [TRUST] Looking up direct trust from 'B1' to 'B4'
1755023621: [PLUGIN][B4] [TRUST] Found link from 'B1'. r=2, s=0. Direct trust is 0.750
1755023621: [PLUGIN][B4] [TRUST] ✅ Last signer 'B1' is trusted (0.750 >= 0.500). Accepting message.
1755023621: Sending PUBLISH to interactive-subscriberB4 (d0, q0, r0, m0, 'groundfloor/kitchen', ... (200 bytes))
1755023621: Received PUBLISH from interactive-subscriberB4 (d0, q0, r0, m0, 'internal/feedback', ... (51 bytes))
1755023621: [PLUGIN][B4] [TRUST] Feedback for link B2->B4. New counts: r=3, s=0. Link trust now 0.800
1755023621: Received PUBLISH from interactive-subscriberB4 (d0, q0, r0, m0, 'internal/feedback', ... (51 bytes))
1755023621: [PLUGIN][B4] [TRUST] Feedback for link B1->B4. New counts: r=3, s=0. Link trust now 0.800
1755023623: [PLUGIN][B4] [REFRESH] Periodic map refresh triggered.
1755023623: Bridge local.dhruvubuntu.b4_to_b6 doing local SUBSCRIBE on topic #
1755023623: Connecting bridge b4_to_b6 (127.0.0.1:1889)
1755023623: Bridge dhruvubuntu.b4_to_b6 sending CONNECT
1755023623: Received CONNACK on connection local.dhruvubuntu.b4_to_b6.
1755023623: Bridge local.dhruvubuntu.b4_to_b6 sending UNSUBSCRIBE (Mid: 2, Topic: #)
1755023623: Received PUBACK from local.dhruvubuntu.b4_to_b6 (Mid: 1, RC:0)
1755023623: Received UNSUBACK from local.dhruvubuntu.b4_to_b6
1755023632: Received PUBLISH from dhruvubuntu.b2_to_b4 (d0, q0, r0, m0, 'groundfloor/kitchen', ... (195 bytes))
1755023632: [PLUGIN][B4] [TRUST] Evaluating message with signers: [ B0 B2 ]
1755023632: [PLUGIN][B4] [TRUST] Evaluating message based on last signer only.
1755023632: [PLUGIN][B4] [TRUST] Looking up direct trust from 'B2' to 'B4'
1755023632: [PLUGIN][B4] [TRUST] Found link from 'B2'. r=3, s=0. Direct trust is 0.800
1755023632: [PLUGIN][B4] [TRUST] ✅ Last signer 'B2' is trusted (0.800 >= 0.500). Accepting message.
1755023632: Sending PUBLISH to interactive-subscriberB4 (d0, q0, r0, m0, 'groundfloor/kitchen', ... (200 bytes))
1755023632: Sending PUBLISH to local.dhruvubuntu.b4_to_b6 (d0, q0, r0, m0, 'groundfloor/kitchen', ... (200 bytes))
1755023632: Received PUBLISH from dhruvubuntu.b1_to_b4 (d0, q0, r0, m0, 'groundfloor/kitchen', ... (195 bytes))
1755023632: [PLUGIN][B4] [TRUST] Evaluating message with signers: [ B0 B1 ]
1755023632: [PLUGIN][B4] [TRUST] Evaluating message based on last signer only.
1755023632: [PLUGIN][B4] [TRUST] Looking up direct trust from 'B1' to 'B4'
1755023632: [PLUGIN][B4] [TRUST] Found link from 'B1'. r=3, s=0. Direct trust is 0.800
1755023632: [PLUGIN][B4] [TRUST] ✅ Last signer 'B1' is trusted (0.800 >= 0.500). Accepting message.
1755023632: Sending PUBLISH to interactive-subscriberB4 (d0, q0, r0, m0, 'groundfloor/kitchen', ... (200 bytes))
1755023632: Sending PUBLISH to local.dhruvubuntu.b4_to_b6 (d0, q0, r0, m0, 'groundfloor/kitchen', ... (200 bytes))
1755023632: Received PUBLISH from interactive-subscriberB4 (d0, q0, r0, m0, 'internal/feedback', ... (51 bytes))
1755023632: [PLUGIN][B4] [TRUST] Feedback for link B2->B4. New counts: r=4, s=0. Link trust now 0.833
1755023632: Sending PUBLISH to local.dhruvubuntu.b4_to_b6 (d0, q0, r0, m0, 'internal/feedback/processed', ... (51 bytes))
1755023632: Received PUBLISH from interactive-subscriberB4 (d0, q0, r0, m0, 'internal/feedback', ... (51 bytes))
1755023632: [PLUGIN][B4] [TRUST] Feedback for link B1->B4. New counts: r=4, s=0. Link trust now 0.833
1755023632: Sending PUBLISH to local.dhruvubuntu.b4_to_b6 (d0, q0, r0, m0, 'internal/feedback/processed', ... (51 bytes))
1755023633: [PLUGIN][B4] [REFRESH] Periodic map refresh triggered.
1755023643: [PLUGIN][B4] [REFRESH] Periodic map refresh triggered.
1755023643: Received PUBLISH from dhruvubuntu.b2_to_b4 (d0, q0, r0, m0, 'groundfloor/kitchen', ... (195 bytes))
1755023643: [PLUGIN][B4] [TRUST] Evaluating message with signers: [ B0 B2 ]
1755023643: [PLUGIN][B4] [TRUST] Evaluating message based on last signer only.
1755023643: [PLUGIN][B4] [TRUST] Looking up direct trust from 'B2' to 'B4'
1755023643: [PLUGIN][B4] [TRUST] Found link from 'B2'. r=4, s=0. Direct trust is 0.833
1755023643: [PLUGIN][B4] [TRUST] ✅ Last signer 'B2' is trusted (0.833 >= 0.500). Accepting message.
1755023643: Sending PUBLISH to interactive-subscriberB4 (d0, q0, r0, m0, 'groundfloor/kitchen', ... (200 bytes))
1755023643: Sending PUBLISH to local.dhruvubuntu.b4_to_b6 (d0, q0, r0, m0, 'groundfloor/kitchen', ... (200 bytes))
1755023643: Received PUBLISH from dhruvubuntu.b1_to_b4 (d0, q0, r0, m0, 'groundfloor/kitchen', ... (195 bytes))
1755023643: [PLUGIN][B4] [TRUST] Evaluating message with signers: [ B0 B1 ]
1755023643: [PLUGIN][B4] [TRUST] Evaluating message based on last signer only.
1755023643: [PLUGIN][B4] [TRUST] Looking up direct trust from 'B1' to 'B4'
1755023643: [PLUGIN][B4] [TRUST] Found link from 'B1'. r=4, s=0. Direct trust is 0.833
1755023643: [PLUGIN][B4] [TRUST] ✅ Last signer 'B1' is trusted (0.833 >= 0.500). Accepting message.
1755023643: Sending PUBLISH to interactive-subscriberB4 (d0, q0, r0, m0, 'groundfloor/kitchen', ... (200 bytes))
1755023643: Sending PUBLISH to local.dhruvubuntu.b4_to_b6 (d0, q0, r0, m0, 'groundfloor/kitchen', ... (200 bytes))
1755023643: Received PUBLISH from interactive-subscriberB4 (d0, q0, r0, m0, 'internal/feedback', ... (51 bytes))
1755023643: [PLUGIN][B4] [TRUST] Feedback for link B2->B4. New counts: r=5, s=0. Link trust now 0.857
1755023643: Sending PUBLISH to local.dhruvubuntu.b4_to_b6 (d0, q0, r0, m0, 'internal/feedback/processed', ... (51 bytes))
1755023643: Received PUBLISH from interactive-subscriberB4 (d0, q0, r0, m0, 'internal/feedback', ... (51 bytes))
1755023643: [PLUGIN][B4] [TRUST] Feedback for link B1->B4. New counts: r=5, s=0. Link trust now 0.857
1755023643: Sending PUBLISH to local.dhruvubuntu.b4_to_b6 (d0, q0, r0, m0, 'internal/feedback/processed', ... (51 bytes))
1755023653: [PLUGIN][B4] [REFRESH] Periodic map refresh triggered.
1755023654: Received PUBLISH from dhruvubuntu.b2_to_b4 (d0, q0, r0, m0, 'groundfloor/kitchen', ... (195 bytes))
1755023654: [PLUGIN][B4] [TRUST] Evaluating message with signers: [ B0 B2 ]
1755023654: [PLUGIN][B4] [TRUST] Evaluating message based on last signer only.
1755023654: [PLUGIN][B4] [TRUST] Looking up direct trust from 'B2' to 'B4'
1755023654: [PLUGIN][B4] [TRUST] Found link from 'B2'. r=5, s=0. Direct trust is 0.857
1755023654: [PLUGIN][B4] [TRUST] ✅ Last signer 'B2' is trusted (0.857 >= 0.500). Accepting message.
1755023654: Sending PUBLISH to interactive-subscriberB4 (d0, q0, r0, m0, 'groundfloor/kitchen', ... (200 bytes))
1755023654: Sending PUBLISH to local.dhruvubuntu.b4_to_b6 (d0, q0, r0, m0, 'groundfloor/kitchen', ... (200 bytes))
1755023654: Received PUBLISH from dhruvubuntu.b1_to_b4 (d0, q0, r0, m0, 'groundfloor/kitchen', ... (195 bytes))
1755023654: [PLUGIN][B4] [TRUST] Evaluating message with signers: [ B0 B1 ]
1755023654: [PLUGIN][B4] [TRUST] Evaluating message based on last signer only.
1755023654: [PLUGIN][B4] [TRUST] Looking up direct trust from 'B1' to 'B4'
1755023654: [PLUGIN][B4] [TRUST] Found link from 'B1'. r=5, s=0. Direct trust is 0.857
1755023654: [PLUGIN][B4] [TRUST] ✅ Last signer 'B1' is trusted (0.857 >= 0.500). Accepting message.
1755023654: Sending PUBLISH to interactive-subscriberB4 (d0, q0, r0, m0, 'groundfloor/kitchen', ... (200 bytes))
1755023654: Sending PUBLISH to local.dhruvubuntu.b4_to_b6 (d0, q0, r0, m0, 'groundfloor/kitchen', ... (200 bytes))
1755023654: Received PUBLISH from interactive-subscriberB4 (d0, q0, r0, m0, 'internal/feedback', ... (51 bytes))
1755023654: [PLUGIN][B4] [TRUST] Feedback for link B2->B4. New counts: r=6, s=0. Link trust now 0.875
1755023654: Sending PUBLISH to local.dhruvubuntu.b4_to_b6 (d0, q0, r0, m0, 'internal/feedback/processed', ... (51 bytes))
1755023654: Received PUBLISH from interactive-subscriberB4 (d0, q0, r0, m0, 'internal/feedback', ... (51 bytes))
1755023654: [PLUGIN][B4] [TRUST] Feedback for link B1->B4. New counts: r=6, s=0. Link trust now 0.875
1755023654: Sending PUBLISH to local.dhruvubuntu.b4_to_b6 (d0, q0, r0, m0, 'internal/feedback/processed', ... (51 bytes))
1755023663: [PLUGIN][B4] [REFRESH] Periodic map refresh triggered.
1755023665: Received PUBLISH from dhruvubuntu.b2_to_b4 (d0, q0, r0, m0, 'groundfloor/kitchen', ... (195 bytes))
1755023665: [PLUGIN][B4] [TRUST] Evaluating message with signers: [ B0 B2 ]
1755023665: [PLUGIN][B4] [TRUST] Evaluating message based on last signer only.
1755023665: [PLUGIN][B4] [TRUST] Looking up direct trust from 'B2' to 'B4'
1755023665: [PLUGIN][B4] [TRUST] Found link from 'B2'. r=6, s=0. Direct trust is 0.875
1755023665: [PLUGIN][B4] [TRUST] ✅ Last signer 'B2' is trusted (0.875 >= 0.500). Accepting message.
1755023665: Sending PUBLISH to interactive-subscriberB4 (d0, q0, r0, m0, 'groundfloor/kitchen', ... (200 bytes))
1755023665: Sending PUBLISH to local.dhruvubuntu.b4_to_b6 (d0, q0, r0, m0, 'groundfloor/kitchen', ... (200 bytes))
1755023665: Received PUBLISH from dhruvubuntu.b1_to_b4 (d0, q0, r0, m0, 'groundfloor/kitchen', ... (195 bytes))
1755023665: [PLUGIN][B4] [TRUST] Evaluating message with signers: [ B0 B1 ]
1755023665: [PLUGIN][B4] [TRUST] Evaluating message based on last signer only.
1755023665: [PLUGIN][B4] [TRUST] Looking up direct trust from 'B1' to 'B4'
1755023665: [PLUGIN][B4] [TRUST] Found link from 'B1'. r=6, s=0. Direct trust is 0.875
1755023665: [PLUGIN][B4] [TRUST] ✅ Last signer 'B1' is trusted (0.875 >= 0.500). Accepting message.
1755023665: Sending PUBLISH to interactive-subscriberB4 (d0, q0, r0, m0, 'groundfloor/kitchen', ... (200 bytes))
1755023665: Sending PUBLISH to local.dhruvubuntu.b4_to_b6 (d0, q0, r0, m0, 'groundfloor/kitchen', ... (200 bytes))
1755023665: Received PUBLISH from interactive-subscriberB4 (d0, q0, r0, m0, 'internal/feedback', ... (51 bytes))
1755023665: [PLUGIN][B4] [TRUST] Feedback for link B2->B4. New counts: r=7, s=0. Link trust now 0.889
1755023665: Sending PUBLISH to local.dhruvubuntu.b4_to_b6 (d0, q0, r0, m0, 'internal/feedback/processed', ... (51 bytes))
1755023665: Received PUBLISH from interactive-subscriberB4 (d0, q0, r0, m0, 'internal/feedback', ... (51 bytes))
1755023665: [PLUGIN][B4] [TRUST] Feedback for link B1->B4. New counts: r=7, s=0. Link trust now 0.889
1755023665: Sending PUBLISH to local.dhruvubuntu.b4_to_b6 (d0, q0, r0, m0, 'internal/feedback/processed', ... (51 bytes))
1755023673: [PLUGIN][B4] [REFRESH] Periodic map refresh triggered.
1755023676: Received PUBLISH from dhruvubuntu.b2_to_b4 (d0, q0, r0, m0, 'groundfloor/kitchen', ... (195 bytes))
1755023676: [PLUGIN][B4] [TRUST] Evaluating message with signers: [ B0 B2 ]
1755023676: [PLUGIN][B4] [TRUST] Evaluating message based on last signer only.
1755023676: [PLUGIN][B4] [TRUST] Looking up direct trust from 'B2' to 'B4'
1755023676: [PLUGIN][B4] [TRUST] Found link from 'B2'. r=7, s=0. Direct trust is 0.889
1755023676: [PLUGIN][B4] [TRUST] ✅ Last signer 'B2' is trusted (0.889 >= 0.500). Accepting message.
1755023676: Sending PUBLISH to interactive-subscriberB4 (d0, q0, r0, m0, 'groundfloor/kitchen', ... (200 bytes))
1755023676: Sending PUBLISH to local.dhruvubuntu.b4_to_b6 (d0, q0, r0, m0, 'groundfloor/kitchen', ... (200 bytes))
1755023676: Received PUBLISH from dhruvubuntu.b1_to_b4 (d0, q0, r0, m0, 'groundfloor/kitchen', ... (195 bytes))
1755023676: [PLUGIN][B4] [TRUST] Evaluating message with signers: [ B0 B1 ]
1755023676: [PLUGIN][B4] [TRUST] Evaluating message based on last signer only.
1755023676: [PLUGIN][B4] [TRUST] Looking up direct trust from 'B1' to 'B4'
1755023676: [PLUGIN][B4] [TRUST] Found link from 'B1'. r=7, s=0. Direct trust is 0.889
1755023676: [PLUGIN][B4] [TRUST] ✅ Last signer 'B1' is trusted (0.889 >= 0.500). Accepting message.
1755023676: Sending PUBLISH to interactive-subscriberB4 (d0, q0, r0, m0, 'groundfloor/kitchen', ... (200 bytes))
1755023676: Sending PUBLISH to local.dhruvubuntu.b4_to_b6 (d0, q0, r0, m0, 'groundfloor/kitchen', ... (200 bytes))
1755023676: Received PUBLISH from interactive-subscriberB4 (d0, q0, r0, m0, 'internal/feedback', ... (51 bytes))
1755023676: [PLUGIN][B4] [TRUST] Feedback for link B2->B4. New counts: r=8, s=0. Link trust now 0.900
1755023676: Sending PUBLISH to local.dhruvubuntu.b4_to_b6 (d0, q0, r0, m0, 'internal/feedback/processed', ... (51 bytes))
1755023676: Received PUBLISH from interactive-subscriberB4 (d0, q0, r0, m0, 'internal/feedback', ... (51 bytes))
1755023676: [PLUGIN][B4] [TRUST] Feedback for link B1->B4. New counts: r=8, s=0. Link trust now 0.900
1755023676: Sending PUBLISH to local.dhruvubuntu.b4_to_b6 (d0, q0, r0, m0, 'internal/feedback/processed', ... (51 bytes))
1755023678: Received PINGREQ from dhruvubuntu.b2_to_b4
1755023678: Sending PINGRESP to dhruvubuntu.b2_to_b4
1755023680: Received PINGREQ from dhruvubuntu.b1_to_b4
1755023680: Sending PINGRESP to dhruvubuntu.b1_to_b4
1755023683: [PLUGIN][B4] [REFRESH] Periodic map refresh triggered.
1755023683: Sending PINGREQ to local.dhruvubuntu.b4_to_b6
1755023683: Received PINGRESP from local.dhruvubuntu.b4_to_b6
1755023687: Received PUBLISH from dhruvubuntu.b2_to_b4 (d0, q0, r0, m0, 'groundfloor/kitchen', ... (195 bytes))
1755023687: [PLUGIN][B4] [TRUST] Evaluating message with signers: [ B0 B2 ]
1755023687: [PLUGIN][B4] [TRUST] Evaluating message based on last signer only.
1755023687: [PLUGIN][B4] [TRUST] Looking up direct trust from 'B2' to 'B4'
1755023687: [PLUGIN][B4] [TRUST] Found link from 'B2'. r=8, s=0. Direct trust is 0.900
1755023687: [PLUGIN][B4] [TRUST] ✅ Last signer 'B2' is trusted (0.900 >= 0.500). Accepting message.
1755023687: Sending PUBLISH to interactive-subscriberB4 (d0, q0, r0, m0, 'groundfloor/kitchen', ... (200 bytes))
1755023687: Sending PUBLISH to local.dhruvubuntu.b4_to_b6 (d0, q0, r0, m0, 'groundfloor/kitchen', ... (200 bytes))
1755023687: Received PUBLISH from dhruvubuntu.b1_to_b4 (d0, q0, r0, m0, 'groundfloor/kitchen', ... (195 bytes))
1755023687: [PLUGIN][B4] [TRUST] Evaluating message with signers: [ B0 B1 ]
1755023687: [PLUGIN][B4] [TRUST] Evaluating message based on last signer only.
1755023687: [PLUGIN][B4] [TRUST] Looking up direct trust from 'B1' to 'B4'
1755023687: [PLUGIN][B4] [TRUST] Found link from 'B1'. r=8, s=0. Direct trust is 0.900
1755023687: [PLUGIN][B4] [TRUST] ✅ Last signer 'B1' is trusted (0.900 >= 0.500). Accepting message.
1755023687: Sending PUBLISH to interactive-subscriberB4 (d0, q0, r0, m0, 'groundfloor/kitchen', ... (200 bytes))
1755023687: Sending PUBLISH to local.dhruvubuntu.b4_to_b6 (d0, q0, r0, m0, 'groundfloor/kitchen', ... (200 bytes))
1755023687: Received PUBLISH from interactive-subscriberB4 (d0, q0, r0, m0, 'internal/feedback', ... (51 bytes))
1755023687: [PLUGIN][B4] [TRUST] Feedback for link B2->B4. New counts: r=9, s=0. Link trust now 0.909
1755023687: Sending PUBLISH to local.dhruvubuntu.b4_to_b6 (d0, q0, r0, m0, 'internal/feedback/processed', ... (51 bytes))
1755023687: Received PUBLISH from interactive-subscriberB4 (d0, q0, r0, m0, 'internal/feedback', ... (51 bytes))
1755023687: [PLUGIN][B4] [TRUST] Feedback for link B1->B4. New counts: r=9, s=0. Link trust now 0.909
1755023687: Sending PUBLISH to local.dhruvubuntu.b4_to_b6 (d0, q0, r0, m0, 'internal/feedback/processed', ... (51 bytes))
1755023693: [PLUGIN][B4] [REFRESH] Periodic map refresh triggered.
1755023698: Received PUBLISH from dhruvubuntu.b1_to_b4 (d0, q0, r0, m0, 'groundfloor/kitchen', ... (195 bytes))
1755023698: [PLUGIN][B4] [TRUST] Evaluating message with signers: [ B0 B1 ]
1755023698: [PLUGIN][B4] [TRUST] Evaluating message based on last signer only.
1755023698: [PLUGIN][B4] [TRUST] Looking up direct trust from 'B1' to 'B4'
1755023698: [PLUGIN][B4] [TRUST] Found link from 'B1'. r=9, s=0. Direct trust is 0.909
1755023698: [PLUGIN][B4] [TRUST] ✅ Last signer 'B1' is trusted (0.909 >= 0.500). Accepting message.
1755023698: Sending PUBLISH to interactive-subscriberB4 (d0, q0, r0, m0, 'groundfloor/kitchen', ... (200 bytes))
1755023698: Sending PUBLISH to local.dhruvubuntu.b4_to_b6 (d0, q0, r0, m0, 'groundfloor/kitchen', ... (200 bytes))
1755023698: Received PUBLISH from dhruvubuntu.b2_to_b4 (d0, q0, r0, m0, 'groundfloor/kitchen', ... (195 bytes))
1755023698: [PLUGIN][B4] [TRUST] Evaluating message with signers: [ B0 B2 ]
1755023698: [PLUGIN][B4] [TRUST] Evaluating message based on last signer only.
1755023698: [PLUGIN][B4] [TRUST] Looking up direct trust from 'B2' to 'B4'
1755023698: [PLUGIN][B4] [TRUST] Found link from 'B2'. r=9, s=0. Direct trust is 0.909
1755023698: [PLUGIN][B4] [TRUST] ✅ Last signer 'B2' is trusted (0.909 >= 0.500). Accepting message.
1755023698: Sending PUBLISH to interactive-subscriberB4 (d0, q0, r0, m0, 'groundfloor/kitchen', ... (200 bytes))
1755023698: Sending PUBLISH to local.dhruvubuntu.b4_to_b6 (d0, q0, r0, m0, 'groundfloor/kitchen', ... (200 bytes))
1755023698: Received PUBLISH from interactive-subscriberB4 (d0, q0, r0, m0, 'internal/feedback', ... (51 bytes))
1755023698: [PLUGIN][B4] [TRUST] Feedback for link B1->B4. New counts: r=10, s=0. Link trust now 0.917
1755023698: Sending PUBLISH to local.dhruvubuntu.b4_to_b6 (d0, q0, r0, m0, 'internal/feedback/processed', ... (51 bytes))
1755023698: Received PUBLISH from interactive-subscriberB4 (d0, q0, r0, m0, 'internal/feedback', ... (51 bytes))
1755023698: [PLUGIN][B4] [TRUST] Feedback for link B2->B4. New counts: r=10, s=0. Link trust now 0.917
1755023698: Sending PUBLISH to local.dhruvubuntu.b4_to_b6 (d0, q0, r0, m0, 'internal/feedback/processed', ... (51 bytes))
1755023703: [PLUGIN][B4] [REFRESH] Periodic map refresh triggered.
1755023709: Received PUBLISH from dhruvubuntu.b2_to_b4 (d0, q0, r0, m0, 'groundfloor/kitchen', ... (195 bytes))
1755023709: [PLUGIN][B4] [TRUST] Evaluating message with signers: [ B0 B2 ]
1755023709: [PLUGIN][B4] [TRUST] Evaluating message based on last signer only.
1755023709: [PLUGIN][B4] [TRUST] Looking up direct trust from 'B2' to 'B4'
1755023709: [PLUGIN][B4] [TRUST] Found link from 'B2'. r=10, s=0. Direct trust is 0.917
1755023709: [PLUGIN][B4] [TRUST] ✅ Last signer 'B2' is trusted (0.917 >= 0.500). Accepting message.
1755023709: Sending PUBLISH to interactive-subscriberB4 (d0, q0, r0, m0, 'groundfloor/kitchen', ... (200 bytes))
1755023709: Sending PUBLISH to local.dhruvubuntu.b4_to_b6 (d0, q0, r0, m0, 'groundfloor/kitchen', ... (200 bytes))
1755023709: Received PUBLISH from dhruvubuntu.b1_to_b4 (d0, q0, r0, m0, 'groundfloor/kitchen', ... (195 bytes))
1755023709: [PLUGIN][B4] [TRUST] Evaluating message with signers: [ B0 B1 ]
1755023709: [PLUGIN][B4] [TRUST] Evaluating message based on last signer only.
1755023709: [PLUGIN][B4] [TRUST] Looking up direct trust from 'B1' to 'B4'
1755023709: [PLUGIN][B4] [TRUST] Found link from 'B1'. r=10, s=0. Direct trust is 0.917
1755023709: [PLUGIN][B4] [TRUST] ✅ Last signer 'B1' is trusted (0.917 >= 0.500). Accepting message.
1755023709: Sending PUBLISH to interactive-subscriberB4 (d0, q0, r0, m0, 'groundfloor/kitchen', ... (200 bytes))
1755023709: Sending PUBLISH to local.dhruvubuntu.b4_to_b6 (d0, q0, r0, m0, 'groundfloor/kitchen', ... (200 bytes))
1755023709: Received PUBLISH from interactive-subscriberB4 (d0, q0, r0, m0, 'internal/feedback', ... (51 bytes))
1755023709: [PLUGIN][B4] [TRUST] Feedback for link B2->B4. New counts: r=11, s=0. Link trust now 0.923
1755023709: Sending PUBLISH to local.dhruvubuntu.b4_to_b6 (d0, q0, r0, m0, 'internal/feedback/processed', ... (51 bytes))
1755023709: Received PUBLISH from interactive-subscriberB4 (d0, q0, r0, m0, 'internal/feedback', ... (51 bytes))
1755023709: [PLUGIN][B4] [TRUST] Feedback for link B1->B4. New counts: r=11, s=0. Link trust now 0.923
1755023709: Sending PUBLISH to local.dhruvubuntu.b4_to_b6 (d0, q0, r0, m0, 'internal/feedback/processed', ... (51 bytes))
1755023713: [PLUGIN][B4] [REFRESH] Periodic map refresh triggered.
1755023720: Received PUBLISH from dhruvubuntu.b2_to_b4 (d0, q0, r0, m0, 'groundfloor/kitchen', ... (195 bytes))
1755023720: [PLUGIN][B4] [TRUST] Evaluating message with signers: [ B0 B2 ]
1755023720: [PLUGIN][B4] [TRUST] Evaluating message based on last signer only.
1755023720: [PLUGIN][B4] [TRUST] Looking up direct trust from 'B2' to 'B4'
1755023720: [PLUGIN][B4] [TRUST] Found link from 'B2'. r=11, s=0. Direct trust is 0.923
1755023720: [PLUGIN][B4] [TRUST] ✅ Last signer 'B2' is trusted (0.923 >= 0.500). Accepting message.
1755023720: Sending PUBLISH to interactive-subscriberB4 (d0, q0, r0, m0, 'groundfloor/kitchen', ... (200 bytes))
1755023720: Sending PUBLISH to local.dhruvubuntu.b4_to_b6 (d0, q0, r0, m0, 'groundfloor/kitchen', ... (200 bytes))
1755023720: Received PUBLISH from dhruvubuntu.b1_to_b4 (d0, q0, r0, m0, 'groundfloor/kitchen', ... (195 bytes))
1755023720: [PLUGIN][B4] [TRUST] Evaluating message with signers: [ B0 B1 ]
1755023720: [PLUGIN][B4] [TRUST] Evaluating message based on last signer only.
1755023720: [PLUGIN][B4] [TRUST] Looking up direct trust from 'B1' to 'B4'
1755023720: [PLUGIN][B4] [TRUST] Found link from 'B1'. r=11, s=0. Direct trust is 0.923
1755023720: [PLUGIN][B4] [TRUST] ✅ Last signer 'B1' is trusted (0.923 >= 0.500). Accepting message.
1755023720: Sending PUBLISH to interactive-subscriberB4 (d0, q0, r0, m0, 'groundfloor/kitchen', ... (200 bytes))
1755023720: Sending PUBLISH to local.dhruvubuntu.b4_to_b6 (d0, q0, r0, m0, 'groundfloor/kitchen', ... (200 bytes))
1755023720: Received PUBLISH from interactive-subscriberB4 (d0, q0, r0, m0, 'internal/feedback', ... (51 bytes))
1755023720: [PLUGIN][B4] [TRUST] Feedback for link B2->B4. New counts: r=12, s=0. Link trust now 0.929
1755023720: Sending PUBLISH to local.dhruvubuntu.b4_to_b6 (d0, q0, r0, m0, 'internal/feedback/processed', ... (51 bytes))
1755023720: Received PUBLISH from interactive-subscriberB4 (d0, q0, r0, m0, 'internal/feedback', ... (51 bytes))
1755023720: [PLUGIN][B4] [TRUST] Feedback for link B1->B4. New counts: r=12, s=0. Link trust now 0.929
1755023720: Sending PUBLISH to local.dhruvubuntu.b4_to_b6 (d0, q0, r0, m0, 'internal/feedback/processed', ... (51 bytes))
1755023723: [PLUGIN][B4] [REFRESH] Periodic map refresh triggered.
1755023731: Received PUBLISH from dhruvubuntu.b2_to_b4 (d0, q0, r0, m0, 'groundfloor/kitchen', ... (195 bytes))
1755023731: [PLUGIN][B4] [TRUST] Evaluating message with signers: [ B0 B2 ]
1755023731: [PLUGIN][B4] [TRUST] Evaluating message based on last signer only.
1755023731: [PLUGIN][B4] [TRUST] Looking up direct trust from 'B2' to 'B4'
1755023731: [PLUGIN][B4] [TRUST] Found link from 'B2'. r=12, s=0. Direct trust is 0.929
1755023731: [PLUGIN][B4] [TRUST] ✅ Last signer 'B2' is trusted (0.929 >= 0.500). Accepting message.
1755023731: Sending PUBLISH to interactive-subscriberB4 (d0, q0, r0, m0, 'groundfloor/kitchen', ... (200 bytes))
1755023731: Sending PUBLISH to local.dhruvubuntu.b4_to_b6 (d0, q0, r0, m0, 'groundfloor/kitchen', ... (200 bytes))
1755023731: Received PUBLISH from dhruvubuntu.b1_to_b4 (d0, q0, r0, m0, 'groundfloor/kitchen', ... (195 bytes))
1755023731: [PLUGIN][B4] [TRUST] Evaluating message with signers: [ B0 B1 ]
1755023731: [PLUGIN][B4] [TRUST] Evaluating message based on last signer only.
1755023731: [PLUGIN][B4] [TRUST] Looking up direct trust from 'B1' to 'B4'
1755023731: [PLUGIN][B4] [TRUST] Found link from 'B1'. r=12, s=0. Direct trust is 0.929
1755023731: [PLUGIN][B4] [TRUST] ✅ Last signer 'B1' is trusted (0.929 >= 0.500). Accepting message.
1755023731: Sending PUBLISH to interactive-subscriberB4 (d0, q0, r0, m0, 'groundfloor/kitchen', ... (200 bytes))
1755023731: Sending PUBLISH to local.dhruvubuntu.b4_to_b6 (d0, q0, r0, m0, 'groundfloor/kitchen', ... (200 bytes))
1755023731: Received PUBLISH from interactive-subscriberB4 (d0, q0, r0, m0, 'internal/feedback', ... (51 bytes))
1755023731: [PLUGIN][B4] [TRUST] Feedback for link B2->B4. New counts: r=13, s=0. Link trust now 0.933
1755023731: Sending PUBLISH to local.dhruvubuntu.b4_to_b6 (d0, q0, r0, m0, 'internal/feedback/processed', ... (51 bytes))
1755023731: Received PUBLISH from interactive-subscriberB4 (d0, q0, r0, m0, 'internal/feedback', ... (51 bytes))
1755023731: [PLUGIN][B4] [TRUST] Feedback for link B1->B4. New counts: r=13, s=0. Link trust now 0.933
1755023731: Sending PUBLISH to local.dhruvubuntu.b4_to_b6 (d0, q0, r0, m0, 'internal/feedback/processed', ... (51 bytes))
1755023733: [PLUGIN][B4] [REFRESH] Periodic map refresh triggered.
1755023738: Received PINGREQ from dhruvubuntu.b2_to_b4
1755023738: Sending PINGRESP to dhruvubuntu.b2_to_b4
1755023740: Received PINGREQ from dhruvubuntu.b1_to_b4
1755023740: Sending PINGRESP to dhruvubuntu.b1_to_b4
1755023742: Received PUBLISH from dhruvubuntu.b2_to_b4 (d0, q0, r0, m0, 'groundfloor/kitchen', ... (195 bytes))
1755023742: [PLUGIN][B4] [TRUST] Evaluating message with signers: [ B0 B2 ]
1755023742: [PLUGIN][B4] [TRUST] Evaluating message based on last signer only.
1755023742: [PLUGIN][B4] [TRUST] Looking up direct trust from 'B2' to 'B4'
1755023742: [PLUGIN][B4] [TRUST] Found link from 'B2'. r=13, s=0. Direct trust is 0.933
1755023742: [PLUGIN][B4] [TRUST] ✅ Last signer 'B2' is trusted (0.933 >= 0.500). Accepting message.
1755023742: Sending PUBLISH to interactive-subscriberB4 (d0, q0, r0, m0, 'groundfloor/kitchen', ... (200 bytes))
1755023742: Sending PUBLISH to local.dhruvubuntu.b4_to_b6 (d0, q0, r0, m0, 'groundfloor/kitchen', ... (200 bytes))
1755023742: Received PUBLISH from dhruvubuntu.b1_to_b4 (d0, q0, r0, m0, 'groundfloor/kitchen', ... (195 bytes))
1755023742: [PLUGIN][B4] [TRUST] Evaluating message with signers: [ B0 B1 ]
1755023742: [PLUGIN][B4] [TRUST] Evaluating message based on last signer only.
1755023742: [PLUGIN][B4] [TRUST] Looking up direct trust from 'B1' to 'B4'
1755023742: [PLUGIN][B4] [TRUST] Found link from 'B1'. r=13, s=0. Direct trust is 0.933
1755023742: [PLUGIN][B4] [TRUST] ✅ Last signer 'B1' is trusted (0.933 >= 0.500). Accepting message.
1755023742: Sending PUBLISH to interactive-subscriberB4 (d0, q0, r0, m0, 'groundfloor/kitchen', ... (200 bytes))
1755023742: Sending PUBLISH to local.dhruvubuntu.b4_to_b6 (d0, q0, r0, m0, 'groundfloor/kitchen', ... (200 bytes))
1755023742: Received PUBLISH from interactive-subscriberB4 (d0, q0, r0, m0, 'internal/feedback', ... (51 bytes))
1755023742: [PLUGIN][B4] [TRUST] Feedback for link B2->B4. New counts: r=14, s=0. Link trust now 0.938
1755023742: Sending PUBLISH to local.dhruvubuntu.b4_to_b6 (d0, q0, r0, m0, 'internal/feedback/processed', ... (51 bytes))
1755023742: Received PUBLISH from interactive-subscriberB4 (d0, q0, r0, m0, 'internal/feedback', ... (51 bytes))
1755023742: [PLUGIN][B4] [TRUST] Feedback for link B1->B4. New counts: r=14, s=0. Link trust now 0.938
1755023742: Sending PUBLISH to local.dhruvubuntu.b4_to_b6 (d0, q0, r0, m0, 'internal/feedback/processed', ... (51 bytes))
1755023743: [PLUGIN][B4] [REFRESH] Periodic map refresh triggered.
1755023743: Sending PINGREQ to local.dhruvubuntu.b4_to_b6
1755023743: Received PINGRESP from local.dhruvubuntu.b4_to_b6
1755023753: [PLUGIN][B4] [REFRESH] Periodic map refresh triggered.
1755023753: Received PUBLISH from dhruvubuntu.b1_to_b4 (d0, q0, r0, m0, 'groundfloor/kitchen', ... (195 bytes))
1755023753: [PLUGIN][B4] [TRUST] Evaluating message with signers: [ B0 B1 ]
1755023753: [PLUGIN][B4] [TRUST] Evaluating message based on last signer only.
1755023753: [PLUGIN][B4] [TRUST] Looking up direct trust from 'B1' to 'B4'
1755023753: [PLUGIN][B4] [TRUST] Found link from 'B1'. r=14, s=0. Direct trust is 0.938
1755023753: [PLUGIN][B4] [TRUST] ✅ Last signer 'B1' is trusted (0.938 >= 0.500). Accepting message.
1755023753: Sending PUBLISH to interactive-subscriberB4 (d0, q0, r0, m0, 'groundfloor/kitchen', ... (200 bytes))
1755023753: Sending PUBLISH to local.dhruvubuntu.b4_to_b6 (d0, q0, r0, m0, 'groundfloor/kitchen', ... (200 bytes))
1755023753: Received PUBLISH from dhruvubuntu.b2_to_b4 (d0, q0, r0, m0, 'groundfloor/kitchen', ... (195 bytes))
1755023753: [PLUGIN][B4] [TRUST] Evaluating message with signers: [ B0 B2 ]
1755023753: [PLUGIN][B4] [TRUST] Evaluating message based on last signer only.
1755023753: [PLUGIN][B4] [TRUST] Looking up direct trust from 'B2' to 'B4'
1755023753: [PLUGIN][B4] [TRUST] Found link from 'B2'. r=14, s=0. Direct trust is 0.938
1755023753: [PLUGIN][B4] [TRUST] ✅ Last signer 'B2' is trusted (0.938 >= 0.500). Accepting message.
1755023753: Sending PUBLISH to interactive-subscriberB4 (d0, q0, r0, m0, 'groundfloor/kitchen', ... (200 bytes))
1755023753: Sending PUBLISH to local.dhruvubuntu.b4_to_b6 (d0, q0, r0, m0, 'groundfloor/kitchen', ... (200 bytes))
1755023753: Received PUBLISH from interactive-subscriberB4 (d0, q0, r0, m0, 'internal/feedback', ... (51 bytes))
1755023753: [PLUGIN][B4] [TRUST] Feedback for link B1->B4. New counts: r=15, s=0. Link trust now 0.941
1755023753: Sending PUBLISH to local.dhruvubuntu.b4_to_b6 (d0, q0, r0, m0, 'internal/feedback/processed', ... (51 bytes))
1755023753: Received PUBLISH from interactive-subscriberB4 (d0, q0, r0, m0, 'internal/feedback', ... (51 bytes))
1755023753: [PLUGIN][B4] [TRUST] Feedback for link B2->B4. New counts: r=15, s=0. Link trust now 0.941
1755023753: Sending PUBLISH to local.dhruvubuntu.b4_to_b6 (d0, q0, r0, m0, 'internal/feedback/processed', ... (51 bytes))
1755023763: [PLUGIN][B4] [REFRESH] Periodic map refresh triggered.
1755023764: Received PUBLISH from dhruvubuntu.b2_to_b4 (d0, q0, r0, m0, 'groundfloor/kitchen', ... (195 bytes))
1755023764: [PLUGIN][B4] [TRUST] Evaluating message with signers: [ B0 B2 ]
1755023764: [PLUGIN][B4] [TRUST] Evaluating message based on last signer only.
1755023764: [PLUGIN][B4] [TRUST] Looking up direct trust from 'B2' to 'B4'
1755023764: [PLUGIN][B4] [TRUST] Found link from 'B2'. r=15, s=0. Direct trust is 0.941
1755023764: [PLUGIN][B4] [TRUST] ✅ Last signer 'B2' is trusted (0.941 >= 0.500). Accepting message.
1755023764: Sending PUBLISH to interactive-subscriberB4 (d0, q0, r0, m0, 'groundfloor/kitchen', ... (200 bytes))
1755023764: Sending PUBLISH to local.dhruvubuntu.b4_to_b6 (d0, q0, r0, m0, 'groundfloor/kitchen', ... (200 bytes))
1755023764: Received PUBLISH from dhruvubuntu.b1_to_b4 (d0, q0, r0, m0, 'groundfloor/kitchen', ... (195 bytes))
1755023764: [PLUGIN][B4] [TRUST] Evaluating message with signers: [ B0 B1 ]
1755023764: [PLUGIN][B4] [TRUST] Evaluating message based on last signer only.
1755023764: [PLUGIN][B4] [TRUST] Looking up direct trust from 'B1' to 'B4'
1755023764: [PLUGIN][B4] [TRUST] Found link from 'B1'. r=15, s=0. Direct trust is 0.941
1755023764: [PLUGIN][B4] [TRUST] ✅ Last signer 'B1' is trusted (0.941 >= 0.500). Accepting message.
1755023764: Sending PUBLISH to interactive-subscriberB4 (d0, q0, r0, m0, 'groundfloor/kitchen', ... (200 bytes))
1755023764: Sending PUBLISH to local.dhruvubuntu.b4_to_b6 (d0, q0, r0, m0, 'groundfloor/kitchen', ... (200 bytes))
1755023764: Received PUBLISH from interactive-subscriberB4 (d0, q0, r0, m0, 'internal/feedback', ... (51 bytes))
1755023764: [PLUGIN][B4] [TRUST] Feedback for link B2->B4. New counts: r=16, s=0. Link trust now 0.944
1755023764: Sending PUBLISH to local.dhruvubuntu.b4_to_b6 (d0, q0, r0, m0, 'internal/feedback/processed', ... (51 bytes))
1755023764: Received PUBLISH from interactive-subscriberB4 (d0, q0, r0, m0, 'internal/feedback', ... (51 bytes))
1755023764: [PLUGIN][B4] [TRUST] Feedback for link B1->B4. New counts: r=16, s=0. Link trust now 0.944
1755023764: Sending PUBLISH to local.dhruvubuntu.b4_to_b6 (d0, q0, r0, m0, 'internal/feedback/processed', ... (51 bytes))
1755023773: [PLUGIN][B4] [REFRESH] Periodic map refresh triggered.
1755023775: Received PUBLISH from dhruvubuntu.b2_to_b4 (d0, q0, r0, m0, 'groundfloor/kitchen', ... (195 bytes))
1755023775: [PLUGIN][B4] [TRUST] Evaluating message with signers: [ B0 B2 ]
1755023775: [PLUGIN][B4] [TRUST] Evaluating message based on last signer only.
1755023775: [PLUGIN][B4] [TRUST] Looking up direct trust from 'B2' to 'B4'
1755023775: [PLUGIN][B4] [TRUST] Found link from 'B2'. r=16, s=0. Direct trust is 0.944
1755023775: [PLUGIN][B4] [TRUST] ✅ Last signer 'B2' is trusted (0.944 >= 0.500). Accepting message.
1755023775: Sending PUBLISH to interactive-subscriberB4 (d0, q0, r0, m0, 'groundfloor/kitchen', ... (200 bytes))
1755023775: Sending PUBLISH to local.dhruvubuntu.b4_to_b6 (d0, q0, r0, m0, 'groundfloor/kitchen', ... (200 bytes))
1755023775: Received PUBLISH from dhruvubuntu.b1_to_b4 (d0, q0, r0, m0, 'groundfloor/kitchen', ... (195 bytes))
1755023775: [PLUGIN][B4] [TRUST] Evaluating message with signers: [ B0 B1 ]
1755023775: [PLUGIN][B4] [TRUST] Evaluating message based on last signer only.
1755023775: [PLUGIN][B4] [TRUST] Looking up direct trust from 'B1' to 'B4'
1755023775: [PLUGIN][B4] [TRUST] Found link from 'B1'. r=16, s=0. Direct trust is 0.944
1755023775: [PLUGIN][B4] [TRUST] ✅ Last signer 'B1' is trusted (0.944 >= 0.500). Accepting message.
1755023775: Sending PUBLISH to interactive-subscriberB4 (d0, q0, r0, m0, 'groundfloor/kitchen', ... (200 bytes))
1755023775: Sending PUBLISH to local.dhruvubuntu.b4_to_b6 (d0, q0, r0, m0, 'groundfloor/kitchen', ... (200 bytes))
1755023775: Received PUBLISH from interactive-subscriberB4 (d0, q0, r0, m0, 'internal/feedback', ... (51 bytes))
1755023775: [PLUGIN][B4] [TRUST] Feedback for link B2->B4. New counts: r=17, s=0. Link trust now 0.947
1755023775: Sending PUBLISH to local.dhruvubuntu.b4_to_b6 (d0, q0, r0, m0, 'internal/feedback/processed', ... (51 bytes))
1755023775: Received PUBLISH from interactive-subscriberB4 (d0, q0, r0, m0, 'internal/feedback', ... (51 bytes))
1755023775: [PLUGIN][B4] [TRUST] Feedback for link B1->B4. New counts: r=17, s=0. Link trust now 0.947
1755023775: Sending PUBLISH to local.dhruvubuntu.b4_to_b6 (d0, q0, r0, m0, 'internal/feedback/processed', ... (51 bytes))
1755023783: [PLUGIN][B4] [REFRESH] Periodic map refresh triggered.
1755023786: Received PUBLISH from dhruvubuntu.b2_to_b4 (d0, q0, r0, m0, 'groundfloor/kitchen', ... (195 bytes))
1755023786: [PLUGIN][B4] [TRUST] Evaluating message with signers: [ B0 B2 ]
1755023786: [PLUGIN][B4] [TRUST] Evaluating message based on last signer only.
1755023786: [PLUGIN][B4] [TRUST] Looking up direct trust from 'B2' to 'B4'
1755023786: [PLUGIN][B4] [TRUST] Found link from 'B2'. r=17, s=0. Direct trust is 0.947
1755023786: [PLUGIN][B4] [TRUST] ✅ Last signer 'B2' is trusted (0.947 >= 0.500). Accepting message.
1755023786: Sending PUBLISH to interactive-subscriberB4 (d0, q0, r0, m0, 'groundfloor/kitchen', ... (200 bytes))
1755023786: Sending PUBLISH to local.dhruvubuntu.b4_to_b6 (d0, q0, r0, m0, 'groundfloor/kitchen', ... (200 bytes))
1755023786: Received PUBLISH from dhruvubuntu.b1_to_b4 (d0, q0, r0, m0, 'groundfloor/kitchen', ... (195 bytes))
1755023786: [PLUGIN][B4] [TRUST] Evaluating message with signers: [ B0 B1 ]
1755023786: [PLUGIN][B4] [TRUST] Evaluating message based on last signer only.
1755023786: [PLUGIN][B4] [TRUST] Looking up direct trust from 'B1' to 'B4'
1755023786: [PLUGIN][B4] [TRUST] Found link from 'B1'. r=17, s=0. Direct trust is 0.947
1755023786: [PLUGIN][B4] [TRUST] ✅ Last signer 'B1' is trusted (0.947 >= 0.500). Accepting message.
1755023786: Sending PUBLISH to interactive-subscriberB4 (d0, q0, r0, m0, 'groundfloor/kitchen', ... (200 bytes))
1755023786: Sending PUBLISH to local.dhruvubuntu.b4_to_b6 (d0, q0, r0, m0, 'groundfloor/kitchen', ... (200 bytes))
1755023786: Received PUBLISH from interactive-subscriberB4 (d0, q0, r0, m0, 'internal/feedback', ... (51 bytes))
1755023786: [PLUGIN][B4] [TRUST] Feedback for link B2->B4. New counts: r=18, s=0. Link trust now 0.950
1755023786: Sending PUBLISH to local.dhruvubuntu.b4_to_b6 (d0, q0, r0, m0, 'internal/feedback/processed', ... (51 bytes))
1755023786: Received PUBLISH from interactive-subscriberB4 (d0, q0, r0, m0, 'internal/feedback', ... (51 bytes))
1755023786: [PLUGIN][B4] [TRUST] Feedback for link B1->B4. New counts: r=18, s=0. Link trust now 0.950
1755023786: Sending PUBLISH to local.dhruvubuntu.b4_to_b6 (d0, q0, r0, m0, 'internal/feedback/processed', ... (51 bytes))
1755023793: [PLUGIN][B4] [REFRESH] Periodic map refresh triggered.
1755023798: Received PUBLISH from dhruvubuntu.b2_to_b4 (d0, q0, r0, m0, 'groundfloor/kitchen', ... (195 bytes))
1755023798: [PLUGIN][B4] [TRUST] Evaluating message with signers: [ B0 B2 ]
1755023798: [PLUGIN][B4] [TRUST] Evaluating message based on last signer only.
1755023798: [PLUGIN][B4] [TRUST] Looking up direct trust from 'B2' to 'B4'
1755023798: [PLUGIN][B4] [TRUST] Found link from 'B2'. r=18, s=0. Direct trust is 0.950
1755023798: [PLUGIN][B4] [TRUST] ✅ Last signer 'B2' is trusted (0.950 >= 0.500). Accepting message.
1755023798: Sending PUBLISH to interactive-subscriberB4 (d0, q0, r0, m0, 'groundfloor/kitchen', ... (200 bytes))
1755023798: Sending PUBLISH to local.dhruvubuntu.b4_to_b6 (d0, q0, r0, m0, 'groundfloor/kitchen', ... (200 bytes))
1755023798: Received PUBLISH from dhruvubuntu.b1_to_b4 (d0, q0, r0, m0, 'groundfloor/kitchen', ... (195 bytes))
1755023798: [PLUGIN][B4] [TRUST] Evaluating message with signers: [ B0 B1 ]
1755023798: [PLUGIN][B4] [TRUST] Evaluating message based on last signer only.
1755023798: [PLUGIN][B4] [TRUST] Looking up direct trust from 'B1' to 'B4'
1755023798: [PLUGIN][B4] [TRUST] Found link from 'B1'. r=18, s=0. Direct trust is 0.950
1755023798: [PLUGIN][B4] [TRUST] ✅ Last signer 'B1' is trusted (0.950 >= 0.500). Accepting message.
1755023798: Sending PUBLISH to interactive-subscriberB4 (d0, q0, r0, m0, 'groundfloor/kitchen', ... (200 bytes))
1755023798: Sending PUBLISH to local.dhruvubuntu.b4_to_b6 (d0, q0, r0, m0, 'groundfloor/kitchen', ... (200 bytes))
1755023798: Received PUBLISH from interactive-subscriberB4 (d0, q0, r0, m0, 'internal/feedback', ... (51 bytes))
1755023798: [PLUGIN][B4] [TRUST] Feedback for link B2->B4. New counts: r=19, s=0. Link trust now 0.952
1755023798: Sending PUBLISH to local.dhruvubuntu.b4_to_b6 (d0, q0, r0, m0, 'internal/feedback/processed', ... (51 bytes))
1755023798: Received PUBLISH from interactive-subscriberB4 (d0, q0, r0, m0, 'internal/feedback', ... (51 bytes))
1755023798: [PLUGIN][B4] [TRUST] Feedback for link B1->B4. New counts: r=19, s=0. Link trust now 0.952
1755023798: Sending PUBLISH to local.dhruvubuntu.b4_to_b6 (d0, q0, r0, m0, 'internal/feedback/processed', ... (51 bytes))
1755023798: Received PINGREQ from dhruvubuntu.b2_to_b4
1755023798: Sending PINGRESP to dhruvubuntu.b2_to_b4
1755023800: Received PINGREQ from dhruvubuntu.b1_to_b4
1755023800: Sending PINGRESP to dhruvubuntu.b1_to_b4
1755023803: [PLUGIN][B4] [REFRESH] Periodic map refresh triggered.
1755023803: Sending PINGREQ to local.dhruvubuntu.b4_to_b6
1755023803: Received PINGRESP from local.dhruvubuntu.b4_to_b6
1755023809: Received PUBLISH from dhruvubuntu.b2_to_b4 (d0, q0, r0, m0, 'groundfloor/kitchen', ... (195 bytes))
1755023809: [PLUGIN][B4] [TRUST] Evaluating message with signers: [ B0 B2 ]
1755023809: [PLUGIN][B4] [TRUST] Evaluating message based on last signer only.
1755023809: [PLUGIN][B4] [TRUST] Looking up direct trust from 'B2' to 'B4'
1755023809: [PLUGIN][B4] [TRUST] Found link from 'B2'. r=19, s=0. Direct trust is 0.952
1755023809: [PLUGIN][B4] [TRUST] ✅ Last signer 'B2' is trusted (0.952 >= 0.500). Accepting message.
1755023809: Sending PUBLISH to interactive-subscriberB4 (d0, q0, r0, m0, 'groundfloor/kitchen', ... (200 bytes))
1755023809: Sending PUBLISH to local.dhruvubuntu.b4_to_b6 (d0, q0, r0, m0, 'groundfloor/kitchen', ... (200 bytes))
1755023809: Received PUBLISH from dhruvubuntu.b1_to_b4 (d0, q0, r0, m0, 'groundfloor/kitchen', ... (195 bytes))
1755023809: [PLUGIN][B4] [TRUST] Evaluating message with signers: [ B0 B1 ]
1755023809: [PLUGIN][B4] [TRUST] Evaluating message based on last signer only.
1755023809: [PLUGIN][B4] [TRUST] Looking up direct trust from 'B1' to 'B4'
1755023809: [PLUGIN][B4] [TRUST] Found link from 'B1'. r=19, s=0. Direct trust is 0.952
1755023809: [PLUGIN][B4] [TRUST] ✅ Last signer 'B1' is trusted (0.952 >= 0.500). Accepting message.
1755023809: Sending PUBLISH to interactive-subscriberB4 (d0, q0, r0, m0, 'groundfloor/kitchen', ... (200 bytes))
1755023809: Sending PUBLISH to local.dhruvubuntu.b4_to_b6 (d0, q0, r0, m0, 'groundfloor/kitchen', ... (200 bytes))
1755023809: Received PUBLISH from interactive-subscriberB4 (d0, q0, r0, m0, 'internal/feedback', ... (51 bytes))
1755023809: [PLUGIN][B4] [TRUST] Feedback for link B2->B4. New counts: r=20, s=0. Link trust now 0.955
1755023809: Sending PUBLISH to local.dhruvubuntu.b4_to_b6 (d0, q0, r0, m0, 'internal/feedback/processed', ... (51 bytes))
1755023809: Received PUBLISH from interactive-subscriberB4 (d0, q0, r0, m0, 'internal/feedback', ... (51 bytes))
1755023809: [PLUGIN][B4] [TRUST] Feedback for link B1->B4. New counts: r=20, s=0. Link trust now 0.955
1755023809: Sending PUBLISH to local.dhruvubuntu.b4_to_b6 (d0, q0, r0, m0, 'internal/feedback/processed', ... (51 bytes))
1755023813: [PLUGIN][B4] [REFRESH] Periodic map refresh triggered.
1755023820: Received PUBLISH from dhruvubuntu.b2_to_b4 (d0, q0, r0, m0, 'groundfloor/kitchen', ... (195 bytes))
1755023820: [PLUGIN][B4] [TRUST] Evaluating message with signers: [ B0 B2 ]
1755023820: [PLUGIN][B4] [TRUST] Evaluating message based on last signer only.
1755023820: [PLUGIN][B4] [TRUST] Looking up direct trust from 'B2' to 'B4'
1755023820: [PLUGIN][B4] [TRUST] Found link from 'B2'. r=20, s=0. Direct trust is 0.955
1755023820: [PLUGIN][B4] [TRUST] ✅ Last signer 'B2' is trusted (0.955 >= 0.500). Accepting message.
1755023820: Sending PUBLISH to interactive-subscriberB4 (d0, q0, r0, m0, 'groundfloor/kitchen', ... (200 bytes))
1755023820: Sending PUBLISH to local.dhruvubuntu.b4_to_b6 (d0, q0, r0, m0, 'groundfloor/kitchen', ... (200 bytes))
1755023820: Received PUBLISH from dhruvubuntu.b1_to_b4 (d0, q0, r0, m0, 'groundfloor/kitchen', ... (195 bytes))
1755023820: [PLUGIN][B4] [TRUST] Evaluating message with signers: [ B0 B1 ]
1755023820: [PLUGIN][B4] [TRUST] Evaluating message based on last signer only.
1755023820: [PLUGIN][B4] [TRUST] Looking up direct trust from 'B1' to 'B4'
1755023820: [PLUGIN][B4] [TRUST] Found link from 'B1'. r=20, s=0. Direct trust is 0.955
1755023820: [PLUGIN][B4] [TRUST] ✅ Last signer 'B1' is trusted (0.955 >= 0.500). Accepting message.
1755023820: Sending PUBLISH to interactive-subscriberB4 (d0, q0, r0, m0, 'groundfloor/kitchen', ... (200 bytes))
1755023820: Sending PUBLISH to local.dhruvubuntu.b4_to_b6 (d0, q0, r0, m0, 'groundfloor/kitchen', ... (200 bytes))
1755023820: Received PUBLISH from interactive-subscriberB4 (d0, q0, r0, m0, 'internal/feedback', ... (51 bytes))
1755023820: [PLUGIN][B4] [TRUST] Feedback for link B2->B4. New counts: r=21, s=0. Link trust now 0.957
1755023820: Sending PUBLISH to local.dhruvubuntu.b4_to_b6 (d0, q0, r0, m0, 'internal/feedback/processed', ... (51 bytes))
1755023820: Received PUBLISH from interactive-subscriberB4 (d0, q0, r0, m0, 'internal/feedback', ... (51 bytes))
1755023820: [PLUGIN][B4] [TRUST] Feedback for link B1->B4. New counts: r=21, s=0. Link trust now 0.957
1755023820: Sending PUBLISH to local.dhruvubuntu.b4_to_b6 (d0, q0, r0, m0, 'internal/feedback/processed', ... (51 bytes))
1755023823: [PLUGIN][B4] [REFRESH] Periodic map refresh triggered.
1755023831: Received PUBLISH from dhruvubuntu.b2_to_b4 (d0, q0, r0, m0, 'groundfloor/kitchen', ... (195 bytes))
1755023831: [PLUGIN][B4] [TRUST] Evaluating message with signers: [ B0 B2 ]
1755023831: [PLUGIN][B4] [TRUST] Evaluating message based on last signer only.
1755023831: [PLUGIN][B4] [TRUST] Looking up direct trust from 'B2' to 'B4'
1755023831: [PLUGIN][B4] [TRUST] Found link from 'B2'. r=21, s=0. Direct trust is 0.957
1755023831: [PLUGIN][B4] [TRUST] ✅ Last signer 'B2' is trusted (0.957 >= 0.500). Accepting message.
1755023831: Sending PUBLISH to interactive-subscriberB4 (d0, q0, r0, m0, 'groundfloor/kitchen', ... (200 bytes))
1755023831: Sending PUBLISH to local.dhruvubuntu.b4_to_b6 (d0, q0, r0, m0, 'groundfloor/kitchen', ... (200 bytes))
1755023831: Received PUBLISH from dhruvubuntu.b1_to_b4 (d0, q0, r0, m0, 'groundfloor/kitchen', ... (195 bytes))
1755023831: [PLUGIN][B4] [TRUST] Evaluating message with signers: [ B0 B1 ]
1755023831: [PLUGIN][B4] [TRUST] Evaluating message based on last signer only.
1755023831: [PLUGIN][B4] [TRUST] Looking up direct trust from 'B1' to 'B4'
1755023831: [PLUGIN][B4] [TRUST] Found link from 'B1'. r=21, s=0. Direct trust is 0.957
1755023831: [PLUGIN][B4] [TRUST] ✅ Last signer 'B1' is trusted (0.957 >= 0.500). Accepting message.
1755023831: Sending PUBLISH to interactive-subscriberB4 (d0, q0, r0, m0, 'groundfloor/kitchen', ... (200 bytes))
1755023831: Sending PUBLISH to local.dhruvubuntu.b4_to_b6 (d0, q0, r0, m0, 'groundfloor/kitchen', ... (200 bytes))
1755023831: Received PUBLISH from interactive-subscriberB4 (d0, q0, r0, m0, 'internal/feedback', ... (51 bytes))
1755023831: [PLUGIN][B4] [TRUST] Feedback for link B2->B4. New counts: r=22, s=0. Link trust now 0.958
1755023831: Sending PUBLISH to local.dhruvubuntu.b4_to_b6 (d0, q0, r0, m0, 'internal/feedback/processed', ... (51 bytes))
1755023831: Received PUBLISH from interactive-subscriberB4 (d0, q0, r0, m0, 'internal/feedback', ... (51 bytes))
1755023831: [PLUGIN][B4] [TRUST] Feedback for link B1->B4. New counts: r=22, s=0. Link trust now 0.958
1755023831: Sending PUBLISH to local.dhruvubuntu.b4_to_b6 (d0, q0, r0, m0, 'internal/feedback/processed', ... (51 bytes))
1755023833: [PLUGIN][B4] [REFRESH] Periodic map refresh triggered.
1755023842: Received PUBLISH from dhruvubuntu.b2_to_b4 (d0, q0, r0, m0, 'groundfloor/kitchen', ... (195 bytes))
1755023842: [PLUGIN][B4] [TRUST] Evaluating message with signers: [ B0 B2 ]
1755023842: [PLUGIN][B4] [TRUST] Evaluating message based on last signer only.
1755023842: [PLUGIN][B4] [TRUST] Looking up direct trust from 'B2' to 'B4'
1755023842: [PLUGIN][B4] [TRUST] Found link from 'B2'. r=22, s=0. Direct trust is 0.958
1755023842: [PLUGIN][B4] [TRUST] ✅ Last signer 'B2' is trusted (0.958 >= 0.500). Accepting message.
1755023842: Sending PUBLISH to interactive-subscriberB4 (d0, q0, r0, m0, 'groundfloor/kitchen', ... (200 bytes))
1755023842: Sending PUBLISH to local.dhruvubuntu.b4_to_b6 (d0, q0, r0, m0, 'groundfloor/kitchen', ... (200 bytes))
1755023842: Received PUBLISH from dhruvubuntu.b1_to_b4 (d0, q0, r0, m0, 'groundfloor/kitchen', ... (195 bytes))
1755023842: [PLUGIN][B4] [TRUST] Evaluating message with signers: [ B0 B1 ]
1755023842: [PLUGIN][B4] [TRUST] Evaluating message based on last signer only.
1755023842: [PLUGIN][B4] [TRUST] Looking up direct trust from 'B1' to 'B4'
1755023842: [PLUGIN][B4] [TRUST] Found link from 'B1'. r=22, s=0. Direct trust is 0.958
1755023842: [PLUGIN][B4] [TRUST] ✅ Last signer 'B1' is trusted (0.958 >= 0.500). Accepting message.
1755023842: Sending PUBLISH to interactive-subscriberB4 (d0, q0, r0, m0, 'groundfloor/kitchen', ... (200 bytes))
1755023842: Sending PUBLISH to local.dhruvubuntu.b4_to_b6 (d0, q0, r0, m0, 'groundfloor/kitchen', ... (200 bytes))
1755023842: Received PUBLISH from interactive-subscriberB4 (d0, q0, r0, m0, 'internal/feedback', ... (51 bytes))
1755023842: [PLUGIN][B4] [TRUST] Feedback for link B2->B4. New counts: r=23, s=0. Link trust now 0.960
1755023842: Sending PUBLISH to local.dhruvubuntu.b4_to_b6 (d0, q0, r0, m0, 'internal/feedback/processed', ... (51 bytes))
1755023842: Received PUBLISH from interactive-subscriberB4 (d0, q0, r0, m0, 'internal/feedback', ... (51 bytes))
1755023842: [PLUGIN][B4] [TRUST] Feedback for link B1->B4. New counts: r=23, s=0. Link trust now 0.960
1755023842: Sending PUBLISH to local.dhruvubuntu.b4_to_b6 (d0, q0, r0, m0, 'internal/feedback/processed', ... (51 bytes))
1755023843: [PLUGIN][B4] [REFRESH] Periodic map refresh triggered.
1755023853: [PLUGIN][B4] [REFRESH] Periodic map refresh triggered.
1755023853: Received PUBLISH from dhruvubuntu.b1_to_b4 (d0, q0, r0, m0, 'groundfloor/kitchen', ... (195 bytes))
1755023853: [PLUGIN][B4] [TRUST] Evaluating message with signers: [ B0 B1 ]
1755023853: [PLUGIN][B4] [TRUST] Evaluating message based on last signer only.
1755023853: [PLUGIN][B4] [TRUST] Looking up direct trust from 'B1' to 'B4'
1755023853: [PLUGIN][B4] [TRUST] Found link from 'B1'. r=23, s=0. Direct trust is 0.960
1755023853: [PLUGIN][B4] [TRUST] ✅ Last signer 'B1' is trusted (0.960 >= 0.500). Accepting message.
1755023853: Sending PUBLISH to interactive-subscriberB4 (d0, q0, r0, m0, 'groundfloor/kitchen', ... (200 bytes))
1755023853: Sending PUBLISH to local.dhruvubuntu.b4_to_b6 (d0, q0, r0, m0, 'groundfloor/kitchen', ... (200 bytes))
1755023853: Received PUBLISH from dhruvubuntu.b2_to_b4 (d0, q0, r0, m0, 'groundfloor/kitchen', ... (195 bytes))
1755023853: [PLUGIN][B4] [TRUST] Evaluating message with signers: [ B0 B2 ]
1755023853: [PLUGIN][B4] [TRUST] Evaluating message based on last signer only.
1755023853: [PLUGIN][B4] [TRUST] Looking up direct trust from 'B2' to 'B4'
1755023853: [PLUGIN][B4] [TRUST] Found link from 'B2'. r=23, s=0. Direct trust is 0.960
1755023853: [PLUGIN][B4] [TRUST] ✅ Last signer 'B2' is trusted (0.960 >= 0.500). Accepting message.
1755023853: Sending PUBLISH to interactive-subscriberB4 (d0, q0, r0, m0, 'groundfloor/kitchen', ... (200 bytes))
1755023853: Sending PUBLISH to local.dhruvubuntu.b4_to_b6 (d0, q0, r0, m0, 'groundfloor/kitchen', ... (200 bytes))
1755023853: Received PUBLISH from interactive-subscriberB4 (d0, q0, r0, m0, 'internal/feedback', ... (51 bytes))
1755023853: [PLUGIN][B4] [TRUST] Feedback for link B1->B4. New counts: r=24, s=0. Link trust now 0.962
1755023853: Sending PUBLISH to local.dhruvubuntu.b4_to_b6 (d0, q0, r0, m0, 'internal/feedback/processed', ... (51 bytes))
1755023853: Received PUBLISH from interactive-subscriberB4 (d0, q0, r0, m0, 'internal/feedback', ... (51 bytes))
1755023853: [PLUGIN][B4] [TRUST] Feedback for link B2->B4. New counts: r=24, s=0. Link trust now 0.962
1755023853: Sending PUBLISH to local.dhruvubuntu.b4_to_b6 (d0, q0, r0, m0, 'internal/feedback/processed', ... (51 bytes))
1755023858: Received PINGREQ from dhruvubuntu.b2_to_b4
1755023858: Sending PINGRESP to dhruvubuntu.b2_to_b4
1755023860: Received PINGREQ from dhruvubuntu.b1_to_b4
1755023860: Sending PINGRESP to dhruvubuntu.b1_to_b4
1755023863: [PLUGIN][B4] [REFRESH] Periodic map refresh triggered.
1755023863: Sending PINGREQ to local.dhruvubuntu.b4_to_b6
1755023863: Received PINGRESP from local.dhruvubuntu.b4_to_b6
1755023864: Received PUBLISH from dhruvubuntu.b1_to_b4 (d0, q0, r0, m0, 'groundfloor/kitchen', ... (195 bytes))
1755023864: [PLUGIN][B4] [TRUST] Evaluating message with signers: [ B0 B1 ]
1755023864: [PLUGIN][B4] [TRUST] Evaluating message based on last signer only.
1755023864: [PLUGIN][B4] [TRUST] Looking up direct trust from 'B1' to 'B4'
1755023864: [PLUGIN][B4] [TRUST] Found link from 'B1'. r=24, s=0. Direct trust is 0.962
1755023864: [PLUGIN][B4] [TRUST] ✅ Last signer 'B1' is trusted (0.962 >= 0.500). Accepting message.
1755023864: Sending PUBLISH to interactive-subscriberB4 (d0, q0, r0, m0, 'groundfloor/kitchen', ... (200 bytes))
1755023864: Sending PUBLISH to local.dhruvubuntu.b4_to_b6 (d0, q0, r0, m0, 'groundfloor/kitchen', ... (200 bytes))
1755023864: Received PUBLISH from dhruvubuntu.b2_to_b4 (d0, q0, r0, m0, 'groundfloor/kitchen', ... (195 bytes))
1755023864: [PLUGIN][B4] [TRUST] Evaluating message with signers: [ B0 B2 ]
1755023864: [PLUGIN][B4] [TRUST] Evaluating message based on last signer only.
1755023864: [PLUGIN][B4] [TRUST] Looking up direct trust from 'B2' to 'B4'
1755023864: [PLUGIN][B4] [TRUST] Found link from 'B2'. r=24, s=0. Direct trust is 0.962
1755023864: [PLUGIN][B4] [TRUST] ✅ Last signer 'B2' is trusted (0.962 >= 0.500). Accepting message.
1755023864: Sending PUBLISH to interactive-subscriberB4 (d0, q0, r0, m0, 'groundfloor/kitchen', ... (200 bytes))
1755023864: Sending PUBLISH to local.dhruvubuntu.b4_to_b6 (d0, q0, r0, m0, 'groundfloor/kitchen', ... (200 bytes))
1755023864: Received PUBLISH from interactive-subscriberB4 (d0, q0, r0, m0, 'internal/feedback', ... (51 bytes))
1755023864: [PLUGIN][B4] [TRUST] Feedback for link B1->B4. New counts: r=25, s=0. Link trust now 0.963
1755023864: Sending PUBLISH to local.dhruvubuntu.b4_to_b6 (d0, q0, r0, m0, 'internal/feedback/processed', ... (51 bytes))
1755023864: Received PUBLISH from interactive-subscriberB4 (d0, q0, r0, m0, 'internal/feedback', ... (51 bytes))
1755023864: [PLUGIN][B4] [TRUST] Feedback for link B2->B4. New counts: r=25, s=0. Link trust now 0.963
1755023864: Sending PUBLISH to local.dhruvubuntu.b4_to_b6 (d0, q0, r0, m0, 'internal/feedback/processed', ... (51 bytes))
1755023873: [PLUGIN][B4] [REFRESH] Periodic map refresh triggered.
1755023875: Received PUBLISH from dhruvubuntu.b2_to_b4 (d0, q0, r0, m0, 'groundfloor/kitchen', ... (195 bytes))
1755023875: [PLUGIN][B4] [TRUST] Evaluating message with signers: [ B0 B2 ]
1755023875: [PLUGIN][B4] [TRUST] Evaluating message based on last signer only.
1755023875: [PLUGIN][B4] [TRUST] Looking up direct trust from 'B2' to 'B4'
1755023875: [PLUGIN][B4] [TRUST] Found link from 'B2'. r=25, s=0. Direct trust is 0.963
1755023875: [PLUGIN][B4] [TRUST] ✅ Last signer 'B2' is trusted (0.963 >= 0.500). Accepting message.
1755023875: Sending PUBLISH to interactive-subscriberB4 (d0, q0, r0, m0, 'groundfloor/kitchen', ... (200 bytes))
1755023875: Sending PUBLISH to local.dhruvubuntu.b4_to_b6 (d0, q0, r0, m0, 'groundfloor/kitchen', ... (200 bytes))
1755023875: Received PUBLISH from dhruvubuntu.b1_to_b4 (d0, q0, r0, m0, 'groundfloor/kitchen', ... (195 bytes))
1755023875: [PLUGIN][B4] [TRUST] Evaluating message with signers: [ B0 B1 ]
1755023875: [PLUGIN][B4] [TRUST] Evaluating message based on last signer only.
1755023875: [PLUGIN][B4] [TRUST] Looking up direct trust from 'B1' to 'B4'
1755023875: [PLUGIN][B4] [TRUST] Found link from 'B1'. r=25, s=0. Direct trust is 0.963
1755023875: [PLUGIN][B4] [TRUST] ✅ Last signer 'B1' is trusted (0.963 >= 0.500). Accepting message.
1755023875: Sending PUBLISH to interactive-subscriberB4 (d0, q0, r0, m0, 'groundfloor/kitchen', ... (200 bytes))
1755023875: Sending PUBLISH to local.dhruvubuntu.b4_to_b6 (d0, q0, r0, m0, 'groundfloor/kitchen', ... (200 bytes))
1755023875: Received PUBLISH from interactive-subscriberB4 (d0, q0, r0, m0, 'internal/feedback', ... (51 bytes))
1755023875: [PLUGIN][B4] [TRUST] Feedback for link B2->B4. New counts: r=26, s=0. Link trust now 0.964
1755023875: Sending PUBLISH to local.dhruvubuntu.b4_to_b6 (d0, q0, r0, m0, 'internal/feedback/processed', ... (51 bytes))
1755023875: Received PUBLISH from interactive-subscriberB4 (d0, q0, r0, m0, 'internal/feedback', ... (51 bytes))
1755023875: [PLUGIN][B4] [TRUST] Feedback for link B1->B4. New counts: r=26, s=0. Link trust now 0.964
1755023875: Sending PUBLISH to local.dhruvubuntu.b4_to_b6 (d0, q0, r0, m0, 'internal/feedback/processed', ... (51 bytes))
1755023883: [PLUGIN][B4] [REFRESH] Periodic map refresh triggered.
1755023886: Received PUBLISH from dhruvubuntu.b1_to_b4 (d0, q0, r0, m0, 'groundfloor/kitchen', ... (195 bytes))
1755023886: [PLUGIN][B4] [TRUST] Evaluating message with signers: [ B0 B1 ]
1755023886: [PLUGIN][B4] [TRUST] Evaluating message based on last signer only.
1755023886: [PLUGIN][B4] [TRUST] Looking up direct trust from 'B1' to 'B4'
1755023886: [PLUGIN][B4] [TRUST] Found link from 'B1'. r=26, s=0. Direct trust is 0.964
1755023886: [PLUGIN][B4] [TRUST] ✅ Last signer 'B1' is trusted (0.964 >= 0.500). Accepting message.
1755023886: Sending PUBLISH to interactive-subscriberB4 (d0, q0, r0, m0, 'groundfloor/kitchen', ... (200 bytes))
1755023886: Sending PUBLISH to local.dhruvubuntu.b4_to_b6 (d0, q0, r0, m0, 'groundfloor/kitchen', ... (200 bytes))
1755023886: Received PUBLISH from dhruvubuntu.b2_to_b4 (d0, q0, r0, m0, 'groundfloor/kitchen', ... (195 bytes))
1755023886: [PLUGIN][B4] [TRUST] Evaluating message with signers: [ B0 B2 ]
1755023886: [PLUGIN][B4] [TRUST] Evaluating message based on last signer only.
1755023886: [PLUGIN][B4] [TRUST] Looking up direct trust from 'B2' to 'B4'
1755023886: [PLUGIN][B4] [TRUST] Found link from 'B2'. r=26, s=0. Direct trust is 0.964
1755023886: [PLUGIN][B4] [TRUST] ✅ Last signer 'B2' is trusted (0.964 >= 0.500). Accepting message.
1755023886: Sending PUBLISH to interactive-subscriberB4 (d0, q0, r0, m0, 'groundfloor/kitchen', ... (200 bytes))
1755023886: Sending PUBLISH to local.dhruvubuntu.b4_to_b6 (d0, q0, r0, m0, 'groundfloor/kitchen', ... (200 bytes))
1755023886: Received PUBLISH from interactive-subscriberB4 (d0, q0, r0, m0, 'internal/feedback', ... (51 bytes))
1755023886: [PLUGIN][B4] [TRUST] Feedback for link B1->B4. New counts: r=27, s=0. Link trust now 0.966
1755023886: Sending PUBLISH to local.dhruvubuntu.b4_to_b6 (d0, q0, r0, m0, 'internal/feedback/processed', ... (51 bytes))
1755023886: Received PUBLISH from interactive-subscriberB4 (d0, q0, r0, m0, 'internal/feedback', ... (51 bytes))
1755023886: [PLUGIN][B4] [TRUST] Feedback for link B2->B4. New counts: r=27, s=0. Link trust now 0.966
1755023886: Sending PUBLISH to local.dhruvubuntu.b4_to_b6 (d0, q0, r0, m0, 'internal/feedback/processed', ... (51 bytes))
1755023893: [PLUGIN][B4] [REFRESH] Periodic map refresh triggered.
1755023897: Received PUBLISH from dhruvubuntu.b1_to_b4 (d0, q0, r0, m0, 'groundfloor/kitchen', ... (195 bytes))
1755023897: [PLUGIN][B4] [TRUST] Evaluating message with signers: [ B0 B1 ]
1755023897: [PLUGIN][B4] [TRUST] Evaluating message based on last signer only.
1755023897: [PLUGIN][B4] [TRUST] Looking up direct trust from 'B1' to 'B4'
1755023897: [PLUGIN][B4] [TRUST] Found link from 'B1'. r=27, s=0. Direct trust is 0.966
1755023897: [PLUGIN][B4] [TRUST] ✅ Last signer 'B1' is trusted (0.966 >= 0.500). Accepting message.
1755023897: Sending PUBLISH to interactive-subscriberB4 (d0, q0, r0, m0, 'groundfloor/kitchen', ... (200 bytes))
1755023897: Sending PUBLISH to local.dhruvubuntu.b4_to_b6 (d0, q0, r0, m0, 'groundfloor/kitchen', ... (200 bytes))
1755023897: Received PUBLISH from dhruvubuntu.b2_to_b4 (d0, q0, r0, m0, 'groundfloor/kitchen', ... (195 bytes))
1755023897: [PLUGIN][B4] [TRUST] Evaluating message with signers: [ B0 B2 ]
1755023897: [PLUGIN][B4] [TRUST] Evaluating message based on last signer only.
1755023897: [PLUGIN][B4] [TRUST] Looking up direct trust from 'B2' to 'B4'
1755023897: [PLUGIN][B4] [TRUST] Found link from 'B2'. r=27, s=0. Direct trust is 0.966
1755023897: [PLUGIN][B4] [TRUST] ✅ Last signer 'B2' is trusted (0.966 >= 0.500). Accepting message.
1755023897: Sending PUBLISH to interactive-subscriberB4 (d0, q0, r0, m0, 'groundfloor/kitchen', ... (200 bytes))
1755023897: Sending PUBLISH to local.dhruvubuntu.b4_to_b6 (d0, q0, r0, m0, 'groundfloor/kitchen', ... (200 bytes))
1755023897: Received PUBLISH from interactive-subscriberB4 (d0, q0, r0, m0, 'internal/feedback', ... (51 bytes))
1755023897: [PLUGIN][B4] [TRUST] Feedback for link B1->B4. New counts: r=28, s=0. Link trust now 0.967
1755023897: Sending PUBLISH to local.dhruvubuntu.b4_to_b6 (d0, q0, r0, m0, 'internal/feedback/processed', ... (51 bytes))
1755023897: Received PUBLISH from interactive-subscriberB4 (d0, q0, r0, m0, 'internal/feedback', ... (51 bytes))
1755023897: [PLUGIN][B4] [TRUST] Feedback for link B2->B4. New counts: r=28, s=0. Link trust now 0.967
1755023897: Sending PUBLISH to local.dhruvubuntu.b4_to_b6 (d0, q0, r0, m0, 'internal/feedback/processed', ... (51 bytes))
1755023903: [PLUGIN][B4] [REFRESH] Periodic map refresh triggered.
1755023908: Received PUBLISH from dhruvubuntu.b2_to_b4 (d0, q0, r0, m0, 'groundfloor/kitchen', ... (195 bytes))
1755023908: [PLUGIN][B4] [TRUST] Evaluating message with signers: [ B0 B2 ]
1755023908: [PLUGIN][B4] [TRUST] Evaluating message based on last signer only.
1755023908: [PLUGIN][B4] [TRUST] Looking up direct trust from 'B2' to 'B4'
1755023908: [PLUGIN][B4] [TRUST] Found link from 'B2'. r=28, s=0. Direct trust is 0.967
1755023908: [PLUGIN][B4] [TRUST] ✅ Last signer 'B2' is trusted (0.967 >= 0.500). Accepting message.
1755023908: Sending PUBLISH to interactive-subscriberB4 (d0, q0, r0, m0, 'groundfloor/kitchen', ... (200 bytes))
1755023908: Sending PUBLISH to local.dhruvubuntu.b4_to_b6 (d0, q0, r0, m0, 'groundfloor/kitchen', ... (200 bytes))
1755023908: Received PUBLISH from dhruvubuntu.b1_to_b4 (d0, q0, r0, m0, 'groundfloor/kitchen', ... (195 bytes))
1755023908: [PLUGIN][B4] [TRUST] Evaluating message with signers: [ B0 B1 ]
1755023908: [PLUGIN][B4] [TRUST] Evaluating message based on last signer only.
1755023908: [PLUGIN][B4] [TRUST] Looking up direct trust from 'B1' to 'B4'
1755023908: [PLUGIN][B4] [TRUST] Found link from 'B1'. r=28, s=0. Direct trust is 0.967
1755023908: [PLUGIN][B4] [TRUST] ✅ Last signer 'B1' is trusted (0.967 >= 0.500). Accepting message.
1755023908: Sending PUBLISH to interactive-subscriberB4 (d0, q0, r0, m0, 'groundfloor/kitchen', ... (200 bytes))
1755023908: Sending PUBLISH to local.dhruvubuntu.b4_to_b6 (d0, q0, r0, m0, 'groundfloor/kitchen', ... (200 bytes))
1755023908: Received PUBLISH from interactive-subscriberB4 (d0, q0, r0, m0, 'internal/feedback', ... (51 bytes))
1755023908: [PLUGIN][B4] [TRUST] Feedback for link B2->B4. New counts: r=29, s=0. Link trust now 0.968
1755023908: Sending PUBLISH to local.dhruvubuntu.b4_to_b6 (d0, q0, r0, m0, 'internal/feedback/processed', ... (51 bytes))
1755023908: Received PUBLISH from interactive-subscriberB4 (d0, q0, r0, m0, 'internal/feedback', ... (51 bytes))
1755023908: [PLUGIN][B4] [TRUST] Feedback for link B1->B4. New counts: r=29, s=0. Link trust now 0.968
1755023908: Sending PUBLISH to local.dhruvubuntu.b4_to_b6 (d0, q0, r0, m0, 'internal/feedback/processed', ... (51 bytes))
1755023913: [PLUGIN][B4] [REFRESH] Periodic map refresh triggered.
1755023918: Received PINGREQ from dhruvubuntu.b2_to_b4
1755023918: Sending PINGRESP to dhruvubuntu.b2_to_b4
1755023919: Received PUBLISH from dhruvubuntu.b1_to_b4 (d0, q0, r0, m0, 'groundfloor/kitchen', ... (195 bytes))
1755023919: [PLUGIN][B4] [TRUST] Evaluating message with signers: [ B0 B1 ]
1755023919: [PLUGIN][B4] [TRUST] Evaluating message based on last signer only.
1755023919: [PLUGIN][B4] [TRUST] Looking up direct trust from 'B1' to 'B4'
1755023919: [PLUGIN][B4] [TRUST] Found link from 'B1'. r=29, s=0. Direct trust is 0.968
1755023919: [PLUGIN][B4] [TRUST] ✅ Last signer 'B1' is trusted (0.968 >= 0.500). Accepting message.
1755023919: Sending PUBLISH to interactive-subscriberB4 (d0, q0, r0, m0, 'groundfloor/kitchen', ... (200 bytes))
1755023919: Sending PUBLISH to local.dhruvubuntu.b4_to_b6 (d0, q0, r0, m0, 'groundfloor/kitchen', ... (200 bytes))
1755023919: Received PUBLISH from dhruvubuntu.b2_to_b4 (d0, q0, r0, m0, 'groundfloor/kitchen', ... (195 bytes))
1755023919: [PLUGIN][B4] [TRUST] Evaluating message with signers: [ B0 B2 ]
1755023919: [PLUGIN][B4] [TRUST] Evaluating message based on last signer only.
1755023919: [PLUGIN][B4] [TRUST] Looking up direct trust from 'B2' to 'B4'
1755023919: [PLUGIN][B4] [TRUST] Found link from 'B2'. r=29, s=0. Direct trust is 0.968
1755023919: [PLUGIN][B4] [TRUST] ✅ Last signer 'B2' is trusted (0.968 >= 0.500). Accepting message.
1755023919: Sending PUBLISH to interactive-subscriberB4 (d0, q0, r0, m0, 'groundfloor/kitchen', ... (200 bytes))
1755023919: Sending PUBLISH to local.dhruvubuntu.b4_to_b6 (d0, q0, r0, m0, 'groundfloor/kitchen', ... (200 bytes))
1755023919: Received PUBLISH from interactive-subscriberB4 (d0, q0, r0, m0, 'internal/feedback', ... (51 bytes))
1755023919: [PLUGIN][B4] [TRUST] Feedback for link B1->B4. New counts: r=30, s=0. Link trust now 0.969
1755023919: Sending PUBLISH to local.dhruvubuntu.b4_to_b6 (d0, q0, r0, m0, 'internal/feedback/processed', ... (51 bytes))
1755023919: Received PUBLISH from interactive-subscriberB4 (d0, q0, r0, m0, 'internal/feedback', ... (51 bytes))
1755023919: [PLUGIN][B4] [TRUST] Feedback for link B2->B4. New counts: r=30, s=0. Link trust now 0.969
1755023919: Sending PUBLISH to local.dhruvubuntu.b4_to_b6 (d0, q0, r0, m0, 'internal/feedback/processed', ... (51 bytes))
1755023920: Received PINGREQ from dhruvubuntu.b1_to_b4
1755023920: Sending PINGRESP to dhruvubuntu.b1_to_b4
1755023923: [PLUGIN][B4] [REFRESH] Periodic map refresh triggered.
1755023923: Sending PINGREQ to local.dhruvubuntu.b4_to_b6
1755023923: Received PINGRESP from local.dhruvubuntu.b4_to_b6
1755023930: Received PUBLISH from dhruvubuntu.b2_to_b4 (d0, q0, r0, m0, 'groundfloor/kitchen', ... (195 bytes))
1755023930: [PLUGIN][B4] [TRUST] Evaluating message with signers: [ B0 B2 ]
1755023930: [PLUGIN][B4] [TRUST] Evaluating message based on last signer only.
1755023930: [PLUGIN][B4] [TRUST] Looking up direct trust from 'B2' to 'B4'
1755023930: [PLUGIN][B4] [TRUST] Found link from 'B2'. r=30, s=0. Direct trust is 0.969
1755023930: [PLUGIN][B4] [TRUST] ✅ Last signer 'B2' is trusted (0.969 >= 0.500). Accepting message.
1755023930: Sending PUBLISH to interactive-subscriberB4 (d0, q0, r0, m0, 'groundfloor/kitchen', ... (200 bytes))
1755023930: Sending PUBLISH to local.dhruvubuntu.b4_to_b6 (d0, q0, r0, m0, 'groundfloor/kitchen', ... (200 bytes))
1755023930: Received PUBLISH from dhruvubuntu.b1_to_b4 (d0, q0, r0, m0, 'groundfloor/kitchen', ... (195 bytes))
1755023930: [PLUGIN][B4] [TRUST] Evaluating message with signers: [ B0 B1 ]
1755023930: [PLUGIN][B4] [TRUST] Evaluating message based on last signer only.
1755023930: [PLUGIN][B4] [TRUST] Looking up direct trust from 'B1' to 'B4'
1755023930: [PLUGIN][B4] [TRUST] Found link from 'B1'. r=30, s=0. Direct trust is 0.969
1755023930: [PLUGIN][B4] [TRUST] ✅ Last signer 'B1' is trusted (0.969 >= 0.500). Accepting message.
1755023930: Sending PUBLISH to interactive-subscriberB4 (d0, q0, r0, m0, 'groundfloor/kitchen', ... (200 bytes))
1755023930: Sending PUBLISH to local.dhruvubuntu.b4_to_b6 (d0, q0, r0, m0, 'groundfloor/kitchen', ... (200 bytes))
1755023930: Received PUBLISH from interactive-subscriberB4 (d0, q0, r0, m0, 'internal/feedback', ... (51 bytes))
1755023930: [PLUGIN][B4] [TRUST] Feedback for link B2->B4. New counts: r=31, s=0. Link trust now 0.970
1755023930: Sending PUBLISH to local.dhruvubuntu.b4_to_b6 (d0, q0, r0, m0, 'internal/feedback/processed', ... (51 bytes))
1755023930: Received PUBLISH from interactive-subscriberB4 (d0, q0, r0, m0, 'internal/feedback', ... (51 bytes))
1755023930: [PLUGIN][B4] [TRUST] Feedback for link B1->B4. New counts: r=31, s=0. Link trust now 0.970
1755023930: Sending PUBLISH to local.dhruvubuntu.b4_to_b6 (d0, q0, r0, m0, 'internal/feedback/processed', ... (51 bytes))
1755023933: [PLUGIN][B4] [REFRESH] Periodic map refresh triggered.
1755023941: Received PUBLISH from dhruvubuntu.b1_to_b4 (d0, q0, r0, m0, 'groundfloor/kitchen', ... (195 bytes))
1755023941: [PLUGIN][B4] [TRUST] Evaluating message with signers: [ B0 B1 ]
1755023941: [PLUGIN][B4] [TRUST] Evaluating message based on last signer only.
1755023941: [PLUGIN][B4] [TRUST] Looking up direct trust from 'B1' to 'B4'
1755023941: [PLUGIN][B4] [TRUST] Found link from 'B1'. r=31, s=0. Direct trust is 0.970
1755023941: [PLUGIN][B4] [TRUST] ✅ Last signer 'B1' is trusted (0.970 >= 0.500). Accepting message.
1755023941: Sending PUBLISH to interactive-subscriberB4 (d0, q0, r0, m0, 'groundfloor/kitchen', ... (200 bytes))
1755023941: Sending PUBLISH to local.dhruvubuntu.b4_to_b6 (d0, q0, r0, m0, 'groundfloor/kitchen', ... (200 bytes))
1755023941: Received PUBLISH from dhruvubuntu.b2_to_b4 (d0, q0, r0, m0, 'groundfloor/kitchen', ... (195 bytes))
1755023941: [PLUGIN][B4] [TRUST] Evaluating message with signers: [ B0 B2 ]
1755023941: [PLUGIN][B4] [TRUST] Evaluating message based on last signer only.
1755023941: [PLUGIN][B4] [TRUST] Looking up direct trust from 'B2' to 'B4'
1755023941: [PLUGIN][B4] [TRUST] Found link from 'B2'. r=31, s=0. Direct trust is 0.970
1755023941: [PLUGIN][B4] [TRUST] ✅ Last signer 'B2' is trusted (0.970 >= 0.500). Accepting message.
1755023941: Sending PUBLISH to interactive-subscriberB4 (d0, q0, r0, m0, 'groundfloor/kitchen', ... (200 bytes))
1755023941: Sending PUBLISH to local.dhruvubuntu.b4_to_b6 (d0, q0, r0, m0, 'groundfloor/kitchen', ... (200 bytes))
1755023941: Received PUBLISH from interactive-subscriberB4 (d0, q0, r0, m0, 'internal/feedback', ... (51 bytes))
1755023941: [PLUGIN][B4] [TRUST] Feedback for link B1->B4. New counts: r=32, s=0. Link trust now 0.971
1755023941: Sending PUBLISH to local.dhruvubuntu.b4_to_b6 (d0, q0, r0, m0, 'internal/feedback/processed', ... (51 bytes))
1755023941: Received PUBLISH from interactive-subscriberB4 (d0, q0, r0, m0, 'internal/feedback', ... (51 bytes))
1755023941: [PLUGIN][B4] [TRUST] Feedback for link B2->B4. New counts: r=32, s=0. Link trust now 0.971
1755023941: Sending PUBLISH to local.dhruvubuntu.b4_to_b6 (d0, q0, r0, m0, 'internal/feedback/processed', ... (51 bytes))
1755023943: [PLUGIN][B4] [REFRESH] Periodic map refresh triggered.
1755023953: [PLUGIN][B4] [REFRESH] Periodic map refresh triggered.
1755023955: Received PUBLISH from dhruvubuntu.b2_to_b4 (d0, q0, r0, m0, 'groundfloor/kitchen', ... (195 bytes))
1755023955: [PLUGIN][B4] [TRUST] Evaluating message with signers: [ B0 B2 ]
1755023955: [PLUGIN][B4] [TRUST] Evaluating message based on last signer only.
1755023955: [PLUGIN][B4] [TRUST] Looking up direct trust from 'B2' to 'B4'
1755023955: [PLUGIN][B4] [TRUST] Found link from 'B2'. r=32, s=0. Direct trust is 0.971
1755023955: [PLUGIN][B4] [TRUST] ✅ Last signer 'B2' is trusted (0.971 >= 0.500). Accepting message.
1755023955: Sending PUBLISH to interactive-subscriberB4 (d0, q0, r0, m0, 'groundfloor/kitchen', ... (200 bytes))
1755023955: Sending PUBLISH to local.dhruvubuntu.b4_to_b6 (d0, q0, r0, m0, 'groundfloor/kitchen', ... (200 bytes))
1755023955: Received PUBLISH from dhruvubuntu.b1_to_b4 (d0, q0, r0, m0, 'groundfloor/kitchen', ... (195 bytes))
1755023955: [PLUGIN][B4] [TRUST] Evaluating message with signers: [ B0 B1 ]
1755023955: [PLUGIN][B4] [TRUST] Evaluating message based on last signer only.
1755023955: [PLUGIN][B4] [TRUST] Looking up direct trust from 'B1' to 'B4'
1755023955: [PLUGIN][B4] [TRUST] Found link from 'B1'. r=32, s=0. Direct trust is 0.971
1755023955: [PLUGIN][B4] [TRUST] ✅ Last signer 'B1' is trusted (0.971 >= 0.500). Accepting message.
1755023955: Sending PUBLISH to interactive-subscriberB4 (d0, q0, r0, m0, 'groundfloor/kitchen', ... (200 bytes))
1755023955: Sending PUBLISH to local.dhruvubuntu.b4_to_b6 (d0, q0, r0, m0, 'groundfloor/kitchen', ... (200 bytes))
1755023955: Received PUBLISH from interactive-subscriberB4 (d0, q0, r0, m0, 'internal/feedback', ... (51 bytes))
1755023955: [PLUGIN][B4] [TRUST] Feedback for link B2->B4. New counts: r=33, s=0. Link trust now 0.971
1755023955: Sending PUBLISH to local.dhruvubuntu.b4_to_b6 (d0, q0, r0, m0, 'internal/feedback/processed', ... (51 bytes))
1755023955: Received PUBLISH from interactive-subscriberB4 (d0, q0, r0, m0, 'internal/feedback', ... (51 bytes))
1755023955: [PLUGIN][B4] [TRUST] Feedback for link B1->B4. New counts: r=33, s=0. Link trust now 0.971
1755023955: Sending PUBLISH to local.dhruvubuntu.b4_to_b6 (d0, q0, r0, m0, 'internal/feedback/processed', ... (51 bytes))
1755023963: [PLUGIN][B4] [REFRESH] Periodic map refresh triggered.
1755023966: Received PUBLISH from dhruvubuntu.b2_to_b4 (d0, q0, r0, m0, 'groundfloor/kitchen', ... (195 bytes))
1755023966: [PLUGIN][B4] [TRUST] Evaluating message with signers: [ B0 B2 ]
1755023966: [PLUGIN][B4] [TRUST] Evaluating message based on last signer only.
1755023966: [PLUGIN][B4] [TRUST] Looking up direct trust from 'B2' to 'B4'
1755023966: [PLUGIN][B4] [TRUST] Found link from 'B2'. r=33, s=0. Direct trust is 0.971
1755023966: [PLUGIN][B4] [TRUST] ✅ Last signer 'B2' is trusted (0.971 >= 0.500). Accepting message.
1755023966: Sending PUBLISH to interactive-subscriberB4 (d0, q0, r0, m0, 'groundfloor/kitchen', ... (200 bytes))
1755023966: Sending PUBLISH to local.dhruvubuntu.b4_to_b6 (d0, q0, r0, m0, 'groundfloor/kitchen', ... (200 bytes))
1755023966: Received PUBLISH from dhruvubuntu.b1_to_b4 (d0, q0, r0, m0, 'groundfloor/kitchen', ... (195 bytes))
1755023966: [PLUGIN][B4] [TRUST] Evaluating message with signers: [ B0 B1 ]
1755023966: [PLUGIN][B4] [TRUST] Evaluating message based on last signer only.
1755023966: [PLUGIN][B4] [TRUST] Looking up direct trust from 'B1' to 'B4'
1755023966: [PLUGIN][B4] [TRUST] Found link from 'B1'. r=33, s=0. Direct trust is 0.971
1755023966: [PLUGIN][B4] [TRUST] ✅ Last signer 'B1' is trusted (0.971 >= 0.500). Accepting message.
1755023966: Sending PUBLISH to interactive-subscriberB4 (d0, q0, r0, m0, 'groundfloor/kitchen', ... (200 bytes))
1755023966: Sending PUBLISH to local.dhruvubuntu.b4_to_b6 (d0, q0, r0, m0, 'groundfloor/kitchen', ... (200 bytes))
1755023966: Received PUBLISH from interactive-subscriberB4 (d0, q0, r0, m0, 'internal/feedback', ... (51 bytes))
1755023966: [PLUGIN][B4] [TRUST] Feedback for link B2->B4. New counts: r=34, s=0. Link trust now 0.972
1755023966: Sending PUBLISH to local.dhruvubuntu.b4_to_b6 (d0, q0, r0, m0, 'internal/feedback/processed', ... (51 bytes))
1755023966: Received PUBLISH from interactive-subscriberB4 (d0, q0, r0, m0, 'internal/feedback', ... (51 bytes))
1755023966: [PLUGIN][B4] [TRUST] Feedback for link B1->B4. New counts: r=34, s=0. Link trust now 0.972
1755023966: Sending PUBLISH to local.dhruvubuntu.b4_to_b6 (d0, q0, r0, m0, 'internal/feedback/processed', ... (51 bytes))
1755023973: [PLUGIN][B4] [REFRESH] Periodic map refresh triggered.
1755023977: Received PUBLISH from dhruvubuntu.b2_to_b4 (d0, q0, r0, m0, 'groundfloor/kitchen', ... (195 bytes))
1755023977: [PLUGIN][B4] [TRUST] Evaluating message with signers: [ B0 B2 ]
1755023977: [PLUGIN][B4] [TRUST] Evaluating message based on last signer only.
1755023977: [PLUGIN][B4] [TRUST] Looking up direct trust from 'B2' to 'B4'
1755023977: [PLUGIN][B4] [TRUST] Found link from 'B2'. r=34, s=0. Direct trust is 0.972
1755023977: [PLUGIN][B4] [TRUST] ✅ Last signer 'B2' is trusted (0.972 >= 0.500). Accepting message.
1755023977: Sending PUBLISH to interactive-subscriberB4 (d0, q0, r0, m0, 'groundfloor/kitchen', ... (200 bytes))
1755023977: Sending PUBLISH to local.dhruvubuntu.b4_to_b6 (d0, q0, r0, m0, 'groundfloor/kitchen', ... (200 bytes))
1755023977: Received PUBLISH from dhruvubuntu.b1_to_b4 (d0, q0, r0, m0, 'groundfloor/kitchen', ... (195 bytes))
1755023977: [PLUGIN][B4] [TRUST] Evaluating message with signers: [ B0 B1 ]
1755023977: [PLUGIN][B4] [TRUST] Evaluating message based on last signer only.
1755023977: [PLUGIN][B4] [TRUST] Looking up direct trust from 'B1' to 'B4'
1755023977: [PLUGIN][B4] [TRUST] Found link from 'B1'. r=34, s=0. Direct trust is 0.972
1755023977: [PLUGIN][B4] [TRUST] ✅ Last signer 'B1' is trusted (0.972 >= 0.500). Accepting message.
1755023977: Sending PUBLISH to interactive-subscriberB4 (d0, q0, r0, m0, 'groundfloor/kitchen', ... (200 bytes))
1755023977: Sending PUBLISH to local.dhruvubuntu.b4_to_b6 (d0, q0, r0, m0, 'groundfloor/kitchen', ... (200 bytes))
1755023977: Received PUBLISH from interactive-subscriberB4 (d0, q0, r0, m0, 'internal/feedback', ... (51 bytes))
1755023977: [PLUGIN][B4] [TRUST] Feedback for link B2->B4. New counts: r=35, s=0. Link trust now 0.973
1755023977: Sending PUBLISH to local.dhruvubuntu.b4_to_b6 (d0, q0, r0, m0, 'internal/feedback/processed', ... (51 bytes))
1755023977: Received PUBLISH from interactive-subscriberB4 (d0, q0, r0, m0, 'internal/feedback', ... (51 bytes))
1755023977: [PLUGIN][B4] [TRUST] Feedback for link B1->B4. New counts: r=35, s=0. Link trust now 0.973
1755023977: Sending PUBLISH to local.dhruvubuntu.b4_to_b6 (d0, q0, r0, m0, 'internal/feedback/processed', ... (51 bytes))
1755023978: Received PINGREQ from dhruvubuntu.b2_to_b4
1755023978: Sending PINGRESP to dhruvubuntu.b2_to_b4
1755023980: Received PINGREQ from dhruvubuntu.b1_to_b4
1755023980: Sending PINGRESP to dhruvubuntu.b1_to_b4
1755023983: [PLUGIN][B4] [REFRESH] Periodic map refresh triggered.
1755023983: Sending PINGREQ to local.dhruvubuntu.b4_to_b6
1755023983: Received PINGRESP from local.dhruvubuntu.b4_to_b6
1755023988: Received PUBLISH from dhruvubuntu.b2_to_b4 (d0, q0, r0, m0, 'groundfloor/kitchen', ... (195 bytes))
1755023988: [PLUGIN][B4] [TRUST] Evaluating message with signers: [ B0 B2 ]
1755023988: [PLUGIN][B4] [TRUST] Evaluating message based on last signer only.
1755023988: [PLUGIN][B4] [TRUST] Looking up direct trust from 'B2' to 'B4'
1755023988: [PLUGIN][B4] [TRUST] Found link from 'B2'. r=35, s=0. Direct trust is 0.973
1755023988: [PLUGIN][B4] [TRUST] ✅ Last signer 'B2' is trusted (0.973 >= 0.500). Accepting message.
1755023988: Sending PUBLISH to interactive-subscriberB4 (d0, q0, r0, m0, 'groundfloor/kitchen', ... (200 bytes))
1755023988: Sending PUBLISH to local.dhruvubuntu.b4_to_b6 (d0, q0, r0, m0, 'groundfloor/kitchen', ... (200 bytes))
1755023988: Received PUBLISH from dhruvubuntu.b1_to_b4 (d0, q0, r0, m0, 'groundfloor/kitchen', ... (195 bytes))
1755023988: [PLUGIN][B4] [TRUST] Evaluating message with signers: [ B0 B1 ]
1755023988: [PLUGIN][B4] [TRUST] Evaluating message based on last signer only.
1755023988: [PLUGIN][B4] [TRUST] Looking up direct trust from 'B1' to 'B4'
1755023988: [PLUGIN][B4] [TRUST] Found link from 'B1'. r=35, s=0. Direct trust is 0.973
1755023988: [PLUGIN][B4] [TRUST] ✅ Last signer 'B1' is trusted (0.973 >= 0.500). Accepting message.
1755023988: Sending PUBLISH to interactive-subscriberB4 (d0, q0, r0, m0, 'groundfloor/kitchen', ... (200 bytes))
1755023988: Sending PUBLISH to local.dhruvubuntu.b4_to_b6 (d0, q0, r0, m0, 'groundfloor/kitchen', ... (200 bytes))
1755023988: Received PUBLISH from interactive-subscriberB4 (d0, q0, r0, m0, 'internal/feedback', ... (51 bytes))
1755023988: [PLUGIN][B4] [TRUST] Feedback for link B2->B4. New counts: r=36, s=0. Link trust now 0.974
1755023988: Sending PUBLISH to local.dhruvubuntu.b4_to_b6 (d0, q0, r0, m0, 'internal/feedback/processed', ... (51 bytes))
1755023988: Received PUBLISH from interactive-subscriberB4 (d0, q0, r0, m0, 'internal/feedback', ... (51 bytes))
1755023988: [PLUGIN][B4] [TRUST] Feedback for link B1->B4. New counts: r=36, s=0. Link trust now 0.974
1755023988: Sending PUBLISH to local.dhruvubuntu.b4_to_b6 (d0, q0, r0, m0, 'internal/feedback/processed', ... (51 bytes))
1755023993: [PLUGIN][B4] [REFRESH] Periodic map refresh triggered.
1755023999: Received PUBLISH from dhruvubuntu.b2_to_b4 (d0, q0, r0, m0, 'groundfloor/kitchen', ... (195 bytes))
1755023999: [PLUGIN][B4] [TRUST] Evaluating message with signers: [ B0 B2 ]
1755023999: [PLUGIN][B4] [TRUST] Evaluating message based on last signer only.
1755023999: [PLUGIN][B4] [TRUST] Looking up direct trust from 'B2' to 'B4'
1755023999: [PLUGIN][B4] [TRUST] Found link from 'B2'. r=36, s=0. Direct trust is 0.974
1755023999: [PLUGIN][B4] [TRUST] ✅ Last signer 'B2' is trusted (0.974 >= 0.500). Accepting message.
1755023999: Sending PUBLISH to interactive-subscriberB4 (d0, q0, r0, m0, 'groundfloor/kitchen', ... (200 bytes))
1755023999: Sending PUBLISH to local.dhruvubuntu.b4_to_b6 (d0, q0, r0, m0, 'groundfloor/kitchen', ... (200 bytes))
1755023999: Received PUBLISH from dhruvubuntu.b1_to_b4 (d0, q0, r0, m0, 'groundfloor/kitchen', ... (195 bytes))
1755023999: [PLUGIN][B4] [TRUST] Evaluating message with signers: [ B0 B1 ]
1755023999: [PLUGIN][B4] [TRUST] Evaluating message based on last signer only.
1755023999: [PLUGIN][B4] [TRUST] Looking up direct trust from 'B1' to 'B4'
1755023999: [PLUGIN][B4] [TRUST] Found link from 'B1'. r=36, s=0. Direct trust is 0.974
1755023999: [PLUGIN][B4] [TRUST] ✅ Last signer 'B1' is trusted (0.974 >= 0.500). Accepting message.
1755023999: Sending PUBLISH to interactive-subscriberB4 (d0, q0, r0, m0, 'groundfloor/kitchen', ... (200 bytes))
1755023999: Sending PUBLISH to local.dhruvubuntu.b4_to_b6 (d0, q0, r0, m0, 'groundfloor/kitchen', ... (200 bytes))
1755023999: Received PUBLISH from interactive-subscriberB4 (d0, q0, r0, m0, 'internal/feedback', ... (51 bytes))
1755023999: [PLUGIN][B4] [TRUST] Feedback for link B2->B4. New counts: r=37, s=0. Link trust now 0.974
1755023999: Sending PUBLISH to local.dhruvubuntu.b4_to_b6 (d0, q0, r0, m0, 'internal/feedback/processed', ... (51 bytes))
1755023999: Received PUBLISH from interactive-subscriberB4 (d0, q0, r0, m0, 'internal/feedback', ... (51 bytes))
1755023999: [PLUGIN][B4] [TRUST] Feedback for link B1->B4. New counts: r=37, s=0. Link trust now 0.974
1755023999: Sending PUBLISH to local.dhruvubuntu.b4_to_b6 (d0, q0, r0, m0, 'internal/feedback/processed', ... (51 bytes))
1755024003: [PLUGIN][B4] [REFRESH] Periodic map refresh triggered.
1755024010: Received PUBLISH from dhruvubuntu.b2_to_b4 (d0, q0, r0, m0, 'groundfloor/kitchen', ... (195 bytes))
1755024010: [PLUGIN][B4] [TRUST] Evaluating message with signers: [ B0 B2 ]
1755024010: [PLUGIN][B4] [TRUST] Evaluating message based on last signer only.
1755024010: [PLUGIN][B4] [TRUST] Looking up direct trust from 'B2' to 'B4'
1755024010: [PLUGIN][B4] [TRUST] Found link from 'B2'. r=37, s=0. Direct trust is 0.974
1755024010: [PLUGIN][B4] [TRUST] ✅ Last signer 'B2' is trusted (0.974 >= 0.500). Accepting message.
1755024010: Sending PUBLISH to interactive-subscriberB4 (d0, q0, r0, m0, 'groundfloor/kitchen', ... (200 bytes))
1755024010: Sending PUBLISH to local.dhruvubuntu.b4_to_b6 (d0, q0, r0, m0, 'groundfloor/kitchen', ... (200 bytes))
1755024010: Received PUBLISH from dhruvubuntu.b1_to_b4 (d0, q0, r0, m0, 'groundfloor/kitchen', ... (195 bytes))
1755024010: [PLUGIN][B4] [TRUST] Evaluating message with signers: [ B0 B1 ]
1755024010: [PLUGIN][B4] [TRUST] Evaluating message based on last signer only.
1755024010: [PLUGIN][B4] [TRUST] Looking up direct trust from 'B1' to 'B4'
1755024010: [PLUGIN][B4] [TRUST] Found link from 'B1'. r=37, s=0. Direct trust is 0.974
1755024010: [PLUGIN][B4] [TRUST] ✅ Last signer 'B1' is trusted (0.974 >= 0.500). Accepting message.
1755024010: Sending PUBLISH to interactive-subscriberB4 (d0, q0, r0, m0, 'groundfloor/kitchen', ... (200 bytes))
1755024010: Sending PUBLISH to local.dhruvubuntu.b4_to_b6 (d0, q0, r0, m0, 'groundfloor/kitchen', ... (200 bytes))
1755024010: Received PUBLISH from interactive-subscriberB4 (d0, q0, r0, m0, 'internal/feedback', ... (51 bytes))
1755024010: [PLUGIN][B4] [TRUST] Feedback for link B2->B4. New counts: r=38, s=0. Link trust now 0.975
1755024010: Sending PUBLISH to local.dhruvubuntu.b4_to_b6 (d0, q0, r0, m0, 'internal/feedback/processed', ... (51 bytes))
1755024010: Received PUBLISH from interactive-subscriberB4 (d0, q0, r0, m0, 'internal/feedback', ... (51 bytes))
1755024010: [PLUGIN][B4] [TRUST] Feedback for link B1->B4. New counts: r=38, s=0. Link trust now 0.975
1755024010: Sending PUBLISH to local.dhruvubuntu.b4_to_b6 (d0, q0, r0, m0, 'internal/feedback/processed', ... (51 bytes))
1755024013: [PLUGIN][B4] [REFRESH] Periodic map refresh triggered.
1755024021: Received PUBLISH from dhruvubuntu.b2_to_b4 (d0, q0, r0, m0, 'groundfloor/kitchen', ... (195 bytes))
1755024021: [PLUGIN][B4] [TRUST] Evaluating message with signers: [ B0 B2 ]
1755024021: [PLUGIN][B4] [TRUST] Evaluating message based on last signer only.
1755024021: [PLUGIN][B4] [TRUST] Looking up direct trust from 'B2' to 'B4'
1755024021: [PLUGIN][B4] [TRUST] Found link from 'B2'. r=38, s=0. Direct trust is 0.975
1755024021: [PLUGIN][B4] [TRUST] ✅ Last signer 'B2' is trusted (0.975 >= 0.500). Accepting message.
1755024021: Sending PUBLISH to interactive-subscriberB4 (d0, q0, r0, m0, 'groundfloor/kitchen', ... (200 bytes))
1755024021: Sending PUBLISH to local.dhruvubuntu.b4_to_b6 (d0, q0, r0, m0, 'groundfloor/kitchen', ... (200 bytes))
1755024021: Received PUBLISH from dhruvubuntu.b1_to_b4 (d0, q0, r0, m0, 'groundfloor/kitchen', ... (195 bytes))
1755024021: [PLUGIN][B4] [TRUST] Evaluating message with signers: [ B0 B1 ]
1755024021: [PLUGIN][B4] [TRUST] Evaluating message based on last signer only.
1755024021: [PLUGIN][B4] [TRUST] Looking up direct trust from 'B1' to 'B4'
1755024021: [PLUGIN][B4] [TRUST] Found link from 'B1'. r=38, s=0. Direct trust is 0.975
1755024021: [PLUGIN][B4] [TRUST] ✅ Last signer 'B1' is trusted (0.975 >= 0.500). Accepting message.
1755024021: Sending PUBLISH to interactive-subscriberB4 (d0, q0, r0, m0, 'groundfloor/kitchen', ... (200 bytes))
1755024021: Sending PUBLISH to local.dhruvubuntu.b4_to_b6 (d0, q0, r0, m0, 'groundfloor/kitchen', ... (200 bytes))
1755024021: Received PUBLISH from interactive-subscriberB4 (d0, q0, r0, m0, 'internal/feedback', ... (51 bytes))
1755024021: [PLUGIN][B4] [TRUST] Feedback for link B2->B4. New counts: r=39, s=0. Link trust now 0.976
1755024021: Sending PUBLISH to local.dhruvubuntu.b4_to_b6 (d0, q0, r0, m0, 'internal/feedback/processed', ... (51 bytes))
1755024021: Received PUBLISH from interactive-subscriberB4 (d0, q0, r0, m0, 'internal/feedback', ... (51 bytes))
1755024021: [PLUGIN][B4] [TRUST] Feedback for link B1->B4. New counts: r=39, s=0. Link trust now 0.976
1755024021: Sending PUBLISH to local.dhruvubuntu.b4_to_b6 (d0, q0, r0, m0, 'internal/feedback/processed', ... (51 bytes))
1755024023: [PLUGIN][B4] [REFRESH] Periodic map refresh triggered.
1755024032: Received PUBLISH from dhruvubuntu.b1_to_b4 (d0, q0, r0, m0, 'groundfloor/kitchen', ... (195 bytes))
1755024032: [PLUGIN][B4] [TRUST] Evaluating message with signers: [ B0 B1 ]
1755024032: [PLUGIN][B4] [TRUST] Evaluating message based on last signer only.
1755024032: [PLUGIN][B4] [TRUST] Looking up direct trust from 'B1' to 'B4'
1755024032: [PLUGIN][B4] [TRUST] Found link from 'B1'. r=39, s=0. Direct trust is 0.976
1755024032: [PLUGIN][B4] [TRUST] ✅ Last signer 'B1' is trusted (0.976 >= 0.500). Accepting message.
1755024032: Sending PUBLISH to interactive-subscriberB4 (d0, q0, r0, m0, 'groundfloor/kitchen', ... (200 bytes))
1755024032: Sending PUBLISH to local.dhruvubuntu.b4_to_b6 (d0, q0, r0, m0, 'groundfloor/kitchen', ... (200 bytes))
1755024032: Received PUBLISH from dhruvubuntu.b2_to_b4 (d0, q0, r0, m0, 'groundfloor/kitchen', ... (195 bytes))
1755024032: [PLUGIN][B4] [TRUST] Evaluating message with signers: [ B0 B2 ]
1755024032: [PLUGIN][B4] [TRUST] Evaluating message based on last signer only.
1755024032: [PLUGIN][B4] [TRUST] Looking up direct trust from 'B2' to 'B4'
1755024032: [PLUGIN][B4] [TRUST] Found link from 'B2'. r=39, s=0. Direct trust is 0.976
1755024032: [PLUGIN][B4] [TRUST] ✅ Last signer 'B2' is trusted (0.976 >= 0.500). Accepting message.
1755024032: Sending PUBLISH to interactive-subscriberB4 (d0, q0, r0, m0, 'groundfloor/kitchen', ... (200 bytes))
1755024032: Sending PUBLISH to local.dhruvubuntu.b4_to_b6 (d0, q0, r0, m0, 'groundfloor/kitchen', ... (200 bytes))
1755024032: Received PUBLISH from interactive-subscriberB4 (d0, q0, r0, m0, 'internal/feedback', ... (51 bytes))
1755024032: [PLUGIN][B4] [TRUST] Feedback for link B1->B4. New counts: r=40, s=0. Link trust now 0.976
1755024032: Sending PUBLISH to local.dhruvubuntu.b4_to_b6 (d0, q0, r0, m0, 'internal/feedback/processed', ... (51 bytes))
1755024032: Received PUBLISH from interactive-subscriberB4 (d0, q0, r0, m0, 'internal/feedback', ... (51 bytes))
1755024032: [PLUGIN][B4] [TRUST] Feedback for link B2->B4. New counts: r=40, s=0. Link trust now 0.976
1755024032: Sending PUBLISH to local.dhruvubuntu.b4_to_b6 (d0, q0, r0, m0, 'internal/feedback/processed', ... (51 bytes))
1755024033: [PLUGIN][B4] [REFRESH] Periodic map refresh triggered.
1755024038: Received PINGREQ from dhruvubuntu.b2_to_b4
1755024038: Sending PINGRESP to dhruvubuntu.b2_to_b4
1755024040: Received PINGREQ from dhruvubuntu.b1_to_b4
1755024040: Sending PINGRESP to dhruvubuntu.b1_to_b4
1755024043: [PLUGIN][B4] [REFRESH] Periodic map refresh triggered.
1755024043: Sending PINGREQ to local.dhruvubuntu.b4_to_b6
1755024043: Received PINGRESP from local.dhruvubuntu.b4_to_b6
1755024043: Received PUBLISH from dhruvubuntu.b2_to_b4 (d0, q0, r0, m0, 'groundfloor/kitchen', ... (195 bytes))
1755024043: [PLUGIN][B4] [TRUST] Evaluating message with signers: [ B0 B2 ]
1755024043: [PLUGIN][B4] [TRUST] Evaluating message based on last signer only.
1755024043: [PLUGIN][B4] [TRUST] Looking up direct trust from 'B2' to 'B4'
1755024043: [PLUGIN][B4] [TRUST] Found link from 'B2'. r=40, s=0. Direct trust is 0.976
1755024043: [PLUGIN][B4] [TRUST] ✅ Last signer 'B2' is trusted (0.976 >= 0.500). Accepting message.
1755024043: Sending PUBLISH to interactive-subscriberB4 (d0, q0, r0, m0, 'groundfloor/kitchen', ... (200 bytes))
1755024043: Sending PUBLISH to local.dhruvubuntu.b4_to_b6 (d0, q0, r0, m0, 'groundfloor/kitchen', ... (200 bytes))
1755024043: Received PUBLISH from dhruvubuntu.b1_to_b4 (d0, q0, r0, m0, 'groundfloor/kitchen', ... (195 bytes))
1755024043: [PLUGIN][B4] [TRUST] Evaluating message with signers: [ B0 B1 ]
1755024043: [PLUGIN][B4] [TRUST] Evaluating message based on last signer only.
1755024043: [PLUGIN][B4] [TRUST] Looking up direct trust from 'B1' to 'B4'
1755024043: [PLUGIN][B4] [TRUST] Found link from 'B1'. r=40, s=0. Direct trust is 0.976
1755024043: [PLUGIN][B4] [TRUST] ✅ Last signer 'B1' is trusted (0.976 >= 0.500). Accepting message.
1755024043: Sending PUBLISH to interactive-subscriberB4 (d0, q0, r0, m0, 'groundfloor/kitchen', ... (200 bytes))
1755024043: Sending PUBLISH to local.dhruvubuntu.b4_to_b6 (d0, q0, r0, m0, 'groundfloor/kitchen', ... (200 bytes))
1755024043: Received PUBLISH from interactive-subscriberB4 (d0, q0, r0, m0, 'internal/feedback', ... (51 bytes))
1755024043: [PLUGIN][B4] [TRUST] Feedback for link B2->B4. New counts: r=41, s=0. Link trust now 0.977
1755024043: Sending PUBLISH to local.dhruvubuntu.b4_to_b6 (d0, q0, r0, m0, 'internal/feedback/processed', ... (51 bytes))
1755024043: Received PUBLISH from interactive-subscriberB4 (d0, q0, r0, m0, 'internal/feedback', ... (51 bytes))
1755024043: [PLUGIN][B4] [TRUST] Feedback for link B1->B4. New counts: r=41, s=0. Link trust now 0.977
1755024043: Sending PUBLISH to local.dhruvubuntu.b4_to_b6 (d0, q0, r0, m0, 'internal/feedback/processed', ... (51 bytes))
1755024053: [PLUGIN][B4] [REFRESH] Periodic map refresh triggered.
1755024054: Received PUBLISH from dhruvubuntu.b2_to_b4 (d0, q0, r0, m0, 'groundfloor/kitchen', ... (195 bytes))
1755024054: [PLUGIN][B4] [TRUST] Evaluating message with signers: [ B0 B2 ]
1755024054: [PLUGIN][B4] [TRUST] Evaluating message based on last signer only.
1755024054: [PLUGIN][B4] [TRUST] Looking up direct trust from 'B2' to 'B4'
1755024054: [PLUGIN][B4] [TRUST] Found link from 'B2'. r=41, s=0. Direct trust is 0.977
1755024054: [PLUGIN][B4] [TRUST] ✅ Last signer 'B2' is trusted (0.977 >= 0.500). Accepting message.
1755024054: Sending PUBLISH to interactive-subscriberB4 (d0, q0, r0, m0, 'groundfloor/kitchen', ... (200 bytes))
1755024054: Sending PUBLISH to local.dhruvubuntu.b4_to_b6 (d0, q0, r0, m0, 'groundfloor/kitchen', ... (200 bytes))
1755024054: Received PUBLISH from dhruvubuntu.b1_to_b4 (d0, q0, r0, m0, 'groundfloor/kitchen', ... (195 bytes))
1755024054: [PLUGIN][B4] [TRUST] Evaluating message with signers: [ B0 B1 ]
1755024054: [PLUGIN][B4] [TRUST] Evaluating message based on last signer only.
1755024054: [PLUGIN][B4] [TRUST] Looking up direct trust from 'B1' to 'B4'
1755024054: [PLUGIN][B4] [TRUST] Found link from 'B1'. r=41, s=0. Direct trust is 0.977
1755024054: [PLUGIN][B4] [TRUST] ✅ Last signer 'B1' is trusted (0.977 >= 0.500). Accepting message.
1755024054: Sending PUBLISH to interactive-subscriberB4 (d0, q0, r0, m0, 'groundfloor/kitchen', ... (200 bytes))
1755024054: Sending PUBLISH to local.dhruvubuntu.b4_to_b6 (d0, q0, r0, m0, 'groundfloor/kitchen', ... (200 bytes))
1755024054: Received PUBLISH from interactive-subscriberB4 (d0, q0, r0, m0, 'internal/feedback', ... (51 bytes))
1755024054: [PLUGIN][B4] [TRUST] Feedback for link B2->B4. New counts: r=42, s=0. Link trust now 0.977
1755024054: Sending PUBLISH to local.dhruvubuntu.b4_to_b6 (d0, q0, r0, m0, 'internal/feedback/processed', ... (51 bytes))
1755024054: Received PUBLISH from interactive-subscriberB4 (d0, q0, r0, m0, 'internal/feedback', ... (51 bytes))
1755024054: [PLUGIN][B4] [TRUST] Feedback for link B1->B4. New counts: r=42, s=0. Link trust now 0.977
1755024054: Sending PUBLISH to local.dhruvubuntu.b4_to_b6 (d0, q0, r0, m0, 'internal/feedback/processed', ... (51 bytes))
1755024063: [PLUGIN][B4] [REFRESH] Periodic map refresh triggered.
1755024065: Received PUBLISH from dhruvubuntu.b2_to_b4 (d0, q0, r0, m0, 'groundfloor/kitchen', ... (195 bytes))
1755024065: [PLUGIN][B4] [TRUST] Evaluating message with signers: [ B0 B2 ]
1755024065: [PLUGIN][B4] [TRUST] Evaluating message based on last signer only.
1755024065: [PLUGIN][B4] [TRUST] Looking up direct trust from 'B2' to 'B4'
1755024065: [PLUGIN][B4] [TRUST] Found link from 'B2'. r=42, s=0. Direct trust is 0.977
1755024065: [PLUGIN][B4] [TRUST] ✅ Last signer 'B2' is trusted (0.977 >= 0.500). Accepting message.
1755024065: Sending PUBLISH to interactive-subscriberB4 (d0, q0, r0, m0, 'groundfloor/kitchen', ... (200 bytes))
1755024065: Sending PUBLISH to local.dhruvubuntu.b4_to_b6 (d0, q0, r0, m0, 'groundfloor/kitchen', ... (200 bytes))
1755024065: Received PUBLISH from dhruvubuntu.b1_to_b4 (d0, q0, r0, m0, 'groundfloor/kitchen', ... (195 bytes))
1755024065: [PLUGIN][B4] [TRUST] Evaluating message with signers: [ B0 B1 ]
1755024065: [PLUGIN][B4] [TRUST] Evaluating message based on last signer only.
1755024065: [PLUGIN][B4] [TRUST] Looking up direct trust from 'B1' to 'B4'
1755024065: [PLUGIN][B4] [TRUST] Found link from 'B1'. r=42, s=0. Direct trust is 0.977
1755024065: [PLUGIN][B4] [TRUST] ✅ Last signer 'B1' is trusted (0.977 >= 0.500). Accepting message.
1755024065: Sending PUBLISH to interactive-subscriberB4 (d0, q0, r0, m0, 'groundfloor/kitchen', ... (200 bytes))
1755024065: Sending PUBLISH to local.dhruvubuntu.b4_to_b6 (d0, q0, r0, m0, 'groundfloor/kitchen', ... (200 bytes))
1755024065: Received PUBLISH from interactive-subscriberB4 (d0, q0, r0, m0, 'internal/feedback', ... (51 bytes))
1755024065: [PLUGIN][B4] [TRUST] Feedback for link B2->B4. New counts: r=43, s=0. Link trust now 0.978
1755024065: Sending PUBLISH to local.dhruvubuntu.b4_to_b6 (d0, q0, r0, m0, 'internal/feedback/processed', ... (51 bytes))
1755024065: Received PUBLISH from interactive-subscriberB4 (d0, q0, r0, m0, 'internal/feedback', ... (51 bytes))
1755024065: [PLUGIN][B4] [TRUST] Feedback for link B1->B4. New counts: r=43, s=0. Link trust now 0.978
1755024065: Sending PUBLISH to local.dhruvubuntu.b4_to_b6 (d0, q0, r0, m0, 'internal/feedback/processed', ... (51 bytes))
1755024073: [PLUGIN][B4] [REFRESH] Periodic map refresh triggered.
1755024076: Received PUBLISH from dhruvubuntu.b2_to_b4 (d0, q0, r0, m0, 'groundfloor/kitchen', ... (195 bytes))
1755024076: [PLUGIN][B4] [TRUST] Evaluating message with signers: [ B0 B2 ]
1755024076: [PLUGIN][B4] [TRUST] Evaluating message based on last signer only.
1755024076: [PLUGIN][B4] [TRUST] Looking up direct trust from 'B2' to 'B4'
1755024076: [PLUGIN][B4] [TRUST] Found link from 'B2'. r=43, s=0. Direct trust is 0.978
1755024076: [PLUGIN][B4] [TRUST] ✅ Last signer 'B2' is trusted (0.978 >= 0.500). Accepting message.
1755024076: Sending PUBLISH to interactive-subscriberB4 (d0, q0, r0, m0, 'groundfloor/kitchen', ... (200 bytes))
1755024076: Sending PUBLISH to local.dhruvubuntu.b4_to_b6 (d0, q0, r0, m0, 'groundfloor/kitchen', ... (200 bytes))
1755024076: Received PUBLISH from dhruvubuntu.b1_to_b4 (d0, q0, r0, m0, 'groundfloor/kitchen', ... (195 bytes))
1755024076: [PLUGIN][B4] [TRUST] Evaluating message with signers: [ B0 B1 ]
1755024076: [PLUGIN][B4] [TRUST] Evaluating message based on last signer only.
1755024076: [PLUGIN][B4] [TRUST] Looking up direct trust from 'B1' to 'B4'
1755024076: [PLUGIN][B4] [TRUST] Found link from 'B1'. r=43, s=0. Direct trust is 0.978
1755024076: [PLUGIN][B4] [TRUST] ✅ Last signer 'B1' is trusted (0.978 >= 0.500). Accepting message.
1755024076: Sending PUBLISH to interactive-subscriberB4 (d0, q0, r0, m0, 'groundfloor/kitchen', ... (200 bytes))
1755024076: Sending PUBLISH to local.dhruvubuntu.b4_to_b6 (d0, q0, r0, m0, 'groundfloor/kitchen', ... (200 bytes))
1755024076: Received PUBLISH from interactive-subscriberB4 (d0, q0, r0, m0, 'internal/feedback', ... (51 bytes))
1755024076: [PLUGIN][B4] [TRUST] Feedback for link B2->B4. New counts: r=44, s=0. Link trust now 0.978
1755024076: Sending PUBLISH to local.dhruvubuntu.b4_to_b6 (d0, q0, r0, m0, 'internal/feedback/processed', ... (51 bytes))
1755024076: Received PUBLISH from interactive-subscriberB4 (d0, q0, r0, m0, 'internal/feedback', ... (51 bytes))
1755024076: [PLUGIN][B4] [TRUST] Feedback for link B1->B4. New counts: r=44, s=0. Link trust now 0.978
1755024076: Sending PUBLISH to local.dhruvubuntu.b4_to_b6 (d0, q0, r0, m0, 'internal/feedback/processed', ... (51 bytes))
1755024083: [PLUGIN][B4] [REFRESH] Periodic map refresh triggered.
1755024087: Received PUBLISH from dhruvubuntu.b2_to_b4 (d0, q0, r0, m0, 'groundfloor/kitchen', ... (195 bytes))
1755024087: [PLUGIN][B4] [TRUST] Evaluating message with signers: [ B0 B2 ]
1755024087: [PLUGIN][B4] [TRUST] Evaluating message based on last signer only.
1755024087: [PLUGIN][B4] [TRUST] Looking up direct trust from 'B2' to 'B4'
1755024087: [PLUGIN][B4] [TRUST] Found link from 'B2'. r=44, s=0. Direct trust is 0.978
1755024087: [PLUGIN][B4] [TRUST] ✅ Last signer 'B2' is trusted (0.978 >= 0.500). Accepting message.
1755024087: Sending PUBLISH to interactive-subscriberB4 (d0, q0, r0, m0, 'groundfloor/kitchen', ... (200 bytes))
1755024087: Sending PUBLISH to local.dhruvubuntu.b4_to_b6 (d0, q0, r0, m0, 'groundfloor/kitchen', ... (200 bytes))
1755024087: Received PUBLISH from dhruvubuntu.b1_to_b4 (d0, q0, r0, m0, 'groundfloor/kitchen', ... (195 bytes))
1755024087: [PLUGIN][B4] [TRUST] Evaluating message with signers: [ B0 B1 ]
1755024087: [PLUGIN][B4] [TRUST] Evaluating message based on last signer only.
1755024087: [PLUGIN][B4] [TRUST] Looking up direct trust from 'B1' to 'B4'
1755024087: [PLUGIN][B4] [TRUST] Found link from 'B1'. r=44, s=0. Direct trust is 0.978
1755024087: [PLUGIN][B4] [TRUST] ✅ Last signer 'B1' is trusted (0.978 >= 0.500). Accepting message.
1755024087: Sending PUBLISH to interactive-subscriberB4 (d0, q0, r0, m0, 'groundfloor/kitchen', ... (200 bytes))
1755024087: Sending PUBLISH to local.dhruvubuntu.b4_to_b6 (d0, q0, r0, m0, 'groundfloor/kitchen', ... (200 bytes))
1755024087: Received PUBLISH from interactive-subscriberB4 (d0, q0, r0, m0, 'internal/feedback', ... (51 bytes))
1755024087: [PLUGIN][B4] [TRUST] Feedback for link B2->B4. New counts: r=45, s=0. Link trust now 0.979
1755024087: Sending PUBLISH to local.dhruvubuntu.b4_to_b6 (d0, q0, r0, m0, 'internal/feedback/processed', ... (51 bytes))
1755024087: Received PUBLISH from interactive-subscriberB4 (d0, q0, r0, m0, 'internal/feedback', ... (51 bytes))
1755024087: [PLUGIN][B4] [TRUST] Feedback for link B1->B4. New counts: r=45, s=0. Link trust now 0.979
1755024087: Sending PUBLISH to local.dhruvubuntu.b4_to_b6 (d0, q0, r0, m0, 'internal/feedback/processed', ... (51 bytes))
1755024093: [PLUGIN][B4] [REFRESH] Periodic map refresh triggered.
1755024098: Received PINGREQ from dhruvubuntu.b2_to_b4
1755024098: Sending PINGRESP to dhruvubuntu.b2_to_b4
1755024098: Received PUBLISH from dhruvubuntu.b1_to_b4 (d0, q0, r0, m0, 'groundfloor/kitchen', ... (195 bytes))
1755024098: [PLUGIN][B4] [TRUST] Evaluating message with signers: [ B0 B1 ]
1755024098: [PLUGIN][B4] [TRUST] Evaluating message based on last signer only.
1755024098: [PLUGIN][B4] [TRUST] Looking up direct trust from 'B1' to 'B4'
1755024098: [PLUGIN][B4] [TRUST] Found link from 'B1'. r=45, s=0. Direct trust is 0.979
1755024098: [PLUGIN][B4] [TRUST] ✅ Last signer 'B1' is trusted (0.979 >= 0.500). Accepting message.
1755024098: Sending PUBLISH to interactive-subscriberB4 (d0, q0, r0, m0, 'groundfloor/kitchen', ... (200 bytes))
1755024098: Sending PUBLISH to local.dhruvubuntu.b4_to_b6 (d0, q0, r0, m0, 'groundfloor/kitchen', ... (200 bytes))
1755024098: Received PUBLISH from dhruvubuntu.b2_to_b4 (d0, q0, r0, m0, 'groundfloor/kitchen', ... (195 bytes))
1755024098: [PLUGIN][B4] [TRUST] Evaluating message with signers: [ B0 B2 ]
1755024098: [PLUGIN][B4] [TRUST] Evaluating message based on last signer only.
1755024098: [PLUGIN][B4] [TRUST] Looking up direct trust from 'B2' to 'B4'
1755024098: [PLUGIN][B4] [TRUST] Found link from 'B2'. r=45, s=0. Direct trust is 0.979
1755024098: [PLUGIN][B4] [TRUST] ✅ Last signer 'B2' is trusted (0.979 >= 0.500). Accepting message.
1755024098: Sending PUBLISH to interactive-subscriberB4 (d0, q0, r0, m0, 'groundfloor/kitchen', ... (200 bytes))
1755024098: Sending PUBLISH to local.dhruvubuntu.b4_to_b6 (d0, q0, r0, m0, 'groundfloor/kitchen', ... (200 bytes))
1755024098: Received PUBLISH from interactive-subscriberB4 (d0, q0, r0, m0, 'internal/feedback', ... (51 bytes))
1755024098: [PLUGIN][B4] [TRUST] Feedback for link B1->B4. New counts: r=46, s=0. Link trust now 0.979
1755024098: Sending PUBLISH to local.dhruvubuntu.b4_to_b6 (d0, q0, r0, m0, 'internal/feedback/processed', ... (51 bytes))
1755024098: Received PUBLISH from interactive-subscriberB4 (d0, q0, r0, m0, 'internal/feedback', ... (51 bytes))
1755024098: [PLUGIN][B4] [TRUST] Feedback for link B2->B4. New counts: r=46, s=0. Link trust now 0.979
1755024098: Sending PUBLISH to local.dhruvubuntu.b4_to_b6 (d0, q0, r0, m0, 'internal/feedback/processed', ... (51 bytes))
1755024100: Received PINGREQ from dhruvubuntu.b1_to_b4
1755024100: Sending PINGRESP to dhruvubuntu.b1_to_b4
1755024103: [PLUGIN][B4] [REFRESH] Periodic map refresh triggered.
1755024103: Sending PINGREQ to local.dhruvubuntu.b4_to_b6
1755024103: Received PINGRESP from local.dhruvubuntu.b4_to_b6
1755024109: Received PUBLISH from dhruvubuntu.b2_to_b4 (d0, q0, r0, m0, 'groundfloor/kitchen', ... (195 bytes))
1755024109: [PLUGIN][B4] [TRUST] Evaluating message with signers: [ B0 B2 ]
1755024109: [PLUGIN][B4] [TRUST] Evaluating message based on last signer only.
1755024109: [PLUGIN][B4] [TRUST] Looking up direct trust from 'B2' to 'B4'
1755024109: [PLUGIN][B4] [TRUST] Found link from 'B2'. r=46, s=0. Direct trust is 0.979
1755024109: [PLUGIN][B4] [TRUST] ✅ Last signer 'B2' is trusted (0.979 >= 0.500). Accepting message.
1755024109: Sending PUBLISH to interactive-subscriberB4 (d0, q0, r0, m0, 'groundfloor/kitchen', ... (200 bytes))
1755024109: Sending PUBLISH to local.dhruvubuntu.b4_to_b6 (d0, q0, r0, m0, 'groundfloor/kitchen', ... (200 bytes))
1755024109: Received PUBLISH from dhruvubuntu.b1_to_b4 (d0, q0, r0, m0, 'groundfloor/kitchen', ... (195 bytes))
1755024109: [PLUGIN][B4] [TRUST] Evaluating message with signers: [ B0 B1 ]
1755024109: [PLUGIN][B4] [TRUST] Evaluating message based on last signer only.
1755024109: [PLUGIN][B4] [TRUST] Looking up direct trust from 'B1' to 'B4'
1755024109: [PLUGIN][B4] [TRUST] Found link from 'B1'. r=46, s=0. Direct trust is 0.979
1755024109: [PLUGIN][B4] [TRUST] ✅ Last signer 'B1' is trusted (0.979 >= 0.500). Accepting message.
1755024109: Sending PUBLISH to interactive-subscriberB4 (d0, q0, r0, m0, 'groundfloor/kitchen', ... (200 bytes))
1755024109: Sending PUBLISH to local.dhruvubuntu.b4_to_b6 (d0, q0, r0, m0, 'groundfloor/kitchen', ... (200 bytes))
1755024109: Received PUBLISH from interactive-subscriberB4 (d0, q0, r0, m0, 'internal/feedback', ... (51 bytes))
1755024109: [PLUGIN][B4] [TRUST] Feedback for link B2->B4. New counts: r=47, s=0. Link trust now 0.980
1755024109: Sending PUBLISH to local.dhruvubuntu.b4_to_b6 (d0, q0, r0, m0, 'internal/feedback/processed', ... (51 bytes))
1755024109: Received PUBLISH from interactive-subscriberB4 (d0, q0, r0, m0, 'internal/feedback', ... (51 bytes))
1755024109: [PLUGIN][B4] [TRUST] Feedback for link B1->B4. New counts: r=47, s=0. Link trust now 0.980
1755024109: Sending PUBLISH to local.dhruvubuntu.b4_to_b6 (d0, q0, r0, m0, 'internal/feedback/processed', ... (51 bytes))
1755024113: [PLUGIN][B4] [REFRESH] Periodic map refresh triggered.
1755024121: Received PUBLISH from dhruvubuntu.b2_to_b4 (d0, q0, r0, m0, 'groundfloor/kitchen', ... (195 bytes))
1755024121: [PLUGIN][B4] [TRUST] Evaluating message with signers: [ B0 B2 ]
1755024121: [PLUGIN][B4] [TRUST] Evaluating message based on last signer only.
1755024121: [PLUGIN][B4] [TRUST] Looking up direct trust from 'B2' to 'B4'
1755024121: [PLUGIN][B4] [TRUST] Found link from 'B2'. r=47, s=0. Direct trust is 0.980
1755024121: [PLUGIN][B4] [TRUST] ✅ Last signer 'B2' is trusted (0.980 >= 0.500). Accepting message.
1755024121: Sending PUBLISH to interactive-subscriberB4 (d0, q0, r0, m0, 'groundfloor/kitchen', ... (200 bytes))
1755024121: Sending PUBLISH to local.dhruvubuntu.b4_to_b6 (d0, q0, r0, m0, 'groundfloor/kitchen', ... (200 bytes))
1755024121: Received PUBLISH from dhruvubuntu.b1_to_b4 (d0, q0, r0, m0, 'groundfloor/kitchen', ... (195 bytes))
1755024121: [PLUGIN][B4] [TRUST] Evaluating message with signers: [ B0 B1 ]
1755024121: [PLUGIN][B4] [TRUST] Evaluating message based on last signer only.
1755024121: [PLUGIN][B4] [TRUST] Looking up direct trust from 'B1' to 'B4'
1755024121: [PLUGIN][B4] [TRUST] Found link from 'B1'. r=47, s=0. Direct trust is 0.980
1755024121: [PLUGIN][B4] [TRUST] ✅ Last signer 'B1' is trusted (0.980 >= 0.500). Accepting message.
1755024121: Sending PUBLISH to interactive-subscriberB4 (d0, q0, r0, m0, 'groundfloor/kitchen', ... (200 bytes))
1755024121: Sending PUBLISH to local.dhruvubuntu.b4_to_b6 (d0, q0, r0, m0, 'groundfloor/kitchen', ... (200 bytes))
1755024121: Received PUBLISH from interactive-subscriberB4 (d0, q0, r0, m0, 'internal/feedback', ... (51 bytes))
1755024121: [PLUGIN][B4] [TRUST] Feedback for link B2->B4. New counts: r=48, s=0. Link trust now 0.980
1755024121: Sending PUBLISH to local.dhruvubuntu.b4_to_b6 (d0, q0, r0, m0, 'internal/feedback/processed', ... (51 bytes))
1755024121: Received PUBLISH from interactive-subscriberB4 (d0, q0, r0, m0, 'internal/feedback', ... (51 bytes))
1755024121: [PLUGIN][B4] [TRUST] Feedback for link B1->B4. New counts: r=48, s=0. Link trust now 0.980
1755024121: Sending PUBLISH to local.dhruvubuntu.b4_to_b6 (d0, q0, r0, m0, 'internal/feedback/processed', ... (51 bytes))
1755024123: [PLUGIN][B4] [REFRESH] Periodic map refresh triggered.
1755024132: Received PUBLISH from dhruvubuntu.b2_to_b4 (d0, q0, r0, m0, 'groundfloor/kitchen', ... (195 bytes))
1755024132: [PLUGIN][B4] [TRUST] Evaluating message with signers: [ B0 B2 ]
1755024132: [PLUGIN][B4] [TRUST] Evaluating message based on last signer only.
1755024132: [PLUGIN][B4] [TRUST] Looking up direct trust from 'B2' to 'B4'
1755024132: [PLUGIN][B4] [TRUST] Found link from 'B2'. r=48, s=0. Direct trust is 0.980
1755024132: [PLUGIN][B4] [TRUST] ✅ Last signer 'B2' is trusted (0.980 >= 0.500). Accepting message.
1755024132: Sending PUBLISH to interactive-subscriberB4 (d0, q0, r0, m0, 'groundfloor/kitchen', ... (200 bytes))
1755024132: Sending PUBLISH to local.dhruvubuntu.b4_to_b6 (d0, q0, r0, m0, 'groundfloor/kitchen', ... (200 bytes))
1755024132: Received PUBLISH from dhruvubuntu.b1_to_b4 (d0, q0, r0, m0, 'groundfloor/kitchen', ... (195 bytes))
1755024132: [PLUGIN][B4] [TRUST] Evaluating message with signers: [ B0 B1 ]
1755024132: [PLUGIN][B4] [TRUST] Evaluating message based on last signer only.
1755024132: [PLUGIN][B4] [TRUST] Looking up direct trust from 'B1' to 'B4'
1755024132: [PLUGIN][B4] [TRUST] Found link from 'B1'. r=48, s=0. Direct trust is 0.980
1755024132: [PLUGIN][B4] [TRUST] ✅ Last signer 'B1' is trusted (0.980 >= 0.500). Accepting message.
1755024132: Sending PUBLISH to interactive-subscriberB4 (d0, q0, r0, m0, 'groundfloor/kitchen', ... (200 bytes))
1755024132: Sending PUBLISH to local.dhruvubuntu.b4_to_b6 (d0, q0, r0, m0, 'groundfloor/kitchen', ... (200 bytes))
1755024132: Received PUBLISH from interactive-subscriberB4 (d0, q0, r0, m0, 'internal/feedback', ... (51 bytes))
1755024132: [PLUGIN][B4] [TRUST] Feedback for link B2->B4. New counts: r=49, s=0. Link trust now 0.980
1755024132: Sending PUBLISH to local.dhruvubuntu.b4_to_b6 (d0, q0, r0, m0, 'internal/feedback/processed', ... (51 bytes))
1755024132: Received PUBLISH from interactive-subscriberB4 (d0, q0, r0, m0, 'internal/feedback', ... (51 bytes))
1755024132: [PLUGIN][B4] [TRUST] Feedback for link B1->B4. New counts: r=49, s=0. Link trust now 0.980
1755024132: Sending PUBLISH to local.dhruvubuntu.b4_to_b6 (d0, q0, r0, m0, 'internal/feedback/processed', ... (51 bytes))
1755024133: [PLUGIN][B4] [REFRESH] Periodic map refresh triggered.
1755024143: [PLUGIN][B4] [REFRESH] Periodic map refresh triggered.
1755024143: Received PUBLISH from dhruvubuntu.b2_to_b4 (d0, q0, r0, m0, 'groundfloor/kitchen', ... (195 bytes))
1755024143: [PLUGIN][B4] [TRUST] Evaluating message with signers: [ B0 B2 ]
1755024143: [PLUGIN][B4] [TRUST] Evaluating message based on last signer only.
1755024143: [PLUGIN][B4] [TRUST] Looking up direct trust from 'B2' to 'B4'
1755024143: [PLUGIN][B4] [TRUST] Found link from 'B2'. r=49, s=0. Direct trust is 0.980
1755024143: [PLUGIN][B4] [TRUST] ✅ Last signer 'B2' is trusted (0.980 >= 0.500). Accepting message.
1755024143: Sending PUBLISH to interactive-subscriberB4 (d0, q0, r0, m0, 'groundfloor/kitchen', ... (200 bytes))
1755024143: Sending PUBLISH to local.dhruvubuntu.b4_to_b6 (d0, q0, r0, m0, 'groundfloor/kitchen', ... (200 bytes))
1755024143: Received PUBLISH from dhruvubuntu.b1_to_b4 (d0, q0, r0, m0, 'groundfloor/kitchen', ... (195 bytes))
1755024143: [PLUGIN][B4] [TRUST] Evaluating message with signers: [ B0 B1 ]
1755024143: [PLUGIN][B4] [TRUST] Evaluating message based on last signer only.
1755024143: [PLUGIN][B4] [TRUST] Looking up direct trust from 'B1' to 'B4'
1755024143: [PLUGIN][B4] [TRUST] Found link from 'B1'. r=49, s=0. Direct trust is 0.980
1755024143: [PLUGIN][B4] [TRUST] ✅ Last signer 'B1' is trusted (0.980 >= 0.500). Accepting message.
1755024143: Sending PUBLISH to interactive-subscriberB4 (d0, q0, r0, m0, 'groundfloor/kitchen', ... (200 bytes))
1755024143: Sending PUBLISH to local.dhruvubuntu.b4_to_b6 (d0, q0, r0, m0, 'groundfloor/kitchen', ... (200 bytes))
1755024143: Received PUBLISH from interactive-subscriberB4 (d0, q0, r0, m0, 'internal/feedback', ... (51 bytes))
1755024143: [PLUGIN][B4] [TRUST] Feedback for link B2->B4. New counts: r=50, s=0. Link trust now 0.981
1755024143: Sending PUBLISH to local.dhruvubuntu.b4_to_b6 (d0, q0, r0, m0, 'internal/feedback/processed', ... (51 bytes))
1755024143: Received PUBLISH from interactive-subscriberB4 (d0, q0, r0, m0, 'internal/feedback', ... (51 bytes))
1755024143: [PLUGIN][B4] [TRUST] Feedback for link B1->B4. New counts: r=50, s=0. Link trust now 0.981
1755024143: Sending PUBLISH to local.dhruvubuntu.b4_to_b6 (d0, q0, r0, m0, 'internal/feedback/processed', ... (51 bytes))
1755024153: [PLUGIN][B4] [REFRESH] Periodic map refresh triggered.
1755024154: Received PUBLISH from dhruvubuntu.b2_to_b4 (d0, q0, r0, m0, 'groundfloor/kitchen', ... (195 bytes))
1755024154: [PLUGIN][B4] [TRUST] Evaluating message with signers: [ B0 B2 ]
1755024154: [PLUGIN][B4] [TRUST] Evaluating message based on last signer only.
1755024154: [PLUGIN][B4] [TRUST] Looking up direct trust from 'B2' to 'B4'
1755024154: [PLUGIN][B4] [TRUST] Found link from 'B2'. r=50, s=0. Direct trust is 0.981
1755024154: [PLUGIN][B4] [TRUST] ✅ Last signer 'B2' is trusted (0.981 >= 0.500). Accepting message.
1755024154: Sending PUBLISH to interactive-subscriberB4 (d0, q0, r0, m0, 'groundfloor/kitchen', ... (200 bytes))
1755024154: Sending PUBLISH to local.dhruvubuntu.b4_to_b6 (d0, q0, r0, m0, 'groundfloor/kitchen', ... (200 bytes))
1755024154: Received PUBLISH from dhruvubuntu.b1_to_b4 (d0, q0, r0, m0, 'groundfloor/kitchen', ... (195 bytes))
1755024154: [PLUGIN][B4] [TRUST] Evaluating message with signers: [ B0 B1 ]
1755024154: [PLUGIN][B4] [TRUST] Evaluating message based on last signer only.
1755024154: [PLUGIN][B4] [TRUST] Looking up direct trust from 'B1' to 'B4'
1755024154: [PLUGIN][B4] [TRUST] Found link from 'B1'. r=50, s=0. Direct trust is 0.981
1755024154: [PLUGIN][B4] [TRUST] ✅ Last signer 'B1' is trusted (0.981 >= 0.500). Accepting message.
1755024154: Sending PUBLISH to interactive-subscriberB4 (d0, q0, r0, m0, 'groundfloor/kitchen', ... (200 bytes))
1755024154: Sending PUBLISH to local.dhruvubuntu.b4_to_b6 (d0, q0, r0, m0, 'groundfloor/kitchen', ... (200 bytes))
1755024154: Received PUBLISH from interactive-subscriberB4 (d0, q0, r0, m0, 'internal/feedback', ... (51 bytes))
1755024154: [PLUGIN][B4] [TRUST] Feedback for link B2->B4. New counts: r=51, s=0. Link trust now 0.981
1755024154: Sending PUBLISH to local.dhruvubuntu.b4_to_b6 (d0, q0, r0, m0, 'internal/feedback/processed', ... (51 bytes))
1755024154: Received PUBLISH from interactive-subscriberB4 (d0, q0, r0, m0, 'internal/feedback', ... (51 bytes))
1755024154: [PLUGIN][B4] [TRUST] Feedback for link B1->B4. New counts: r=51, s=0. Link trust now 0.981
1755024154: Sending PUBLISH to local.dhruvubuntu.b4_to_b6 (d0, q0, r0, m0, 'internal/feedback/processed', ... (51 bytes))
1755024158: Received PINGREQ from dhruvubuntu.b2_to_b4
1755024158: Sending PINGRESP to dhruvubuntu.b2_to_b4
1755024160: Received PINGREQ from dhruvubuntu.b1_to_b4
1755024160: Sending PINGRESP to dhruvubuntu.b1_to_b4
1755024163: [PLUGIN][B4] [REFRESH] Periodic map refresh triggered.
1755024163: Sending PINGREQ to local.dhruvubuntu.b4_to_b6
1755024163: Received PINGRESP from local.dhruvubuntu.b4_to_b6
1755024165: Received PUBLISH from dhruvubuntu.b2_to_b4 (d0, q0, r0, m0, 'groundfloor/kitchen', ... (195 bytes))
1755024165: [PLUGIN][B4] [TRUST] Evaluating message with signers: [ B0 B2 ]
1755024165: [PLUGIN][B4] [TRUST] Evaluating message based on last signer only.
1755024165: [PLUGIN][B4] [TRUST] Looking up direct trust from 'B2' to 'B4'
1755024165: [PLUGIN][B4] [TRUST] Found link from 'B2'. r=51, s=0. Direct trust is 0.981
1755024165: [PLUGIN][B4] [TRUST] ✅ Last signer 'B2' is trusted (0.981 >= 0.500). Accepting message.
1755024165: Sending PUBLISH to interactive-subscriberB4 (d0, q0, r0, m0, 'groundfloor/kitchen', ... (200 bytes))
1755024165: Sending PUBLISH to local.dhruvubuntu.b4_to_b6 (d0, q0, r0, m0, 'groundfloor/kitchen', ... (200 bytes))
1755024165: Received PUBLISH from dhruvubuntu.b1_to_b4 (d0, q0, r0, m0, 'groundfloor/kitchen', ... (195 bytes))
1755024165: [PLUGIN][B4] [TRUST] Evaluating message with signers: [ B0 B1 ]
1755024165: [PLUGIN][B4] [TRUST] Evaluating message based on last signer only.
1755024165: [PLUGIN][B4] [TRUST] Looking up direct trust from 'B1' to 'B4'
1755024165: [PLUGIN][B4] [TRUST] Found link from 'B1'. r=51, s=0. Direct trust is 0.981
1755024165: [PLUGIN][B4] [TRUST] ✅ Last signer 'B1' is trusted (0.981 >= 0.500). Accepting message.
1755024165: Sending PUBLISH to interactive-subscriberB4 (d0, q0, r0, m0, 'groundfloor/kitchen', ... (200 bytes))
1755024165: Sending PUBLISH to local.dhruvubuntu.b4_to_b6 (d0, q0, r0, m0, 'groundfloor/kitchen', ... (200 bytes))
1755024165: Received PUBLISH from interactive-subscriberB4 (d0, q0, r0, m0, 'internal/feedback', ... (51 bytes))
1755024165: [PLUGIN][B4] [TRUST] Feedback for link B2->B4. New counts: r=52, s=0. Link trust now 0.981
1755024165: Sending PUBLISH to local.dhruvubuntu.b4_to_b6 (d0, q0, r0, m0, 'internal/feedback/processed', ... (51 bytes))
1755024165: Received PUBLISH from interactive-subscriberB4 (d0, q0, r0, m0, 'internal/feedback', ... (51 bytes))
1755024165: [PLUGIN][B4] [TRUST] Feedback for link B1->B4. New counts: r=52, s=0. Link trust now 0.981
1755024165: Sending PUBLISH to local.dhruvubuntu.b4_to_b6 (d0, q0, r0, m0, 'internal/feedback/processed', ... (51 bytes))
1755024173: [PLUGIN][B4] [REFRESH] Periodic map refresh triggered.
1755024183: [PLUGIN][B4] [REFRESH] Periodic map refresh triggered.
1755024193: [PLUGIN][B4] [REFRESH] Periodic map refresh triggered.
1755024198: Received PUBLISH from dhruvubuntu.b2_to_b4 (d0, q0, r0, m0, 'groundfloor/kitchen', ... (195 bytes))
1755024198: [PLUGIN][B4] [TRUST] Evaluating message with signers: [ B0 B2 ]
1755024198: [PLUGIN][B4] [TRUST] Evaluating message based on last signer only.
1755024198: [PLUGIN][B4] [TRUST] Looking up direct trust from 'B2' to 'B4'
1755024198: [PLUGIN][B4] [TRUST] Found link from 'B2'. r=52, s=0. Direct trust is 0.981
1755024198: [PLUGIN][B4] [TRUST] ✅ Last signer 'B2' is trusted (0.981 >= 0.500). Accepting message.
1755024198: Sending PUBLISH to interactive-subscriberB4 (d0, q0, r0, m0, 'groundfloor/kitchen', ... (200 bytes))
1755024198: Sending PUBLISH to local.dhruvubuntu.b4_to_b6 (d0, q0, r0, m0, 'groundfloor/kitchen', ... (200 bytes))
1755024198: Received PUBLISH from dhruvubuntu.b1_to_b4 (d0, q0, r0, m0, 'groundfloor/kitchen', ... (195 bytes))
1755024198: [PLUGIN][B4] [TRUST] Evaluating message with signers: [ B0 B1 ]
1755024198: [PLUGIN][B4] [TRUST] Evaluating message based on last signer only.
1755024198: [PLUGIN][B4] [TRUST] Looking up direct trust from 'B1' to 'B4'
1755024198: [PLUGIN][B4] [TRUST] Found link from 'B1'. r=52, s=0. Direct trust is 0.981
1755024198: [PLUGIN][B4] [TRUST] ✅ Last signer 'B1' is trusted (0.981 >= 0.500). Accepting message.
1755024198: Sending PUBLISH to interactive-subscriberB4 (d0, q0, r0, m0, 'groundfloor/kitchen', ... (200 bytes))
1755024198: Sending PUBLISH to local.dhruvubuntu.b4_to_b6 (d0, q0, r0, m0, 'groundfloor/kitchen', ... (200 bytes))
1755024198: Received PUBLISH from interactive-subscriberB4 (d0, q0, r0, m0, 'internal/feedback', ... (51 bytes))
1755024198: [PLUGIN][B4] [TRUST] Feedback for link B2->B4. New counts: r=53, s=0. Link trust now 0.982
1755024198: Sending PUBLISH to local.dhruvubuntu.b4_to_b6 (d0, q0, r0, m0, 'internal/feedback/processed', ... (51 bytes))
1755024198: Received PUBLISH from interactive-subscriberB4 (d0, q0, r0, m0, 'internal/feedback', ... (51 bytes))
1755024198: [PLUGIN][B4] [TRUST] Feedback for link B1->B4. New counts: r=53, s=0. Link trust now 0.982
1755024198: Sending PUBLISH to local.dhruvubuntu.b4_to_b6 (d0, q0, r0, m0, 'internal/feedback/processed', ... (51 bytes))
1755024203: [PLUGIN][B4] [REFRESH] Periodic map refresh triggered.
1755024209: Received PUBLISH from dhruvubuntu.b1_to_b4 (d0, q0, r0, m0, 'groundfloor/kitchen', ... (195 bytes))
1755024209: [PLUGIN][B4] [TRUST] Evaluating message with signers: [ B0 B1 ]
1755024209: [PLUGIN][B4] [TRUST] Evaluating message based on last signer only.
1755024209: [PLUGIN][B4] [TRUST] Looking up direct trust from 'B1' to 'B4'
1755024209: [PLUGIN][B4] [TRUST] Found link from 'B1'. r=53, s=0. Direct trust is 0.982
1755024209: [PLUGIN][B4] [TRUST] ✅ Last signer 'B1' is trusted (0.982 >= 0.500). Accepting message.
1755024209: Sending PUBLISH to interactive-subscriberB4 (d0, q0, r0, m0, 'groundfloor/kitchen', ... (200 bytes))
1755024209: Sending PUBLISH to local.dhruvubuntu.b4_to_b6 (d0, q0, r0, m0, 'groundfloor/kitchen', ... (200 bytes))
1755024209: Received PUBLISH from dhruvubuntu.b2_to_b4 (d0, q0, r0, m0, 'groundfloor/kitchen', ... (195 bytes))
1755024209: [PLUGIN][B4] [TRUST] Evaluating message with signers: [ B0 B2 ]
1755024209: [PLUGIN][B4] [TRUST] Evaluating message based on last signer only.
1755024209: [PLUGIN][B4] [TRUST] Looking up direct trust from 'B2' to 'B4'
1755024209: [PLUGIN][B4] [TRUST] Found link from 'B2'. r=53, s=0. Direct trust is 0.982
1755024209: [PLUGIN][B4] [TRUST] ✅ Last signer 'B2' is trusted (0.982 >= 0.500). Accepting message.
1755024209: Sending PUBLISH to interactive-subscriberB4 (d0, q0, r0, m0, 'groundfloor/kitchen', ... (200 bytes))
1755024209: Sending PUBLISH to local.dhruvubuntu.b4_to_b6 (d0, q0, r0, m0, 'groundfloor/kitchen', ... (200 bytes))
1755024209: Received PUBLISH from interactive-subscriberB4 (d0, q0, r0, m0, 'internal/feedback', ... (51 bytes))
1755024209: [PLUGIN][B4] [TRUST] Feedback for link B1->B4. New counts: r=54, s=0. Link trust now 0.982
1755024209: Sending PUBLISH to local.dhruvubuntu.b4_to_b6 (d0, q0, r0, m0, 'internal/feedback/processed', ... (51 bytes))
1755024209: Received PUBLISH from interactive-subscriberB4 (d0, q0, r0, m0, 'internal/feedback', ... (51 bytes))
1755024209: [PLUGIN][B4] [TRUST] Feedback for link B2->B4. New counts: r=54, s=0. Link trust now 0.982
1755024209: Sending PUBLISH to local.dhruvubuntu.b4_to_b6 (d0, q0, r0, m0, 'internal/feedback/processed', ... (51 bytes))
1755024213: [PLUGIN][B4] [REFRESH] Periodic map refresh triggered.
1755024218: Received PINGREQ from dhruvubuntu.b2_to_b4
1755024218: Sending PINGRESP to dhruvubuntu.b2_to_b4
1755024220: Received PINGREQ from dhruvubuntu.b1_to_b4
1755024220: Sending PINGRESP to dhruvubuntu.b1_to_b4
1755024220: Received PUBLISH from dhruvubuntu.b1_to_b4 (d0, q0, r0, m0, 'groundfloor/kitchen', ... (195 bytes))
1755024220: [PLUGIN][B4] [TRUST] Evaluating message with signers: [ B0 B1 ]
1755024220: [PLUGIN][B4] [TRUST] Evaluating message based on last signer only.
1755024220: [PLUGIN][B4] [TRUST] Looking up direct trust from 'B1' to 'B4'
1755024220: [PLUGIN][B4] [TRUST] Found link from 'B1'. r=54, s=0. Direct trust is 0.982
1755024220: [PLUGIN][B4] [TRUST] ✅ Last signer 'B1' is trusted (0.982 >= 0.500). Accepting message.
1755024220: Sending PUBLISH to interactive-subscriberB4 (d0, q0, r0, m0, 'groundfloor/kitchen', ... (200 bytes))
1755024220: Sending PUBLISH to local.dhruvubuntu.b4_to_b6 (d0, q0, r0, m0, 'groundfloor/kitchen', ... (200 bytes))
1755024220: Received PUBLISH from dhruvubuntu.b2_to_b4 (d0, q0, r0, m0, 'groundfloor/kitchen', ... (195 bytes))
1755024220: [PLUGIN][B4] [TRUST] Evaluating message with signers: [ B0 B2 ]
1755024220: [PLUGIN][B4] [TRUST] Evaluating message based on last signer only.
1755024220: [PLUGIN][B4] [TRUST] Looking up direct trust from 'B2' to 'B4'
1755024220: [PLUGIN][B4] [TRUST] Found link from 'B2'. r=54, s=0. Direct trust is 0.982
1755024220: [PLUGIN][B4] [TRUST] ✅ Last signer 'B2' is trusted (0.982 >= 0.500). Accepting message.
1755024220: Sending PUBLISH to interactive-subscriberB4 (d0, q0, r0, m0, 'groundfloor/kitchen', ... (200 bytes))
1755024220: Sending PUBLISH to local.dhruvubuntu.b4_to_b6 (d0, q0, r0, m0, 'groundfloor/kitchen', ... (200 bytes))
1755024220: Received PUBLISH from interactive-subscriberB4 (d0, q0, r0, m0, 'internal/feedback', ... (51 bytes))
1755024220: [PLUGIN][B4] [TRUST] Feedback for link B1->B4. New counts: r=55, s=0. Link trust now 0.982
1755024220: Sending PUBLISH to local.dhruvubuntu.b4_to_b6 (d0, q0, r0, m0, 'internal/feedback/processed', ... (51 bytes))
1755024220: Received PUBLISH from interactive-subscriberB4 (d0, q0, r0, m0, 'internal/feedback', ... (51 bytes))
1755024220: [PLUGIN][B4] [TRUST] Feedback for link B2->B4. New counts: r=55, s=0. Link trust now 0.982
1755024220: Sending PUBLISH to local.dhruvubuntu.b4_to_b6 (d0, q0, r0, m0, 'internal/feedback/processed', ... (51 bytes))
1755024223: [PLUGIN][B4] [REFRESH] Periodic map refresh triggered.
1755024223: Sending PINGREQ to local.dhruvubuntu.b4_to_b6
1755024223: Received PINGRESP from local.dhruvubuntu.b4_to_b6
1755024231: Received PUBLISH from dhruvubuntu.b2_to_b4 (d0, q0, r0, m0, 'groundfloor/kitchen', ... (195 bytes))
1755024231: [PLUGIN][B4] [TRUST] Evaluating message with signers: [ B0 B2 ]
1755024231: [PLUGIN][B4] [TRUST] Evaluating message based on last signer only.
1755024231: [PLUGIN][B4] [TRUST] Looking up direct trust from 'B2' to 'B4'
1755024231: [PLUGIN][B4] [TRUST] Found link from 'B2'. r=55, s=0. Direct trust is 0.982
1755024231: [PLUGIN][B4] [TRUST] ✅ Last signer 'B2' is trusted (0.982 >= 0.500). Accepting message.
1755024231: Sending PUBLISH to interactive-subscriberB4 (d0, q0, r0, m0, 'groundfloor/kitchen', ... (200 bytes))
1755024231: Sending PUBLISH to local.dhruvubuntu.b4_to_b6 (d0, q0, r0, m0, 'groundfloor/kitchen', ... (200 bytes))
1755024231: Received PUBLISH from dhruvubuntu.b1_to_b4 (d0, q0, r0, m0, 'groundfloor/kitchen', ... (195 bytes))
1755024231: [PLUGIN][B4] [TRUST] Evaluating message with signers: [ B0 B1 ]
1755024231: [PLUGIN][B4] [TRUST] Evaluating message based on last signer only.
1755024231: [PLUGIN][B4] [TRUST] Looking up direct trust from 'B1' to 'B4'
1755024231: [PLUGIN][B4] [TRUST] Found link from 'B1'. r=55, s=0. Direct trust is 0.982
1755024231: [PLUGIN][B4] [TRUST] ✅ Last signer 'B1' is trusted (0.982 >= 0.500). Accepting message.
1755024231: Sending PUBLISH to interactive-subscriberB4 (d0, q0, r0, m0, 'groundfloor/kitchen', ... (200 bytes))
1755024231: Sending PUBLISH to local.dhruvubuntu.b4_to_b6 (d0, q0, r0, m0, 'groundfloor/kitchen', ... (200 bytes))
1755024231: Received PUBLISH from interactive-subscriberB4 (d0, q0, r0, m0, 'internal/feedback', ... (51 bytes))
1755024231: [PLUGIN][B4] [TRUST] Feedback for link B2->B4. New counts: r=56, s=0. Link trust now 0.983
1755024231: Sending PUBLISH to local.dhruvubuntu.b4_to_b6 (d0, q0, r0, m0, 'internal/feedback/processed', ... (51 bytes))
1755024231: Received PUBLISH from interactive-subscriberB4 (d0, q0, r0, m0, 'internal/feedback', ... (51 bytes))
1755024231: [PLUGIN][B4] [TRUST] Feedback for link B1->B4. New counts: r=56, s=0. Link trust now 0.983
1755024231: Sending PUBLISH to local.dhruvubuntu.b4_to_b6 (d0, q0, r0, m0, 'internal/feedback/processed', ... (51 bytes))
1755024233: [PLUGIN][B4] [REFRESH] Periodic map refresh triggered.
1755024242: Received PUBLISH from dhruvubuntu.b2_to_b4 (d0, q0, r0, m0, 'groundfloor/kitchen', ... (195 bytes))
1755024242: [PLUGIN][B4] [TRUST] Evaluating message with signers: [ B0 B2 ]
1755024242: [PLUGIN][B4] [TRUST] Evaluating message based on last signer only.
1755024242: [PLUGIN][B4] [TRUST] Looking up direct trust from 'B2' to 'B4'
1755024242: [PLUGIN][B4] [TRUST] Found link from 'B2'. r=56, s=0. Direct trust is 0.983
1755024242: [PLUGIN][B4] [TRUST] ✅ Last signer 'B2' is trusted (0.983 >= 0.500). Accepting message.
1755024242: Sending PUBLISH to interactive-subscriberB4 (d0, q0, r0, m0, 'groundfloor/kitchen', ... (200 bytes))
1755024242: Sending PUBLISH to local.dhruvubuntu.b4_to_b6 (d0, q0, r0, m0, 'groundfloor/kitchen', ... (200 bytes))
1755024242: Received PUBLISH from dhruvubuntu.b1_to_b4 (d0, q0, r0, m0, 'groundfloor/kitchen', ... (195 bytes))
1755024242: [PLUGIN][B4] [TRUST] Evaluating message with signers: [ B0 B1 ]
1755024242: [PLUGIN][B4] [TRUST] Evaluating message based on last signer only.
1755024242: [PLUGIN][B4] [TRUST] Looking up direct trust from 'B1' to 'B4'
1755024242: [PLUGIN][B4] [TRUST] Found link from 'B1'. r=56, s=0. Direct trust is 0.983
1755024242: [PLUGIN][B4] [TRUST] ✅ Last signer 'B1' is trusted (0.983 >= 0.500). Accepting message.
1755024242: Sending PUBLISH to interactive-subscriberB4 (d0, q0, r0, m0, 'groundfloor/kitchen', ... (200 bytes))
1755024242: Sending PUBLISH to local.dhruvubuntu.b4_to_b6 (d0, q0, r0, m0, 'groundfloor/kitchen', ... (200 bytes))
1755024242: Received PUBLISH from interactive-subscriberB4 (d0, q0, r0, m0, 'internal/feedback', ... (51 bytes))
1755024242: [PLUGIN][B4] [TRUST] Feedback for link B2->B4. New counts: r=57, s=0. Link trust now 0.983
1755024242: Sending PUBLISH to local.dhruvubuntu.b4_to_b6 (d0, q0, r0, m0, 'internal/feedback/processed', ... (51 bytes))
1755024242: Received PUBLISH from interactive-subscriberB4 (d0, q0, r0, m0, 'internal/feedback', ... (51 bytes))
1755024242: [PLUGIN][B4] [TRUST] Feedback for link B1->B4. New counts: r=57, s=0. Link trust now 0.983
1755024242: Sending PUBLISH to local.dhruvubuntu.b4_to_b6 (d0, q0, r0, m0, 'internal/feedback/processed', ... (51 bytes))
1755024243: [PLUGIN][B4] [REFRESH] Periodic map refresh triggered.
1755024253: [PLUGIN][B4] [REFRESH] Periodic map refresh triggered.
1755024253: Received PUBLISH from dhruvubuntu.b1_to_b4 (d0, q0, r0, m0, 'groundfloor/kitchen', ... (195 bytes))
1755024253: [PLUGIN][B4] [TRUST] Evaluating message with signers: [ B0 B1 ]
1755024253: [PLUGIN][B4] [TRUST] Evaluating message based on last signer only.
1755024253: [PLUGIN][B4] [TRUST] Looking up direct trust from 'B1' to 'B4'
1755024253: [PLUGIN][B4] [TRUST] Found link from 'B1'. r=57, s=0. Direct trust is 0.983
1755024253: [PLUGIN][B4] [TRUST] ✅ Last signer 'B1' is trusted (0.983 >= 0.500). Accepting message.
1755024253: Sending PUBLISH to interactive-subscriberB4 (d0, q0, r0, m0, 'groundfloor/kitchen', ... (200 bytes))
1755024253: Sending PUBLISH to local.dhruvubuntu.b4_to_b6 (d0, q0, r0, m0, 'groundfloor/kitchen', ... (200 bytes))
1755024253: Received PUBLISH from dhruvubuntu.b2_to_b4 (d0, q0, r0, m0, 'groundfloor/kitchen', ... (195 bytes))
1755024253: [PLUGIN][B4] [TRUST] Evaluating message with signers: [ B0 B2 ]
1755024253: [PLUGIN][B4] [TRUST] Evaluating message based on last signer only.
1755024253: [PLUGIN][B4] [TRUST] Looking up direct trust from 'B2' to 'B4'
1755024253: [PLUGIN][B4] [TRUST] Found link from 'B2'. r=57, s=0. Direct trust is 0.983
1755024253: [PLUGIN][B4] [TRUST] ✅ Last signer 'B2' is trusted (0.983 >= 0.500). Accepting message.
1755024253: Sending PUBLISH to interactive-subscriberB4 (d0, q0, r0, m0, 'groundfloor/kitchen', ... (200 bytes))
1755024253: Sending PUBLISH to local.dhruvubuntu.b4_to_b6 (d0, q0, r0, m0, 'groundfloor/kitchen', ... (200 bytes))
1755024253: Received PUBLISH from interactive-subscriberB4 (d0, q0, r0, m0, 'internal/feedback', ... (51 bytes))
1755024253: [PLUGIN][B4] [TRUST] Feedback for link B1->B4. New counts: r=58, s=0. Link trust now 0.983
1755024253: Sending PUBLISH to local.dhruvubuntu.b4_to_b6 (d0, q0, r0, m0, 'internal/feedback/processed', ... (51 bytes))
1755024253: Received PUBLISH from interactive-subscriberB4 (d0, q0, r0, m0, 'internal/feedback', ... (51 bytes))
1755024253: [PLUGIN][B4] [TRUST] Feedback for link B2->B4. New counts: r=58, s=0. Link trust now 0.983
1755024253: Sending PUBLISH to local.dhruvubuntu.b4_to_b6 (d0, q0, r0, m0, 'internal/feedback/processed', ... (51 bytes))
1755024263: [PLUGIN][B4] [REFRESH] Periodic map refresh triggered.
1755024264: Received PUBLISH from dhruvubuntu.b1_to_b4 (d0, q0, r0, m0, 'groundfloor/kitchen', ... (195 bytes))
1755024264: [PLUGIN][B4] [TRUST] Evaluating message with signers: [ B0 B1 ]
1755024264: [PLUGIN][B4] [TRUST] Evaluating message based on last signer only.
1755024264: [PLUGIN][B4] [TRUST] Looking up direct trust from 'B1' to 'B4'
1755024264: [PLUGIN][B4] [TRUST] Found link from 'B1'. r=58, s=0. Direct trust is 0.983
1755024264: [PLUGIN][B4] [TRUST] ✅ Last signer 'B1' is trusted (0.983 >= 0.500). Accepting message.
1755024264: Sending PUBLISH to interactive-subscriberB4 (d0, q0, r0, m0, 'groundfloor/kitchen', ... (200 bytes))
1755024264: Sending PUBLISH to local.dhruvubuntu.b4_to_b6 (d0, q0, r0, m0, 'groundfloor/kitchen', ... (200 bytes))
1755024264: Received PUBLISH from dhruvubuntu.b2_to_b4 (d0, q0, r0, m0, 'groundfloor/kitchen', ... (195 bytes))
1755024264: [PLUGIN][B4] [TRUST] Evaluating message with signers: [ B0 B2 ]
1755024264: [PLUGIN][B4] [TRUST] Evaluating message based on last signer only.
1755024264: [PLUGIN][B4] [TRUST] Looking up direct trust from 'B2' to 'B4'
1755024264: [PLUGIN][B4] [TRUST] Found link from 'B2'. r=58, s=0. Direct trust is 0.983
1755024264: [PLUGIN][B4] [TRUST] ✅ Last signer 'B2' is trusted (0.983 >= 0.500). Accepting message.
1755024264: Sending PUBLISH to interactive-subscriberB4 (d0, q0, r0, m0, 'groundfloor/kitchen', ... (200 bytes))
1755024264: Sending PUBLISH to local.dhruvubuntu.b4_to_b6 (d0, q0, r0, m0, 'groundfloor/kitchen', ... (200 bytes))
1755024264: Received PUBLISH from interactive-subscriberB4 (d0, q0, r0, m0, 'internal/feedback', ... (51 bytes))
1755024264: [PLUGIN][B4] [TRUST] Feedback for link B1->B4. New counts: r=59, s=0. Link trust now 0.984
1755024264: Sending PUBLISH to local.dhruvubuntu.b4_to_b6 (d0, q0, r0, m0, 'internal/feedback/processed', ... (51 bytes))
1755024264: Received PUBLISH from interactive-subscriberB4 (d0, q0, r0, m0, 'internal/feedback', ... (51 bytes))
1755024264: [PLUGIN][B4] [TRUST] Feedback for link B2->B4. New counts: r=59, s=0. Link trust now 0.984
1755024264: Sending PUBLISH to local.dhruvubuntu.b4_to_b6 (d0, q0, r0, m0, 'internal/feedback/processed', ... (51 bytes))
1755024273: [PLUGIN][B4] [REFRESH] Periodic map refresh triggered.
1755024275: Received PUBLISH from dhruvubuntu.b2_to_b4 (d0, q0, r0, m0, 'groundfloor/kitchen', ... (195 bytes))
1755024275: [PLUGIN][B4] [TRUST] Evaluating message with signers: [ B0 B2 ]
1755024275: [PLUGIN][B4] [TRUST] Evaluating message based on last signer only.
1755024275: [PLUGIN][B4] [TRUST] Looking up direct trust from 'B2' to 'B4'
1755024275: [PLUGIN][B4] [TRUST] Found link from 'B2'. r=59, s=0. Direct trust is 0.984
1755024275: [PLUGIN][B4] [TRUST] ✅ Last signer 'B2' is trusted (0.984 >= 0.500). Accepting message.
1755024275: Sending PUBLISH to interactive-subscriberB4 (d0, q0, r0, m0, 'groundfloor/kitchen', ... (200 bytes))
1755024275: Sending PUBLISH to local.dhruvubuntu.b4_to_b6 (d0, q0, r0, m0, 'groundfloor/kitchen', ... (200 bytes))
1755024275: Received PUBLISH from dhruvubuntu.b1_to_b4 (d0, q0, r0, m0, 'groundfloor/kitchen', ... (195 bytes))
1755024275: [PLUGIN][B4] [TRUST] Evaluating message with signers: [ B0 B1 ]
1755024275: [PLUGIN][B4] [TRUST] Evaluating message based on last signer only.
1755024275: [PLUGIN][B4] [TRUST] Looking up direct trust from 'B1' to 'B4'
1755024275: [PLUGIN][B4] [TRUST] Found link from 'B1'. r=59, s=0. Direct trust is 0.984
1755024275: [PLUGIN][B4] [TRUST] ✅ Last signer 'B1' is trusted (0.984 >= 0.500). Accepting message.
1755024275: Sending PUBLISH to interactive-subscriberB4 (d0, q0, r0, m0, 'groundfloor/kitchen', ... (200 bytes))
1755024275: Sending PUBLISH to local.dhruvubuntu.b4_to_b6 (d0, q0, r0, m0, 'groundfloor/kitchen', ... (200 bytes))
1755024275: Received PUBLISH from interactive-subscriberB4 (d0, q0, r0, m0, 'internal/feedback', ... (51 bytes))
1755024275: [PLUGIN][B4] [TRUST] Feedback for link B2->B4. New counts: r=60, s=0. Link trust now 0.984
1755024275: Sending PUBLISH to local.dhruvubuntu.b4_to_b6 (d0, q0, r0, m0, 'internal/feedback/processed', ... (51 bytes))
1755024275: Received PUBLISH from interactive-subscriberB4 (d0, q0, r0, m0, 'internal/feedback', ... (51 bytes))
1755024275: [PLUGIN][B4] [TRUST] Feedback for link B1->B4. New counts: r=60, s=0. Link trust now 0.984
1755024275: Sending PUBLISH to local.dhruvubuntu.b4_to_b6 (d0, q0, r0, m0, 'internal/feedback/processed', ... (51 bytes))
1755024278: Received PINGREQ from dhruvubuntu.b2_to_b4
1755024278: Sending PINGRESP to dhruvubuntu.b2_to_b4
1755024280: Received PINGREQ from dhruvubuntu.b1_to_b4
1755024280: Sending PINGRESP to dhruvubuntu.b1_to_b4
1755024283: [PLUGIN][B4] [REFRESH] Periodic map refresh triggered.
1755024283: Sending PINGREQ to local.dhruvubuntu.b4_to_b6
1755024283: Received PINGRESP from local.dhruvubuntu.b4_to_b6
1755024286: Received PUBLISH from dhruvubuntu.b1_to_b4 (d0, q0, r0, m0, 'groundfloor/kitchen', ... (195 bytes))
1755024286: [PLUGIN][B4] [TRUST] Evaluating message with signers: [ B0 B1 ]
1755024286: [PLUGIN][B4] [TRUST] Evaluating message based on last signer only.
1755024286: [PLUGIN][B4] [TRUST] Looking up direct trust from 'B1' to 'B4'
1755024286: [PLUGIN][B4] [TRUST] Found link from 'B1'. r=60, s=0. Direct trust is 0.984
1755024286: [PLUGIN][B4] [TRUST] ✅ Last signer 'B1' is trusted (0.984 >= 0.500). Accepting message.
1755024286: Sending PUBLISH to interactive-subscriberB4 (d0, q0, r0, m0, 'groundfloor/kitchen', ... (200 bytes))
1755024286: Sending PUBLISH to local.dhruvubuntu.b4_to_b6 (d0, q0, r0, m0, 'groundfloor/kitchen', ... (200 bytes))
1755024286: Received PUBLISH from dhruvubuntu.b2_to_b4 (d0, q0, r0, m0, 'groundfloor/kitchen', ... (195 bytes))
1755024286: [PLUGIN][B4] [TRUST] Evaluating message with signers: [ B0 B2 ]
1755024286: [PLUGIN][B4] [TRUST] Evaluating message based on last signer only.
1755024286: [PLUGIN][B4] [TRUST] Looking up direct trust from 'B2' to 'B4'
1755024286: [PLUGIN][B4] [TRUST] Found link from 'B2'. r=60, s=0. Direct trust is 0.984
1755024286: [PLUGIN][B4] [TRUST] ✅ Last signer 'B2' is trusted (0.984 >= 0.500). Accepting message.
1755024286: Sending PUBLISH to interactive-subscriberB4 (d0, q0, r0, m0, 'groundfloor/kitchen', ... (200 bytes))
1755024286: Sending PUBLISH to local.dhruvubuntu.b4_to_b6 (d0, q0, r0, m0, 'groundfloor/kitchen', ... (200 bytes))
1755024286: Received PUBLISH from interactive-subscriberB4 (d0, q0, r0, m0, 'internal/feedback', ... (51 bytes))
1755024286: [PLUGIN][B4] [TRUST] Feedback for link B1->B4. New counts: r=61, s=0. Link trust now 0.984
1755024286: Sending PUBLISH to local.dhruvubuntu.b4_to_b6 (d0, q0, r0, m0, 'internal/feedback/processed', ... (51 bytes))
1755024286: Received PUBLISH from interactive-subscriberB4 (d0, q0, r0, m0, 'internal/feedback', ... (51 bytes))
1755024286: [PLUGIN][B4] [TRUST] Feedback for link B2->B4. New counts: r=61, s=0. Link trust now 0.984
1755024286: Sending PUBLISH to local.dhruvubuntu.b4_to_b6 (d0, q0, r0, m0, 'internal/feedback/processed', ... (51 bytes))
1755024293: [PLUGIN][B4] [REFRESH] Periodic map refresh triggered.
1755024297: Received PUBLISH from dhruvubuntu.b2_to_b4 (d0, q0, r0, m0, 'groundfloor/kitchen', ... (195 bytes))
1755024297: [PLUGIN][B4] [TRUST] Evaluating message with signers: [ B0 B2 ]
1755024297: [PLUGIN][B4] [TRUST] Evaluating message based on last signer only.
1755024297: [PLUGIN][B4] [TRUST] Looking up direct trust from 'B2' to 'B4'
1755024297: [PLUGIN][B4] [TRUST] Found link from 'B2'. r=61, s=0. Direct trust is 0.984
1755024297: [PLUGIN][B4] [TRUST] ✅ Last signer 'B2' is trusted (0.984 >= 0.500). Accepting message.
1755024297: Sending PUBLISH to interactive-subscriberB4 (d0, q0, r0, m0, 'groundfloor/kitchen', ... (200 bytes))
1755024297: Sending PUBLISH to local.dhruvubuntu.b4_to_b6 (d0, q0, r0, m0, 'groundfloor/kitchen', ... (200 bytes))
1755024297: Received PUBLISH from dhruvubuntu.b1_to_b4 (d0, q0, r0, m0, 'groundfloor/kitchen', ... (195 bytes))
1755024297: [PLUGIN][B4] [TRUST] Evaluating message with signers: [ B0 B1 ]
1755024297: [PLUGIN][B4] [TRUST] Evaluating message based on last signer only.
1755024297: [PLUGIN][B4] [TRUST] Looking up direct trust from 'B1' to 'B4'
1755024297: [PLUGIN][B4] [TRUST] Found link from 'B1'. r=61, s=0. Direct trust is 0.984
1755024297: [PLUGIN][B4] [TRUST] ✅ Last signer 'B1' is trusted (0.984 >= 0.500). Accepting message.
1755024297: Sending PUBLISH to interactive-subscriberB4 (d0, q0, r0, m0, 'groundfloor/kitchen', ... (200 bytes))
1755024297: Sending PUBLISH to local.dhruvubuntu.b4_to_b6 (d0, q0, r0, m0, 'groundfloor/kitchen', ... (200 bytes))
1755024297: Received PUBLISH from interactive-subscriberB4 (d0, q0, r0, m0, 'internal/feedback', ... (51 bytes))
1755024297: [PLUGIN][B4] [TRUST] Feedback for link B2->B4. New counts: r=62, s=0. Link trust now 0.984
1755024297: Sending PUBLISH to local.dhruvubuntu.b4_to_b6 (d0, q0, r0, m0, 'internal/feedback/processed', ... (51 bytes))
1755024297: Received PUBLISH from interactive-subscriberB4 (d0, q0, r0, m0, 'internal/feedback', ... (51 bytes))
1755024297: [PLUGIN][B4] [TRUST] Feedback for link B1->B4. New counts: r=62, s=0. Link trust now 0.984
1755024297: Sending PUBLISH to local.dhruvubuntu.b4_to_b6 (d0, q0, r0, m0, 'internal/feedback/processed', ... (51 bytes))
1755024303: [PLUGIN][B4] [REFRESH] Periodic map refresh triggered.
1755024308: Received PUBLISH from dhruvubuntu.b2_to_b4 (d0, q0, r0, m0, 'groundfloor/kitchen', ... (195 bytes))
1755024308: [PLUGIN][B4] [TRUST] Evaluating message with signers: [ B0 B2 ]
1755024308: [PLUGIN][B4] [TRUST] Evaluating message based on last signer only.
1755024308: [PLUGIN][B4] [TRUST] Looking up direct trust from 'B2' to 'B4'
1755024308: [PLUGIN][B4] [TRUST] Found link from 'B2'. r=62, s=0. Direct trust is 0.984
1755024308: [PLUGIN][B4] [TRUST] ✅ Last signer 'B2' is trusted (0.984 >= 0.500). Accepting message.
1755024308: Sending PUBLISH to interactive-subscriberB4 (d0, q0, r0, m0, 'groundfloor/kitchen', ... (200 bytes))
1755024308: Sending PUBLISH to local.dhruvubuntu.b4_to_b6 (d0, q0, r0, m0, 'groundfloor/kitchen', ... (200 bytes))
1755024308: Received PUBLISH from dhruvubuntu.b1_to_b4 (d0, q0, r0, m0, 'groundfloor/kitchen', ... (195 bytes))
1755024308: [PLUGIN][B4] [TRUST] Evaluating message with signers: [ B0 B1 ]
1755024308: [PLUGIN][B4] [TRUST] Evaluating message based on last signer only.
1755024308: [PLUGIN][B4] [TRUST] Looking up direct trust from 'B1' to 'B4'
1755024308: [PLUGIN][B4] [TRUST] Found link from 'B1'. r=62, s=0. Direct trust is 0.984
1755024308: [PLUGIN][B4] [TRUST] ✅ Last signer 'B1' is trusted (0.984 >= 0.500). Accepting message.
1755024308: Sending PUBLISH to interactive-subscriberB4 (d0, q0, r0, m0, 'groundfloor/kitchen', ... (200 bytes))
1755024308: Sending PUBLISH to local.dhruvubuntu.b4_to_b6 (d0, q0, r0, m0, 'groundfloor/kitchen', ... (200 bytes))
1755024308: Received PUBLISH from interactive-subscriberB4 (d0, q0, r0, m0, 'internal/feedback', ... (51 bytes))
1755024308: [PLUGIN][B4] [TRUST] Feedback for link B2->B4. New counts: r=63, s=0. Link trust now 0.985
1755024308: Sending PUBLISH to local.dhruvubuntu.b4_to_b6 (d0, q0, r0, m0, 'internal/feedback/processed', ... (51 bytes))
1755024308: Received PUBLISH from interactive-subscriberB4 (d0, q0, r0, m0, 'internal/feedback', ... (51 bytes))
1755024308: [PLUGIN][B4] [TRUST] Feedback for link B1->B4. New counts: r=63, s=0. Link trust now 0.985
1755024308: Sending PUBLISH to local.dhruvubuntu.b4_to_b6 (d0, q0, r0, m0, 'internal/feedback/processed', ... (51 bytes))
1755024313: [PLUGIN][B4] [REFRESH] Periodic map refresh triggered.
1755024319: Received PUBLISH from dhruvubuntu.b2_to_b4 (d0, q0, r0, m0, 'groundfloor/kitchen', ... (195 bytes))
1755024319: [PLUGIN][B4] [TRUST] Evaluating message with signers: [ B0 B2 ]
1755024319: [PLUGIN][B4] [TRUST] Evaluating message based on last signer only.
1755024319: [PLUGIN][B4] [TRUST] Looking up direct trust from 'B2' to 'B4'
1755024319: [PLUGIN][B4] [TRUST] Found link from 'B2'. r=63, s=0. Direct trust is 0.985
1755024319: [PLUGIN][B4] [TRUST] ✅ Last signer 'B2' is trusted (0.985 >= 0.500). Accepting message.
1755024319: Sending PUBLISH to interactive-subscriberB4 (d0, q0, r0, m0, 'groundfloor/kitchen', ... (200 bytes))
1755024319: Sending PUBLISH to local.dhruvubuntu.b4_to_b6 (d0, q0, r0, m0, 'groundfloor/kitchen', ... (200 bytes))
1755024319: Received PUBLISH from dhruvubuntu.b1_to_b4 (d0, q0, r0, m0, 'groundfloor/kitchen', ... (195 bytes))
1755024319: [PLUGIN][B4] [TRUST] Evaluating message with signers: [ B0 B1 ]
1755024319: [PLUGIN][B4] [TRUST] Evaluating message based on last signer only.
1755024319: [PLUGIN][B4] [TRUST] Looking up direct trust from 'B1' to 'B4'
1755024319: [PLUGIN][B4] [TRUST] Found link from 'B1'. r=63, s=0. Direct trust is 0.985
1755024319: [PLUGIN][B4] [TRUST] ✅ Last signer 'B1' is trusted (0.985 >= 0.500). Accepting message.
1755024319: Sending PUBLISH to interactive-subscriberB4 (d0, q0, r0, m0, 'groundfloor/kitchen', ... (200 bytes))
1755024319: Sending PUBLISH to local.dhruvubuntu.b4_to_b6 (d0, q0, r0, m0, 'groundfloor/kitchen', ... (200 bytes))
1755024319: Received PUBLISH from interactive-subscriberB4 (d0, q0, r0, m0, 'internal/feedback', ... (51 bytes))
1755024319: [PLUGIN][B4] [TRUST] Feedback for link B2->B4. New counts: r=64, s=0. Link trust now 0.985
1755024319: Sending PUBLISH to local.dhruvubuntu.b4_to_b6 (d0, q0, r0, m0, 'internal/feedback/processed', ... (51 bytes))
1755024319: Received PUBLISH from interactive-subscriberB4 (d0, q0, r0, m0, 'internal/feedback', ... (51 bytes))
1755024319: [PLUGIN][B4] [TRUST] Feedback for link B1->B4. New counts: r=64, s=0. Link trust now 0.985
1755024319: Sending PUBLISH to local.dhruvubuntu.b4_to_b6 (d0, q0, r0, m0, 'internal/feedback/processed', ... (51 bytes))
1755024323: [PLUGIN][B4] [REFRESH] Periodic map refresh triggered.
1755024330: Received PUBLISH from dhruvubuntu.b2_to_b4 (d0, q0, r0, m0, 'groundfloor/kitchen', ... (195 bytes))
1755024330: [PLUGIN][B4] [TRUST] Evaluating message with signers: [ B0 B2 ]
1755024330: [PLUGIN][B4] [TRUST] Evaluating message based on last signer only.
1755024330: [PLUGIN][B4] [TRUST] Looking up direct trust from 'B2' to 'B4'
1755024330: [PLUGIN][B4] [TRUST] Found link from 'B2'. r=64, s=0. Direct trust is 0.985
1755024330: [PLUGIN][B4] [TRUST] ✅ Last signer 'B2' is trusted (0.985 >= 0.500). Accepting message.
1755024330: Sending PUBLISH to interactive-subscriberB4 (d0, q0, r0, m0, 'groundfloor/kitchen', ... (200 bytes))
1755024330: Sending PUBLISH to local.dhruvubuntu.b4_to_b6 (d0, q0, r0, m0, 'groundfloor/kitchen', ... (200 bytes))
1755024330: Received PUBLISH from dhruvubuntu.b1_to_b4 (d0, q0, r0, m0, 'groundfloor/kitchen', ... (195 bytes))
1755024330: [PLUGIN][B4] [TRUST] Evaluating message with signers: [ B0 B1 ]
1755024330: [PLUGIN][B4] [TRUST] Evaluating message based on last signer only.
1755024330: [PLUGIN][B4] [TRUST] Looking up direct trust from 'B1' to 'B4'
1755024330: [PLUGIN][B4] [TRUST] Found link from 'B1'. r=64, s=0. Direct trust is 0.985
1755024330: [PLUGIN][B4] [TRUST] ✅ Last signer 'B1' is trusted (0.985 >= 0.500). Accepting message.
1755024330: Sending PUBLISH to interactive-subscriberB4 (d0, q0, r0, m0, 'groundfloor/kitchen', ... (200 bytes))
1755024330: Sending PUBLISH to local.dhruvubuntu.b4_to_b6 (d0, q0, r0, m0, 'groundfloor/kitchen', ... (200 bytes))
1755024330: Received PUBLISH from interactive-subscriberB4 (d0, q0, r0, m0, 'internal/feedback', ... (51 bytes))
1755024330: [PLUGIN][B4] [TRUST] Feedback for link B2->B4. New counts: r=65, s=0. Link trust now 0.985
1755024330: Sending PUBLISH to local.dhruvubuntu.b4_to_b6 (d0, q0, r0, m0, 'internal/feedback/processed', ... (51 bytes))
1755024330: Received PUBLISH from interactive-subscriberB4 (d0, q0, r0, m0, 'internal/feedback', ... (51 bytes))
1755024330: [PLUGIN][B4] [TRUST] Feedback for link B1->B4. New counts: r=65, s=0. Link trust now 0.985
1755024330: Sending PUBLISH to local.dhruvubuntu.b4_to_b6 (d0, q0, r0, m0, 'internal/feedback/processed', ... (51 bytes))
1755024333: [PLUGIN][B4] [REFRESH] Periodic map refresh triggered.
1755024338: Received PINGREQ from dhruvubuntu.b2_to_b4
1755024338: Sending PINGRESP to dhruvubuntu.b2_to_b4
1755024340: Received PINGREQ from dhruvubuntu.b1_to_b4
1755024340: Sending PINGRESP to dhruvubuntu.b1_to_b4
1755024341: Received PUBLISH from dhruvubuntu.b2_to_b4 (d0, q0, r0, m0, 'groundfloor/kitchen', ... (195 bytes))
1755024341: [PLUGIN][B4] [TRUST] Evaluating message with signers: [ B0 B2 ]
1755024341: [PLUGIN][B4] [TRUST] Evaluating message based on last signer only.
1755024341: [PLUGIN][B4] [TRUST] Looking up direct trust from 'B2' to 'B4'
1755024341: [PLUGIN][B4] [TRUST] Found link from 'B2'. r=65, s=0. Direct trust is 0.985
1755024341: [PLUGIN][B4] [TRUST] ✅ Last signer 'B2' is trusted (0.985 >= 0.500). Accepting message.
1755024341: Sending PUBLISH to interactive-subscriberB4 (d0, q0, r0, m0, 'groundfloor/kitchen', ... (200 bytes))
1755024341: Sending PUBLISH to local.dhruvubuntu.b4_to_b6 (d0, q0, r0, m0, 'groundfloor/kitchen', ... (200 bytes))
1755024341: Received PUBLISH from dhruvubuntu.b1_to_b4 (d0, q0, r0, m0, 'groundfloor/kitchen', ... (195 bytes))
1755024341: [PLUGIN][B4] [TRUST] Evaluating message with signers: [ B0 B1 ]
1755024341: [PLUGIN][B4] [TRUST] Evaluating message based on last signer only.
1755024341: [PLUGIN][B4] [TRUST] Looking up direct trust from 'B1' to 'B4'
1755024341: [PLUGIN][B4] [TRUST] Found link from 'B1'. r=65, s=0. Direct trust is 0.985
1755024341: [PLUGIN][B4] [TRUST] ✅ Last signer 'B1' is trusted (0.985 >= 0.500). Accepting message.
1755024341: Sending PUBLISH to interactive-subscriberB4 (d0, q0, r0, m0, 'groundfloor/kitchen', ... (200 bytes))
1755024341: Sending PUBLISH to local.dhruvubuntu.b4_to_b6 (d0, q0, r0, m0, 'groundfloor/kitchen', ... (200 bytes))
1755024341: Received PUBLISH from interactive-subscriberB4 (d0, q0, r0, m0, 'internal/feedback', ... (51 bytes))
1755024341: [PLUGIN][B4] [TRUST] Feedback for link B2->B4. New counts: r=66, s=0. Link trust now 0.985
1755024341: Sending PUBLISH to local.dhruvubuntu.b4_to_b6 (d0, q0, r0, m0, 'internal/feedback/processed', ... (51 bytes))
1755024341: Received PUBLISH from interactive-subscriberB4 (d0, q0, r0, m0, 'internal/feedback', ... (51 bytes))
1755024341: [PLUGIN][B4] [TRUST] Feedback for link B1->B4. New counts: r=66, s=0. Link trust now 0.985
1755024341: Sending PUBLISH to local.dhruvubuntu.b4_to_b6 (d0, q0, r0, m0, 'internal/feedback/processed', ... (51 bytes))
1755024343: [PLUGIN][B4] [REFRESH] Periodic map refresh triggered.
1755024343: Sending PINGREQ to local.dhruvubuntu.b4_to_b6
1755024343: Received PINGRESP from local.dhruvubuntu.b4_to_b6
1755024352: Received PUBLISH from dhruvubuntu.b1_to_b4 (d0, q0, r0, m0, 'groundfloor/kitchen', ... (195 bytes))
1755024352: [PLUGIN][B4] [TRUST] Evaluating message with signers: [ B0 B1 ]
1755024352: [PLUGIN][B4] [TRUST] Evaluating message based on last signer only.
1755024352: [PLUGIN][B4] [TRUST] Looking up direct trust from 'B1' to 'B4'
1755024352: [PLUGIN][B4] [TRUST] Found link from 'B1'. r=66, s=0. Direct trust is 0.985
1755024352: [PLUGIN][B4] [TRUST] ✅ Last signer 'B1' is trusted (0.985 >= 0.500). Accepting message.
1755024352: Sending PUBLISH to interactive-subscriberB4 (d0, q0, r0, m0, 'groundfloor/kitchen', ... (200 bytes))
1755024352: Sending PUBLISH to local.dhruvubuntu.b4_to_b6 (d0, q0, r0, m0, 'groundfloor/kitchen', ... (200 bytes))
1755024352: Received PUBLISH from dhruvubuntu.b2_to_b4 (d0, q0, r0, m0, 'groundfloor/kitchen', ... (195 bytes))
1755024352: [PLUGIN][B4] [TRUST] Evaluating message with signers: [ B0 B2 ]
1755024352: [PLUGIN][B4] [TRUST] Evaluating message based on last signer only.
1755024352: [PLUGIN][B4] [TRUST] Looking up direct trust from 'B2' to 'B4'
1755024352: [PLUGIN][B4] [TRUST] Found link from 'B2'. r=66, s=0. Direct trust is 0.985
1755024352: [PLUGIN][B4] [TRUST] ✅ Last signer 'B2' is trusted (0.985 >= 0.500). Accepting message.
1755024352: Sending PUBLISH to interactive-subscriberB4 (d0, q0, r0, m0, 'groundfloor/kitchen', ... (200 bytes))
1755024352: Sending PUBLISH to local.dhruvubuntu.b4_to_b6 (d0, q0, r0, m0, 'groundfloor/kitchen', ... (200 bytes))
1755024352: Received PUBLISH from interactive-subscriberB4 (d0, q0, r0, m0, 'internal/feedback', ... (51 bytes))
1755024352: [PLUGIN][B4] [TRUST] Feedback for link B1->B4. New counts: r=67, s=0. Link trust now 0.986
1755024352: Sending PUBLISH to local.dhruvubuntu.b4_to_b6 (d0, q0, r0, m0, 'internal/feedback/processed', ... (51 bytes))
1755024352: Received PUBLISH from interactive-subscriberB4 (d0, q0, r0, m0, 'internal/feedback', ... (51 bytes))
1755024352: [PLUGIN][B4] [TRUST] Feedback for link B2->B4. New counts: r=67, s=0. Link trust now 0.986
1755024352: Sending PUBLISH to local.dhruvubuntu.b4_to_b6 (d0, q0, r0, m0, 'internal/feedback/processed', ... (51 bytes))
1755024353: [PLUGIN][B4] [REFRESH] Periodic map refresh triggered.
1755024363: [PLUGIN][B4] [REFRESH] Periodic map refresh triggered.
1755024363: Received PUBLISH from dhruvubuntu.b2_to_b4 (d0, q0, r0, m0, 'groundfloor/kitchen', ... (195 bytes))
1755024363: [PLUGIN][B4] [TRUST] Evaluating message with signers: [ B0 B2 ]
1755024363: [PLUGIN][B4] [TRUST] Evaluating message based on last signer only.
1755024363: [PLUGIN][B4] [TRUST] Looking up direct trust from 'B2' to 'B4'
1755024363: [PLUGIN][B4] [TRUST] Found link from 'B2'. r=67, s=0. Direct trust is 0.986
1755024363: [PLUGIN][B4] [TRUST] ✅ Last signer 'B2' is trusted (0.986 >= 0.500). Accepting message.
1755024363: Sending PUBLISH to interactive-subscriberB4 (d0, q0, r0, m0, 'groundfloor/kitchen', ... (200 bytes))
1755024363: Sending PUBLISH to local.dhruvubuntu.b4_to_b6 (d0, q0, r0, m0, 'groundfloor/kitchen', ... (200 bytes))
1755024363: Received PUBLISH from dhruvubuntu.b1_to_b4 (d0, q0, r0, m0, 'groundfloor/kitchen', ... (195 bytes))
1755024363: [PLUGIN][B4] [TRUST] Evaluating message with signers: [ B0 B1 ]
1755024363: [PLUGIN][B4] [TRUST] Evaluating message based on last signer only.
1755024363: [PLUGIN][B4] [TRUST] Looking up direct trust from 'B1' to 'B4'
1755024363: [PLUGIN][B4] [TRUST] Found link from 'B1'. r=67, s=0. Direct trust is 0.986
1755024363: [PLUGIN][B4] [TRUST] ✅ Last signer 'B1' is trusted (0.986 >= 0.500). Accepting message.
1755024363: Sending PUBLISH to interactive-subscriberB4 (d0, q0, r0, m0, 'groundfloor/kitchen', ... (200 bytes))
1755024363: Sending PUBLISH to local.dhruvubuntu.b4_to_b6 (d0, q0, r0, m0, 'groundfloor/kitchen', ... (200 bytes))
1755024363: Received PUBLISH from interactive-subscriberB4 (d0, q0, r0, m0, 'internal/feedback', ... (51 bytes))
1755024363: [PLUGIN][B4] [TRUST] Feedback for link B2->B4. New counts: r=68, s=0. Link trust now 0.986
1755024363: Sending PUBLISH to local.dhruvubuntu.b4_to_b6 (d0, q0, r0, m0, 'internal/feedback/processed', ... (51 bytes))
1755024363: Received PUBLISH from interactive-subscriberB4 (d0, q0, r0, m0, 'internal/feedback', ... (51 bytes))
1755024363: [PLUGIN][B4] [TRUST] Feedback for link B1->B4. New counts: r=68, s=0. Link trust now 0.986
1755024363: Sending PUBLISH to local.dhruvubuntu.b4_to_b6 (d0, q0, r0, m0, 'internal/feedback/processed', ... (51 bytes))
1755024373: [PLUGIN][B4] [REFRESH] Periodic map refresh triggered.
1755024374: Received PUBLISH from dhruvubuntu.b2_to_b4 (d0, q0, r0, m0, 'groundfloor/kitchen', ... (195 bytes))
1755024374: [PLUGIN][B4] [TRUST] Evaluating message with signers: [ B0 B2 ]
1755024374: [PLUGIN][B4] [TRUST] Evaluating message based on last signer only.
1755024374: [PLUGIN][B4] [TRUST] Looking up direct trust from 'B2' to 'B4'
1755024374: [PLUGIN][B4] [TRUST] Found link from 'B2'. r=68, s=0. Direct trust is 0.986
1755024374: [PLUGIN][B4] [TRUST] ✅ Last signer 'B2' is trusted (0.986 >= 0.500). Accepting message.
1755024374: Sending PUBLISH to interactive-subscriberB4 (d0, q0, r0, m0, 'groundfloor/kitchen', ... (200 bytes))
1755024374: Sending PUBLISH to local.dhruvubuntu.b4_to_b6 (d0, q0, r0, m0, 'groundfloor/kitchen', ... (200 bytes))
1755024374: Received PUBLISH from dhruvubuntu.b1_to_b4 (d0, q0, r0, m0, 'groundfloor/kitchen', ... (195 bytes))
1755024374: [PLUGIN][B4] [TRUST] Evaluating message with signers: [ B0 B1 ]
1755024374: [PLUGIN][B4] [TRUST] Evaluating message based on last signer only.
1755024374: [PLUGIN][B4] [TRUST] Looking up direct trust from 'B1' to 'B4'
1755024374: [PLUGIN][B4] [TRUST] Found link from 'B1'. r=68, s=0. Direct trust is 0.986
1755024374: [PLUGIN][B4] [TRUST] ✅ Last signer 'B1' is trusted (0.986 >= 0.500). Accepting message.
1755024374: Sending PUBLISH to interactive-subscriberB4 (d0, q0, r0, m0, 'groundfloor/kitchen', ... (200 bytes))
1755024374: Sending PUBLISH to local.dhruvubuntu.b4_to_b6 (d0, q0, r0, m0, 'groundfloor/kitchen', ... (200 bytes))
1755024374: Received PUBLISH from interactive-subscriberB4 (d0, q0, r0, m0, 'internal/feedback', ... (51 bytes))
1755024374: [PLUGIN][B4] [TRUST] Feedback for link B2->B4. New counts: r=69, s=0. Link trust now 0.986
1755024374: Sending PUBLISH to local.dhruvubuntu.b4_to_b6 (d0, q0, r0, m0, 'internal/feedback/processed', ... (51 bytes))
1755024375: Received PUBLISH from interactive-subscriberB4 (d0, q0, r0, m0, 'internal/feedback', ... (51 bytes))
1755024375: [PLUGIN][B4] [TRUST] Feedback for link B1->B4. New counts: r=69, s=0. Link trust now 0.986
1755024375: Sending PUBLISH to local.dhruvubuntu.b4_to_b6 (d0, q0, r0, m0, 'internal/feedback/processed', ... (51 bytes))
1755024383: [PLUGIN][B4] [REFRESH] Periodic map refresh triggered.
1755024386: Received PUBLISH from dhruvubuntu.b1_to_b4 (d0, q0, r0, m0, 'groundfloor/kitchen', ... (195 bytes))
1755024386: [PLUGIN][B4] [TRUST] Evaluating message with signers: [ B0 B1 ]
1755024386: [PLUGIN][B4] [TRUST] Evaluating message based on last signer only.
1755024386: [PLUGIN][B4] [TRUST] Looking up direct trust from 'B1' to 'B4'
1755024386: [PLUGIN][B4] [TRUST] Found link from 'B1'. r=69, s=0. Direct trust is 0.986
1755024386: [PLUGIN][B4] [TRUST] ✅ Last signer 'B1' is trusted (0.986 >= 0.500). Accepting message.
1755024386: Sending PUBLISH to interactive-subscriberB4 (d0, q0, r0, m0, 'groundfloor/kitchen', ... (200 bytes))
1755024386: Sending PUBLISH to local.dhruvubuntu.b4_to_b6 (d0, q0, r0, m0, 'groundfloor/kitchen', ... (200 bytes))
1755024386: Received PUBLISH from dhruvubuntu.b2_to_b4 (d0, q0, r0, m0, 'groundfloor/kitchen', ... (195 bytes))
1755024386: [PLUGIN][B4] [TRUST] Evaluating message with signers: [ B0 B2 ]
1755024386: [PLUGIN][B4] [TRUST] Evaluating message based on last signer only.
1755024386: [PLUGIN][B4] [TRUST] Looking up direct trust from 'B2' to 'B4'
1755024386: [PLUGIN][B4] [TRUST] Found link from 'B2'. r=69, s=0. Direct trust is 0.986
1755024386: [PLUGIN][B4] [TRUST] ✅ Last signer 'B2' is trusted (0.986 >= 0.500). Accepting message.
1755024386: Sending PUBLISH to interactive-subscriberB4 (d0, q0, r0, m0, 'groundfloor/kitchen', ... (200 bytes))
1755024386: Sending PUBLISH to local.dhruvubuntu.b4_to_b6 (d0, q0, r0, m0, 'groundfloor/kitchen', ... (200 bytes))
1755024386: Received PUBLISH from interactive-subscriberB4 (d0, q0, r0, m0, 'internal/feedback', ... (51 bytes))
1755024386: [PLUGIN][B4] [TRUST] Feedback for link B1->B4. New counts: r=70, s=0. Link trust now 0.986
1755024386: Sending PUBLISH to local.dhruvubuntu.b4_to_b6 (d0, q0, r0, m0, 'internal/feedback/processed', ... (51 bytes))
1755024386: Received PUBLISH from interactive-subscriberB4 (d0, q0, r0, m0, 'internal/feedback', ... (51 bytes))
1755024386: [PLUGIN][B4] [TRUST] Feedback for link B2->B4. New counts: r=70, s=0. Link trust now 0.986
1755024386: Sending PUBLISH to local.dhruvubuntu.b4_to_b6 (d0, q0, r0, m0, 'internal/feedback/processed', ... (51 bytes))
1755024393: [PLUGIN][B4] [REFRESH] Periodic map refresh triggered.
1755024397: Received PUBLISH from dhruvubuntu.b2_to_b4 (d0, q0, r0, m0, 'groundfloor/kitchen', ... (195 bytes))
1755024397: [PLUGIN][B4] [TRUST] Evaluating message with signers: [ B0 B2 ]
1755024397: [PLUGIN][B4] [TRUST] Evaluating message based on last signer only.
1755024397: [PLUGIN][B4] [TRUST] Looking up direct trust from 'B2' to 'B4'
1755024397: [PLUGIN][B4] [TRUST] Found link from 'B2'. r=70, s=0. Direct trust is 0.986
1755024397: [PLUGIN][B4] [TRUST] ✅ Last signer 'B2' is trusted (0.986 >= 0.500). Accepting message.
1755024397: Sending PUBLISH to interactive-subscriberB4 (d0, q0, r0, m0, 'groundfloor/kitchen', ... (200 bytes))
1755024397: Sending PUBLISH to local.dhruvubuntu.b4_to_b6 (d0, q0, r0, m0, 'groundfloor/kitchen', ... (200 bytes))
1755024397: Received PUBLISH from dhruvubuntu.b1_to_b4 (d0, q0, r0, m0, 'groundfloor/kitchen', ... (195 bytes))
1755024397: [PLUGIN][B4] [TRUST] Evaluating message with signers: [ B0 B1 ]
1755024397: [PLUGIN][B4] [TRUST] Evaluating message based on last signer only.
1755024397: [PLUGIN][B4] [TRUST] Looking up direct trust from 'B1' to 'B4'
1755024397: [PLUGIN][B4] [TRUST] Found link from 'B1'. r=70, s=0. Direct trust is 0.986
1755024397: [PLUGIN][B4] [TRUST] ✅ Last signer 'B1' is trusted (0.986 >= 0.500). Accepting message.
1755024397: Sending PUBLISH to interactive-subscriberB4 (d0, q0, r0, m0, 'groundfloor/kitchen', ... (200 bytes))
1755024397: Sending PUBLISH to local.dhruvubuntu.b4_to_b6 (d0, q0, r0, m0, 'groundfloor/kitchen', ... (200 bytes))
1755024397: Received PUBLISH from interactive-subscriberB4 (d0, q0, r0, m0, 'internal/feedback', ... (51 bytes))
1755024397: [PLUGIN][B4] [TRUST] Feedback for link B2->B4. New counts: r=71, s=0. Link trust now 0.986
1755024397: Sending PUBLISH to local.dhruvubuntu.b4_to_b6 (d0, q0, r0, m0, 'internal/feedback/processed', ... (51 bytes))
1755024397: Received PUBLISH from interactive-subscriberB4 (d0, q0, r0, m0, 'internal/feedback', ... (51 bytes))
1755024397: [PLUGIN][B4] [TRUST] Feedback for link B1->B4. New counts: r=71, s=0. Link trust now 0.986
1755024397: Sending PUBLISH to local.dhruvubuntu.b4_to_b6 (d0, q0, r0, m0, 'internal/feedback/processed', ... (51 bytes))
1755024398: Received PINGREQ from dhruvubuntu.b2_to_b4
1755024398: Sending PINGRESP to dhruvubuntu.b2_to_b4
1755024400: Received PINGREQ from dhruvubuntu.b1_to_b4
1755024400: Sending PINGRESP to dhruvubuntu.b1_to_b4
1755024403: [PLUGIN][B4] [REFRESH] Periodic map refresh triggered.
1755024403: Sending PINGREQ to local.dhruvubuntu.b4_to_b6
1755024403: Received PINGRESP from local.dhruvubuntu.b4_to_b6
1755024408: Received PUBLISH from dhruvubuntu.b2_to_b4 (d0, q0, r0, m0, 'groundfloor/kitchen', ... (195 bytes))
1755024408: [PLUGIN][B4] [TRUST] Evaluating message with signers: [ B0 B2 ]
1755024408: [PLUGIN][B4] [TRUST] Evaluating message based on last signer only.
1755024408: [PLUGIN][B4] [TRUST] Looking up direct trust from 'B2' to 'B4'
1755024408: [PLUGIN][B4] [TRUST] Found link from 'B2'. r=71, s=0. Direct trust is 0.986
1755024408: [PLUGIN][B4] [TRUST] ✅ Last signer 'B2' is trusted (0.986 >= 0.500). Accepting message.
1755024408: Sending PUBLISH to interactive-subscriberB4 (d0, q0, r0, m0, 'groundfloor/kitchen', ... (200 bytes))
1755024408: Sending PUBLISH to local.dhruvubuntu.b4_to_b6 (d0, q0, r0, m0, 'groundfloor/kitchen', ... (200 bytes))
1755024408: Received PUBLISH from dhruvubuntu.b1_to_b4 (d0, q0, r0, m0, 'groundfloor/kitchen', ... (195 bytes))
1755024408: [PLUGIN][B4] [TRUST] Evaluating message with signers: [ B0 B1 ]
1755024408: [PLUGIN][B4] [TRUST] Evaluating message based on last signer only.
1755024408: [PLUGIN][B4] [TRUST] Looking up direct trust from 'B1' to 'B4'
1755024408: [PLUGIN][B4] [TRUST] Found link from 'B1'. r=71, s=0. Direct trust is 0.986
1755024408: [PLUGIN][B4] [TRUST] ✅ Last signer 'B1' is trusted (0.986 >= 0.500). Accepting message.
1755024408: Sending PUBLISH to interactive-subscriberB4 (d0, q0, r0, m0, 'groundfloor/kitchen', ... (200 bytes))
1755024408: Sending PUBLISH to local.dhruvubuntu.b4_to_b6 (d0, q0, r0, m0, 'groundfloor/kitchen', ... (200 bytes))
1755024408: Received PUBLISH from interactive-subscriberB4 (d0, q0, r0, m0, 'internal/feedback', ... (51 bytes))
1755024408: [PLUGIN][B4] [TRUST] Feedback for link B2->B4. New counts: r=72, s=0. Link trust now 0.986
1755024408: Sending PUBLISH to local.dhruvubuntu.b4_to_b6 (d0, q0, r0, m0, 'internal/feedback/processed', ... (51 bytes))
1755024408: Received PUBLISH from interactive-subscriberB4 (d0, q0, r0, m0, 'internal/feedback', ... (51 bytes))
1755024408: [PLUGIN][B4] [TRUST] Feedback for link B1->B4. New counts: r=72, s=0. Link trust now 0.986
1755024408: Sending PUBLISH to local.dhruvubuntu.b4_to_b6 (d0, q0, r0, m0, 'internal/feedback/processed', ... (51 bytes))
1755024413: [PLUGIN][B4] [REFRESH] Periodic map refresh triggered.
1755024419: Received PUBLISH from dhruvubuntu.b2_to_b4 (d0, q0, r0, m0, 'groundfloor/kitchen', ... (195 bytes))
1755024419: [PLUGIN][B4] [TRUST] Evaluating message with signers: [ B0 B2 ]
1755024419: [PLUGIN][B4] [TRUST] Evaluating message based on last signer only.
1755024419: [PLUGIN][B4] [TRUST] Looking up direct trust from 'B2' to 'B4'
1755024419: [PLUGIN][B4] [TRUST] Found link from 'B2'. r=72, s=0. Direct trust is 0.986
1755024419: [PLUGIN][B4] [TRUST] ✅ Last signer 'B2' is trusted (0.986 >= 0.500). Accepting message.
1755024419: Sending PUBLISH to interactive-subscriberB4 (d0, q0, r0, m0, 'groundfloor/kitchen', ... (200 bytes))
1755024419: Sending PUBLISH to local.dhruvubuntu.b4_to_b6 (d0, q0, r0, m0, 'groundfloor/kitchen', ... (200 bytes))
1755024419: Received PUBLISH from dhruvubuntu.b1_to_b4 (d0, q0, r0, m0, 'groundfloor/kitchen', ... (195 bytes))
1755024419: [PLUGIN][B4] [TRUST] Evaluating message with signers: [ B0 B1 ]
1755024419: [PLUGIN][B4] [TRUST] Evaluating message based on last signer only.
1755024419: [PLUGIN][B4] [TRUST] Looking up direct trust from 'B1' to 'B4'
1755024419: [PLUGIN][B4] [TRUST] Found link from 'B1'. r=72, s=0. Direct trust is 0.986
1755024419: [PLUGIN][B4] [TRUST] ✅ Last signer 'B1' is trusted (0.986 >= 0.500). Accepting message.
1755024419: Sending PUBLISH to interactive-subscriberB4 (d0, q0, r0, m0, 'groundfloor/kitchen', ... (200 bytes))
1755024419: Sending PUBLISH to local.dhruvubuntu.b4_to_b6 (d0, q0, r0, m0, 'groundfloor/kitchen', ... (200 bytes))
1755024419: Received PUBLISH from interactive-subscriberB4 (d0, q0, r0, m0, 'internal/feedback', ... (51 bytes))
1755024419: [PLUGIN][B4] [TRUST] Feedback for link B2->B4. New counts: r=73, s=0. Link trust now 0.987
1755024419: Sending PUBLISH to local.dhruvubuntu.b4_to_b6 (d0, q0, r0, m0, 'internal/feedback/processed', ... (51 bytes))
1755024419: Received PUBLISH from interactive-subscriberB4 (d0, q0, r0, m0, 'internal/feedback', ... (51 bytes))
1755024419: [PLUGIN][B4] [TRUST] Feedback for link B1->B4. New counts: r=73, s=0. Link trust now 0.987
1755024419: Sending PUBLISH to local.dhruvubuntu.b4_to_b6 (d0, q0, r0, m0, 'internal/feedback/processed', ... (51 bytes))
1755024423: [PLUGIN][B4] [REFRESH] Periodic map refresh triggered.
1755024430: Received PUBLISH from dhruvubuntu.b1_to_b4 (d0, q0, r0, m0, 'groundfloor/kitchen', ... (195 bytes))
1755024430: [PLUGIN][B4] [TRUST] Evaluating message with signers: [ B0 B1 ]
1755024430: [PLUGIN][B4] [TRUST] Evaluating message based on last signer only.
1755024430: [PLUGIN][B4] [TRUST] Looking up direct trust from 'B1' to 'B4'
1755024430: [PLUGIN][B4] [TRUST] Found link from 'B1'. r=73, s=0. Direct trust is 0.987
1755024430: [PLUGIN][B4] [TRUST] ✅ Last signer 'B1' is trusted (0.987 >= 0.500). Accepting message.
1755024430: Sending PUBLISH to interactive-subscriberB4 (d0, q0, r0, m0, 'groundfloor/kitchen', ... (200 bytes))
1755024430: Sending PUBLISH to local.dhruvubuntu.b4_to_b6 (d0, q0, r0, m0, 'groundfloor/kitchen', ... (200 bytes))
1755024430: Received PUBLISH from dhruvubuntu.b2_to_b4 (d0, q0, r0, m0, 'groundfloor/kitchen', ... (195 bytes))
1755024430: [PLUGIN][B4] [TRUST] Evaluating message with signers: [ B0 B2 ]
1755024430: [PLUGIN][B4] [TRUST] Evaluating message based on last signer only.
1755024430: [PLUGIN][B4] [TRUST] Looking up direct trust from 'B2' to 'B4'
1755024430: [PLUGIN][B4] [TRUST] Found link from 'B2'. r=73, s=0. Direct trust is 0.987
1755024430: [PLUGIN][B4] [TRUST] ✅ Last signer 'B2' is trusted (0.987 >= 0.500). Accepting message.
1755024430: Sending PUBLISH to interactive-subscriberB4 (d0, q0, r0, m0, 'groundfloor/kitchen', ... (200 bytes))
1755024430: Sending PUBLISH to local.dhruvubuntu.b4_to_b6 (d0, q0, r0, m0, 'groundfloor/kitchen', ... (200 bytes))
1755024430: Received PUBLISH from interactive-subscriberB4 (d0, q0, r0, m0, 'internal/feedback', ... (51 bytes))
1755024430: [PLUGIN][B4] [TRUST] Feedback for link B1->B4. New counts: r=74, s=0. Link trust now 0.987
1755024430: Sending PUBLISH to local.dhruvubuntu.b4_to_b6 (d0, q0, r0, m0, 'internal/feedback/processed', ... (51 bytes))
1755024430: Received PUBLISH from interactive-subscriberB4 (d0, q0, r0, m0, 'internal/feedback', ... (51 bytes))
1755024430: [PLUGIN][B4] [TRUST] Feedback for link B2->B4. New counts: r=74, s=0. Link trust now 0.987
1755024430: Sending PUBLISH to local.dhruvubuntu.b4_to_b6 (d0, q0, r0, m0, 'internal/feedback/processed', ... (51 bytes))
1755024433: [PLUGIN][B4] [REFRESH] Periodic map refresh triggered.
1755024441: Received PUBLISH from dhruvubuntu.b2_to_b4 (d0, q0, r0, m0, 'groundfloor/kitchen', ... (195 bytes))
1755024441: [PLUGIN][B4] [TRUST] Evaluating message with signers: [ B0 B2 ]
1755024441: [PLUGIN][B4] [TRUST] Evaluating message based on last signer only.
1755024441: [PLUGIN][B4] [TRUST] Looking up direct trust from 'B2' to 'B4'
1755024441: [PLUGIN][B4] [TRUST] Found link from 'B2'. r=74, s=0. Direct trust is 0.987
1755024441: [PLUGIN][B4] [TRUST] ✅ Last signer 'B2' is trusted (0.987 >= 0.500). Accepting message.
1755024441: Sending PUBLISH to interactive-subscriberB4 (d0, q0, r0, m0, 'groundfloor/kitchen', ... (200 bytes))
1755024441: Sending PUBLISH to local.dhruvubuntu.b4_to_b6 (d0, q0, r0, m0, 'groundfloor/kitchen', ... (200 bytes))
1755024441: Received PUBLISH from dhruvubuntu.b1_to_b4 (d0, q0, r0, m0, 'groundfloor/kitchen', ... (195 bytes))
1755024441: [PLUGIN][B4] [TRUST] Evaluating message with signers: [ B0 B1 ]
1755024441: [PLUGIN][B4] [TRUST] Evaluating message based on last signer only.
1755024441: [PLUGIN][B4] [TRUST] Looking up direct trust from 'B1' to 'B4'
1755024441: [PLUGIN][B4] [TRUST] Found link from 'B1'. r=74, s=0. Direct trust is 0.987
1755024441: [PLUGIN][B4] [TRUST] ✅ Last signer 'B1' is trusted (0.987 >= 0.500). Accepting message.
1755024441: Sending PUBLISH to interactive-subscriberB4 (d0, q0, r0, m0, 'groundfloor/kitchen', ... (200 bytes))
1755024441: Sending PUBLISH to local.dhruvubuntu.b4_to_b6 (d0, q0, r0, m0, 'groundfloor/kitchen', ... (200 bytes))
1755024441: Received PUBLISH from interactive-subscriberB4 (d0, q0, r0, m0, 'internal/feedback', ... (51 bytes))
1755024441: [PLUGIN][B4] [TRUST] Feedback for link B2->B4. New counts: r=75, s=0. Link trust now 0.987
1755024441: Sending PUBLISH to local.dhruvubuntu.b4_to_b6 (d0, q0, r0, m0, 'internal/feedback/processed', ... (51 bytes))
1755024441: Received PUBLISH from interactive-subscriberB4 (d0, q0, r0, m0, 'internal/feedback', ... (51 bytes))
1755024441: [PLUGIN][B4] [TRUST] Feedback for link B1->B4. New counts: r=75, s=0. Link trust now 0.987
1755024441: Sending PUBLISH to local.dhruvubuntu.b4_to_b6 (d0, q0, r0, m0, 'internal/feedback/processed', ... (51 bytes))
1755024443: [PLUGIN][B4] [REFRESH] Periodic map refresh triggered.
1755024452: Received PUBLISH from dhruvubuntu.b2_to_b4 (d0, q0, r0, m0, 'groundfloor/kitchen', ... (195 bytes))
1755024452: [PLUGIN][B4] [TRUST] Evaluating message with signers: [ B0 B2 ]
1755024452: [PLUGIN][B4] [TRUST] Evaluating message based on last signer only.
1755024452: [PLUGIN][B4] [TRUST] Looking up direct trust from 'B2' to 'B4'
1755024452: [PLUGIN][B4] [TRUST] Found link from 'B2'. r=75, s=0. Direct trust is 0.987
1755024452: [PLUGIN][B4] [TRUST] ✅ Last signer 'B2' is trusted (0.987 >= 0.500). Accepting message.
1755024452: Sending PUBLISH to interactive-subscriberB4 (d0, q0, r0, m0, 'groundfloor/kitchen', ... (200 bytes))
1755024452: Sending PUBLISH to local.dhruvubuntu.b4_to_b6 (d0, q0, r0, m0, 'groundfloor/kitchen', ... (200 bytes))
1755024452: Received PUBLISH from dhruvubuntu.b1_to_b4 (d0, q0, r0, m0, 'groundfloor/kitchen', ... (195 bytes))
1755024452: [PLUGIN][B4] [TRUST] Evaluating message with signers: [ B0 B1 ]
1755024452: [PLUGIN][B4] [TRUST] Evaluating message based on last signer only.
1755024452: [PLUGIN][B4] [TRUST] Looking up direct trust from 'B1' to 'B4'
1755024452: [PLUGIN][B4] [TRUST] Found link from 'B1'. r=75, s=0. Direct trust is 0.987
1755024452: [PLUGIN][B4] [TRUST] ✅ Last signer 'B1' is trusted (0.987 >= 0.500). Accepting message.
1755024452: Sending PUBLISH to interactive-subscriberB4 (d0, q0, r0, m0, 'groundfloor/kitchen', ... (200 bytes))
1755024452: Sending PUBLISH to local.dhruvubuntu.b4_to_b6 (d0, q0, r0, m0, 'groundfloor/kitchen', ... (200 bytes))
1755024452: Received PUBLISH from interactive-subscriberB4 (d0, q0, r0, m0, 'internal/feedback', ... (51 bytes))
1755024452: [PLUGIN][B4] [TRUST] Feedback for link B2->B4. New counts: r=76, s=0. Link trust now 0.987
1755024452: Sending PUBLISH to local.dhruvubuntu.b4_to_b6 (d0, q0, r0, m0, 'internal/feedback/processed', ... (51 bytes))
1755024452: Received PUBLISH from interactive-subscriberB4 (d0, q0, r0, m0, 'internal/feedback', ... (51 bytes))
1755024452: [PLUGIN][B4] [TRUST] Feedback for link B1->B4. New counts: r=76, s=0. Link trust now 0.987
1755024452: Sending PUBLISH to local.dhruvubuntu.b4_to_b6 (d0, q0, r0, m0, 'internal/feedback/processed', ... (51 bytes))
1755024453: [PLUGIN][B4] [REFRESH] Periodic map refresh triggered.
1755024458: Received PINGREQ from dhruvubuntu.b2_to_b4
1755024458: Sending PINGRESP to dhruvubuntu.b2_to_b4
1755024460: Received PINGREQ from dhruvubuntu.b1_to_b4
1755024460: Sending PINGRESP to dhruvubuntu.b1_to_b4
1755024463: [PLUGIN][B4] [REFRESH] Periodic map refresh triggered.
1755024463: Sending PINGREQ to local.dhruvubuntu.b4_to_b6
1755024463: Received PINGRESP from local.dhruvubuntu.b4_to_b6
1755024463: Received PUBLISH from dhruvubuntu.b1_to_b4 (d0, q0, r0, m0, 'groundfloor/kitchen', ... (195 bytes))
1755024463: [PLUGIN][B4] [TRUST] Evaluating message with signers: [ B0 B1 ]
1755024463: [PLUGIN][B4] [TRUST] Evaluating message based on last signer only.
1755024463: [PLUGIN][B4] [TRUST] Looking up direct trust from 'B1' to 'B4'
1755024463: [PLUGIN][B4] [TRUST] Found link from 'B1'. r=76, s=0. Direct trust is 0.987
1755024463: [PLUGIN][B4] [TRUST] ✅ Last signer 'B1' is trusted (0.987 >= 0.500). Accepting message.
1755024463: Sending PUBLISH to interactive-subscriberB4 (d0, q0, r0, m0, 'groundfloor/kitchen', ... (200 bytes))
1755024463: Sending PUBLISH to local.dhruvubuntu.b4_to_b6 (d0, q0, r0, m0, 'groundfloor/kitchen', ... (200 bytes))
1755024463: Received PUBLISH from dhruvubuntu.b2_to_b4 (d0, q0, r0, m0, 'groundfloor/kitchen', ... (195 bytes))
1755024463: [PLUGIN][B4] [TRUST] Evaluating message with signers: [ B0 B2 ]
1755024463: [PLUGIN][B4] [TRUST] Evaluating message based on last signer only.
1755024463: [PLUGIN][B4] [TRUST] Looking up direct trust from 'B2' to 'B4'
1755024463: [PLUGIN][B4] [TRUST] Found link from 'B2'. r=76, s=0. Direct trust is 0.987
1755024463: [PLUGIN][B4] [TRUST] ✅ Last signer 'B2' is trusted (0.987 >= 0.500). Accepting message.
1755024463: Sending PUBLISH to interactive-subscriberB4 (d0, q0, r0, m0, 'groundfloor/kitchen', ... (200 bytes))
1755024463: Sending PUBLISH to local.dhruvubuntu.b4_to_b6 (d0, q0, r0, m0, 'groundfloor/kitchen', ... (200 bytes))
1755024463: Received PUBLISH from interactive-subscriberB4 (d0, q0, r0, m0, 'internal/feedback', ... (51 bytes))
1755024463: [PLUGIN][B4] [TRUST] Feedback for link B1->B4. New counts: r=77, s=0. Link trust now 0.987
1755024463: Sending PUBLISH to local.dhruvubuntu.b4_to_b6 (d0, q0, r0, m0, 'internal/feedback/processed', ... (51 bytes))
1755024463: Received PUBLISH from interactive-subscriberB4 (d0, q0, r0, m0, 'internal/feedback', ... (51 bytes))
1755024463: [PLUGIN][B4] [TRUST] Feedback for link B2->B4. New counts: r=77, s=0. Link trust now 0.987
1755024463: Sending PUBLISH to local.dhruvubuntu.b4_to_b6 (d0, q0, r0, m0, 'internal/feedback/processed', ... (51 bytes))
1755024473: [PLUGIN][B4] [REFRESH] Periodic map refresh triggered.
1755024474: Received PUBLISH from dhruvubuntu.b2_to_b4 (d0, q0, r0, m0, 'groundfloor/kitchen', ... (195 bytes))
1755024474: [PLUGIN][B4] [TRUST] Evaluating message with signers: [ B0 B2 ]
1755024474: [PLUGIN][B4] [TRUST] Evaluating message based on last signer only.
1755024474: [PLUGIN][B4] [TRUST] Looking up direct trust from 'B2' to 'B4'
1755024474: [PLUGIN][B4] [TRUST] Found link from 'B2'. r=77, s=0. Direct trust is 0.987
1755024474: [PLUGIN][B4] [TRUST] ✅ Last signer 'B2' is trusted (0.987 >= 0.500). Accepting message.
1755024474: Sending PUBLISH to interactive-subscriberB4 (d0, q0, r0, m0, 'groundfloor/kitchen', ... (200 bytes))
1755024474: Sending PUBLISH to local.dhruvubuntu.b4_to_b6 (d0, q0, r0, m0, 'groundfloor/kitchen', ... (200 bytes))
1755024474: Received PUBLISH from dhruvubuntu.b1_to_b4 (d0, q0, r0, m0, 'groundfloor/kitchen', ... (195 bytes))
1755024474: [PLUGIN][B4] [TRUST] Evaluating message with signers: [ B0 B1 ]
1755024474: [PLUGIN][B4] [TRUST] Evaluating message based on last signer only.
1755024474: [PLUGIN][B4] [TRUST] Looking up direct trust from 'B1' to 'B4'
1755024474: [PLUGIN][B4] [TRUST] Found link from 'B1'. r=77, s=0. Direct trust is 0.987
1755024474: [PLUGIN][B4] [TRUST] ✅ Last signer 'B1' is trusted (0.987 >= 0.500). Accepting message.
1755024474: Sending PUBLISH to interactive-subscriberB4 (d0, q0, r0, m0, 'groundfloor/kitchen', ... (200 bytes))
1755024474: Sending PUBLISH to local.dhruvubuntu.b4_to_b6 (d0, q0, r0, m0, 'groundfloor/kitchen', ... (200 bytes))
1755024474: Received PUBLISH from interactive-subscriberB4 (d0, q0, r0, m0, 'internal/feedback', ... (51 bytes))
1755024474: [PLUGIN][B4] [TRUST] Feedback for link B2->B4. New counts: r=78, s=0. Link trust now 0.987
1755024474: Sending PUBLISH to local.dhruvubuntu.b4_to_b6 (d0, q0, r0, m0, 'internal/feedback/processed', ... (51 bytes))
1755024474: Received PUBLISH from interactive-subscriberB4 (d0, q0, r0, m0, 'internal/feedback', ... (51 bytes))
1755024474: [PLUGIN][B4] [TRUST] Feedback for link B1->B4. New counts: r=78, s=0. Link trust now 0.987
1755024474: Sending PUBLISH to local.dhruvubuntu.b4_to_b6 (d0, q0, r0, m0, 'internal/feedback/processed', ... (51 bytes))
1755024483: [PLUGIN][B4] [REFRESH] Periodic map refresh triggered.
1755024485: Received PUBLISH from dhruvubuntu.b2_to_b4 (d0, q0, r0, m0, 'groundfloor/kitchen', ... (195 bytes))
1755024485: [PLUGIN][B4] [TRUST] Evaluating message with signers: [ B0 B2 ]
1755024485: [PLUGIN][B4] [TRUST] Evaluating message based on last signer only.
1755024485: [PLUGIN][B4] [TRUST] Looking up direct trust from 'B2' to 'B4'
1755024485: [PLUGIN][B4] [TRUST] Found link from 'B2'. r=78, s=0. Direct trust is 0.987
1755024485: [PLUGIN][B4] [TRUST] ✅ Last signer 'B2' is trusted (0.987 >= 0.500). Accepting message.
1755024485: Sending PUBLISH to interactive-subscriberB4 (d0, q0, r0, m0, 'groundfloor/kitchen', ... (200 bytes))
1755024485: Sending PUBLISH to local.dhruvubuntu.b4_to_b6 (d0, q0, r0, m0, 'groundfloor/kitchen', ... (200 bytes))
1755024485: Received PUBLISH from dhruvubuntu.b1_to_b4 (d0, q0, r0, m0, 'groundfloor/kitchen', ... (195 bytes))
1755024485: [PLUGIN][B4] [TRUST] Evaluating message with signers: [ B0 B1 ]
1755024485: [PLUGIN][B4] [TRUST] Evaluating message based on last signer only.
1755024485: [PLUGIN][B4] [TRUST] Looking up direct trust from 'B1' to 'B4'
1755024485: [PLUGIN][B4] [TRUST] Found link from 'B1'. r=78, s=0. Direct trust is 0.987
1755024485: [PLUGIN][B4] [TRUST] ✅ Last signer 'B1' is trusted (0.987 >= 0.500). Accepting message.
1755024485: Sending PUBLISH to interactive-subscriberB4 (d0, q0, r0, m0, 'groundfloor/kitchen', ... (200 bytes))
1755024485: Sending PUBLISH to local.dhruvubuntu.b4_to_b6 (d0, q0, r0, m0, 'groundfloor/kitchen', ... (200 bytes))
1755024485: Received PUBLISH from interactive-subscriberB4 (d0, q0, r0, m0, 'internal/feedback', ... (51 bytes))
1755024485: [PLUGIN][B4] [TRUST] Feedback for link B2->B4. New counts: r=79, s=0. Link trust now 0.988
1755024485: Sending PUBLISH to local.dhruvubuntu.b4_to_b6 (d0, q0, r0, m0, 'internal/feedback/processed', ... (51 bytes))
1755024485: Received PUBLISH from interactive-subscriberB4 (d0, q0, r0, m0, 'internal/feedback', ... (51 bytes))
1755024485: [PLUGIN][B4] [TRUST] Feedback for link B1->B4. New counts: r=79, s=0. Link trust now 0.988
1755024485: Sending PUBLISH to local.dhruvubuntu.b4_to_b6 (d0, q0, r0, m0, 'internal/feedback/processed', ... (51 bytes))
1755024493: [PLUGIN][B4] [REFRESH] Periodic map refresh triggered.
1755024496: Received PUBLISH from dhruvubuntu.b2_to_b4 (d0, q0, r0, m0, 'groundfloor/kitchen', ... (195 bytes))
1755024496: [PLUGIN][B4] [TRUST] Evaluating message with signers: [ B0 B2 ]
1755024496: [PLUGIN][B4] [TRUST] Evaluating message based on last signer only.
1755024496: [PLUGIN][B4] [TRUST] Looking up direct trust from 'B2' to 'B4'
1755024496: [PLUGIN][B4] [TRUST] Found link from 'B2'. r=79, s=0. Direct trust is 0.988
1755024496: [PLUGIN][B4] [TRUST] ✅ Last signer 'B2' is trusted (0.988 >= 0.500). Accepting message.
1755024496: Sending PUBLISH to interactive-subscriberB4 (d0, q0, r0, m0, 'groundfloor/kitchen', ... (200 bytes))
1755024496: Sending PUBLISH to local.dhruvubuntu.b4_to_b6 (d0, q0, r0, m0, 'groundfloor/kitchen', ... (200 bytes))
1755024496: Received PUBLISH from dhruvubuntu.b1_to_b4 (d0, q0, r0, m0, 'groundfloor/kitchen', ... (195 bytes))
1755024496: [PLUGIN][B4] [TRUST] Evaluating message with signers: [ B0 B1 ]
1755024496: [PLUGIN][B4] [TRUST] Evaluating message based on last signer only.
1755024496: [PLUGIN][B4] [TRUST] Looking up direct trust from 'B1' to 'B4'
1755024496: [PLUGIN][B4] [TRUST] Found link from 'B1'. r=79, s=0. Direct trust is 0.988
1755024496: [PLUGIN][B4] [TRUST] ✅ Last signer 'B1' is trusted (0.988 >= 0.500). Accepting message.
1755024496: Sending PUBLISH to interactive-subscriberB4 (d0, q0, r0, m0, 'groundfloor/kitchen', ... (200 bytes))
1755024496: Sending PUBLISH to local.dhruvubuntu.b4_to_b6 (d0, q0, r0, m0, 'groundfloor/kitchen', ... (200 bytes))
1755024496: Received PUBLISH from interactive-subscriberB4 (d0, q0, r0, m0, 'internal/feedback', ... (51 bytes))
1755024496: [PLUGIN][B4] [TRUST] Feedback for link B2->B4. New counts: r=80, s=0. Link trust now 0.988
1755024496: Sending PUBLISH to local.dhruvubuntu.b4_to_b6 (d0, q0, r0, m0, 'internal/feedback/processed', ... (51 bytes))
1755024496: Received PUBLISH from interactive-subscriberB4 (d0, q0, r0, m0, 'internal/feedback', ... (51 bytes))
1755024496: [PLUGIN][B4] [TRUST] Feedback for link B1->B4. New counts: r=80, s=0. Link trust now 0.988
1755024496: Sending PUBLISH to local.dhruvubuntu.b4_to_b6 (d0, q0, r0, m0, 'internal/feedback/processed', ... (51 bytes))
1755024503: [PLUGIN][B4] [REFRESH] Periodic map refresh triggered.
1755024507: Received PUBLISH from dhruvubuntu.b1_to_b4 (d0, q0, r0, m0, 'groundfloor/kitchen', ... (195 bytes))
1755024507: [PLUGIN][B4] [TRUST] Evaluating message with signers: [ B0 B1 ]
1755024507: [PLUGIN][B4] [TRUST] Evaluating message based on last signer only.
1755024507: [PLUGIN][B4] [TRUST] Looking up direct trust from 'B1' to 'B4'
1755024507: [PLUGIN][B4] [TRUST] Found link from 'B1'. r=80, s=0. Direct trust is 0.988
1755024507: [PLUGIN][B4] [TRUST] ✅ Last signer 'B1' is trusted (0.988 >= 0.500). Accepting message.
1755024507: Sending PUBLISH to interactive-subscriberB4 (d0, q0, r0, m0, 'groundfloor/kitchen', ... (200 bytes))
1755024507: Sending PUBLISH to local.dhruvubuntu.b4_to_b6 (d0, q0, r0, m0, 'groundfloor/kitchen', ... (200 bytes))
1755024507: Received PUBLISH from dhruvubuntu.b2_to_b4 (d0, q0, r0, m0, 'groundfloor/kitchen', ... (195 bytes))
1755024507: [PLUGIN][B4] [TRUST] Evaluating message with signers: [ B0 B2 ]
1755024507: [PLUGIN][B4] [TRUST] Evaluating message based on last signer only.
1755024507: [PLUGIN][B4] [TRUST] Looking up direct trust from 'B2' to 'B4'
1755024507: [PLUGIN][B4] [TRUST] Found link from 'B2'. r=80, s=0. Direct trust is 0.988
1755024507: [PLUGIN][B4] [TRUST] ✅ Last signer 'B2' is trusted (0.988 >= 0.500). Accepting message.
1755024507: Sending PUBLISH to interactive-subscriberB4 (d0, q0, r0, m0, 'groundfloor/kitchen', ... (200 bytes))
1755024507: Sending PUBLISH to local.dhruvubuntu.b4_to_b6 (d0, q0, r0, m0, 'groundfloor/kitchen', ... (200 bytes))
1755024507: Received PUBLISH from interactive-subscriberB4 (d0, q0, r0, m0, 'internal/feedback', ... (51 bytes))
1755024507: [PLUGIN][B4] [TRUST] Feedback for link B1->B4. New counts: r=81, s=0. Link trust now 0.988
1755024507: Sending PUBLISH to local.dhruvubuntu.b4_to_b6 (d0, q0, r0, m0, 'internal/feedback/processed', ... (51 bytes))
1755024507: Received PUBLISH from interactive-subscriberB4 (d0, q0, r0, m0, 'internal/feedback', ... (51 bytes))
1755024507: [PLUGIN][B4] [TRUST] Feedback for link B2->B4. New counts: r=81, s=0. Link trust now 0.988
1755024507: Sending PUBLISH to local.dhruvubuntu.b4_to_b6 (d0, q0, r0, m0, 'internal/feedback/processed', ... (51 bytes))
1755024513: [PLUGIN][B4] [REFRESH] Periodic map refresh triggered.
1755024518: Received PINGREQ from dhruvubuntu.b2_to_b4
1755024518: Sending PINGRESP to dhruvubuntu.b2_to_b4
1755024518: Received PUBLISH from dhruvubuntu.b2_to_b4 (d0, q0, r0, m0, 'groundfloor/kitchen', ... (195 bytes))
1755024518: [PLUGIN][B4] [TRUST] Evaluating message with signers: [ B0 B2 ]
1755024518: [PLUGIN][B4] [TRUST] Evaluating message based on last signer only.
1755024518: [PLUGIN][B4] [TRUST] Looking up direct trust from 'B2' to 'B4'
1755024518: [PLUGIN][B4] [TRUST] Found link from 'B2'. r=81, s=0. Direct trust is 0.988
1755024518: [PLUGIN][B4] [TRUST] ✅ Last signer 'B2' is trusted (0.988 >= 0.500). Accepting message.
1755024518: Sending PUBLISH to interactive-subscriberB4 (d0, q0, r0, m0, 'groundfloor/kitchen', ... (200 bytes))
1755024518: Sending PUBLISH to local.dhruvubuntu.b4_to_b6 (d0, q0, r0, m0, 'groundfloor/kitchen', ... (200 bytes))
1755024518: Received PUBLISH from dhruvubuntu.b1_to_b4 (d0, q0, r0, m0, 'groundfloor/kitchen', ... (195 bytes))
1755024518: [PLUGIN][B4] [TRUST] Evaluating message with signers: [ B0 B1 ]
1755024518: [PLUGIN][B4] [TRUST] Evaluating message based on last signer only.
1755024518: [PLUGIN][B4] [TRUST] Looking up direct trust from 'B1' to 'B4'
1755024518: [PLUGIN][B4] [TRUST] Found link from 'B1'. r=81, s=0. Direct trust is 0.988
1755024518: [PLUGIN][B4] [TRUST] ✅ Last signer 'B1' is trusted (0.988 >= 0.500). Accepting message.
1755024518: Sending PUBLISH to interactive-subscriberB4 (d0, q0, r0, m0, 'groundfloor/kitchen', ... (200 bytes))
1755024518: Sending PUBLISH to local.dhruvubuntu.b4_to_b6 (d0, q0, r0, m0, 'groundfloor/kitchen', ... (200 bytes))
1755024518: Received PUBLISH from interactive-subscriberB4 (d0, q0, r0, m0, 'internal/feedback', ... (51 bytes))
1755024518: [PLUGIN][B4] [TRUST] Feedback for link B2->B4. New counts: r=82, s=0. Link trust now 0.988
1755024518: Sending PUBLISH to local.dhruvubuntu.b4_to_b6 (d0, q0, r0, m0, 'internal/feedback/processed', ... (51 bytes))
1755024518: Received PUBLISH from interactive-subscriberB4 (d0, q0, r0, m0, 'internal/feedback', ... (51 bytes))
1755024518: [PLUGIN][B4] [TRUST] Feedback for link B1->B4. New counts: r=82, s=0. Link trust now 0.988
1755024518: Sending PUBLISH to local.dhruvubuntu.b4_to_b6 (d0, q0, r0, m0, 'internal/feedback/processed', ... (51 bytes))
1755024520: Received PINGREQ from dhruvubuntu.b1_to_b4
1755024520: Sending PINGRESP to dhruvubuntu.b1_to_b4
1755024523: [PLUGIN][B4] [REFRESH] Periodic map refresh triggered.
1755024523: Sending PINGREQ to local.dhruvubuntu.b4_to_b6
1755024523: Received PINGRESP from local.dhruvubuntu.b4_to_b6
1755024529: Received PUBLISH from dhruvubuntu.b2_to_b4 (d0, q0, r0, m0, 'groundfloor/kitchen', ... (195 bytes))
1755024529: [PLUGIN][B4] [TRUST] Evaluating message with signers: [ B0 B2 ]
1755024529: [PLUGIN][B4] [TRUST] Evaluating message based on last signer only.
1755024529: [PLUGIN][B4] [TRUST] Looking up direct trust from 'B2' to 'B4'
1755024529: [PLUGIN][B4] [TRUST] Found link from 'B2'. r=82, s=0. Direct trust is 0.988
1755024529: [PLUGIN][B4] [TRUST] ✅ Last signer 'B2' is trusted (0.988 >= 0.500). Accepting message.
1755024529: Sending PUBLISH to interactive-subscriberB4 (d0, q0, r0, m0, 'groundfloor/kitchen', ... (200 bytes))
1755024529: Sending PUBLISH to local.dhruvubuntu.b4_to_b6 (d0, q0, r0, m0, 'groundfloor/kitchen', ... (200 bytes))
1755024529: Received PUBLISH from dhruvubuntu.b1_to_b4 (d0, q0, r0, m0, 'groundfloor/kitchen', ... (195 bytes))
1755024529: [PLUGIN][B4] [TRUST] Evaluating message with signers: [ B0 B1 ]
1755024529: [PLUGIN][B4] [TRUST] Evaluating message based on last signer only.
1755024529: [PLUGIN][B4] [TRUST] Looking up direct trust from 'B1' to 'B4'
1755024529: [PLUGIN][B4] [TRUST] Found link from 'B1'. r=82, s=0. Direct trust is 0.988
1755024529: [PLUGIN][B4] [TRUST] ✅ Last signer 'B1' is trusted (0.988 >= 0.500). Accepting message.
1755024529: Sending PUBLISH to interactive-subscriberB4 (d0, q0, r0, m0, 'groundfloor/kitchen', ... (200 bytes))
1755024529: Sending PUBLISH to local.dhruvubuntu.b4_to_b6 (d0, q0, r0, m0, 'groundfloor/kitchen', ... (200 bytes))
1755024529: Received PUBLISH from interactive-subscriberB4 (d0, q0, r0, m0, 'internal/feedback', ... (51 bytes))
1755024529: [PLUGIN][B4] [TRUST] Feedback for link B2->B4. New counts: r=83, s=0. Link trust now 0.988
1755024529: Sending PUBLISH to local.dhruvubuntu.b4_to_b6 (d0, q0, r0, m0, 'internal/feedback/processed', ... (51 bytes))
1755024529: Received PUBLISH from interactive-subscriberB4 (d0, q0, r0, m0, 'internal/feedback', ... (51 bytes))
1755024529: [PLUGIN][B4] [TRUST] Feedback for link B1->B4. New counts: r=83, s=0. Link trust now 0.988
1755024529: Sending PUBLISH to local.dhruvubuntu.b4_to_b6 (d0, q0, r0, m0, 'internal/feedback/processed', ... (51 bytes))
1755024533: [PLUGIN][B4] [REFRESH] Periodic map refresh triggered.
1755024540: Received PUBLISH from dhruvubuntu.b2_to_b4 (d0, q0, r0, m0, 'groundfloor/kitchen', ... (195 bytes))
1755024540: [PLUGIN][B4] [TRUST] Evaluating message with signers: [ B0 B2 ]
1755024540: [PLUGIN][B4] [TRUST] Evaluating message based on last signer only.
1755024540: [PLUGIN][B4] [TRUST] Looking up direct trust from 'B2' to 'B4'
1755024540: [PLUGIN][B4] [TRUST] Found link from 'B2'. r=83, s=0. Direct trust is 0.988
1755024540: [PLUGIN][B4] [TRUST] ✅ Last signer 'B2' is trusted (0.988 >= 0.500). Accepting message.
1755024540: Sending PUBLISH to interactive-subscriberB4 (d0, q0, r0, m0, 'groundfloor/kitchen', ... (200 bytes))
1755024540: Sending PUBLISH to local.dhruvubuntu.b4_to_b6 (d0, q0, r0, m0, 'groundfloor/kitchen', ... (200 bytes))
1755024540: Received PUBLISH from dhruvubuntu.b1_to_b4 (d0, q0, r0, m0, 'groundfloor/kitchen', ... (195 bytes))
1755024540: [PLUGIN][B4] [TRUST] Evaluating message with signers: [ B0 B1 ]
1755024540: [PLUGIN][B4] [TRUST] Evaluating message based on last signer only.
1755024540: [PLUGIN][B4] [TRUST] Looking up direct trust from 'B1' to 'B4'
1755024540: [PLUGIN][B4] [TRUST] Found link from 'B1'. r=83, s=0. Direct trust is 0.988
1755024540: [PLUGIN][B4] [TRUST] ✅ Last signer 'B1' is trusted (0.988 >= 0.500). Accepting message.
1755024540: Sending PUBLISH to interactive-subscriberB4 (d0, q0, r0, m0, 'groundfloor/kitchen', ... (200 bytes))
1755024540: Sending PUBLISH to local.dhruvubuntu.b4_to_b6 (d0, q0, r0, m0, 'groundfloor/kitchen', ... (200 bytes))
1755024540: Received PUBLISH from interactive-subscriberB4 (d0, q0, r0, m0, 'internal/feedback', ... (51 bytes))
1755024540: [PLUGIN][B4] [TRUST] Feedback for link B2->B4. New counts: r=84, s=0. Link trust now 0.988
1755024540: Sending PUBLISH to local.dhruvubuntu.b4_to_b6 (d0, q0, r0, m0, 'internal/feedback/processed', ... (51 bytes))
1755024540: Received PUBLISH from interactive-subscriberB4 (d0, q0, r0, m0, 'internal/feedback', ... (51 bytes))
1755024540: [PLUGIN][B4] [TRUST] Feedback for link B1->B4. New counts: r=84, s=0. Link trust now 0.988
1755024540: Sending PUBLISH to local.dhruvubuntu.b4_to_b6 (d0, q0, r0, m0, 'internal/feedback/processed', ... (51 bytes))
1755024543: [PLUGIN][B4] [REFRESH] Periodic map refresh triggered.
1755024551: Received PUBLISH from dhruvubuntu.b1_to_b4 (d0, q0, r0, m0, 'groundfloor/kitchen', ... (195 bytes))
1755024551: [PLUGIN][B4] [TRUST] Evaluating message with signers: [ B0 B1 ]
1755024551: [PLUGIN][B4] [TRUST] Evaluating message based on last signer only.
1755024551: [PLUGIN][B4] [TRUST] Looking up direct trust from 'B1' to 'B4'
1755024551: [PLUGIN][B4] [TRUST] Found link from 'B1'. r=84, s=0. Direct trust is 0.988
1755024551: [PLUGIN][B4] [TRUST] ✅ Last signer 'B1' is trusted (0.988 >= 0.500). Accepting message.
1755024551: Sending PUBLISH to interactive-subscriberB4 (d0, q0, r0, m0, 'groundfloor/kitchen', ... (200 bytes))
1755024551: Sending PUBLISH to local.dhruvubuntu.b4_to_b6 (d0, q0, r0, m0, 'groundfloor/kitchen', ... (200 bytes))
1755024551: Received PUBLISH from dhruvubuntu.b2_to_b4 (d0, q0, r0, m0, 'groundfloor/kitchen', ... (195 bytes))
1755024551: [PLUGIN][B4] [TRUST] Evaluating message with signers: [ B0 B2 ]
1755024551: [PLUGIN][B4] [TRUST] Evaluating message based on last signer only.
1755024551: [PLUGIN][B4] [TRUST] Looking up direct trust from 'B2' to 'B4'
1755024551: [PLUGIN][B4] [TRUST] Found link from 'B2'. r=84, s=0. Direct trust is 0.988
1755024551: [PLUGIN][B4] [TRUST] ✅ Last signer 'B2' is trusted (0.988 >= 0.500). Accepting message.
1755024551: Sending PUBLISH to interactive-subscriberB4 (d0, q0, r0, m0, 'groundfloor/kitchen', ... (200 bytes))
1755024551: Sending PUBLISH to local.dhruvubuntu.b4_to_b6 (d0, q0, r0, m0, 'groundfloor/kitchen', ... (200 bytes))
1755024551: Received PUBLISH from interactive-subscriberB4 (d0, q0, r0, m0, 'internal/feedback', ... (51 bytes))
1755024551: [PLUGIN][B4] [TRUST] Feedback for link B1->B4. New counts: r=85, s=0. Link trust now 0.989
1755024551: Sending PUBLISH to local.dhruvubuntu.b4_to_b6 (d0, q0, r0, m0, 'internal/feedback/processed', ... (51 bytes))
1755024551: Received PUBLISH from interactive-subscriberB4 (d0, q0, r0, m0, 'internal/feedback', ... (51 bytes))
1755024551: [PLUGIN][B4] [TRUST] Feedback for link B2->B4. New counts: r=85, s=0. Link trust now 0.989
1755024551: Sending PUBLISH to local.dhruvubuntu.b4_to_b6 (d0, q0, r0, m0, 'internal/feedback/processed', ... (51 bytes))
1755024553: [PLUGIN][B4] [REFRESH] Periodic map refresh triggered.
1755024562: Received PUBLISH from dhruvubuntu.b2_to_b4 (d0, q0, r0, m0, 'groundfloor/kitchen', ... (195 bytes))
1755024562: [PLUGIN][B4] [TRUST] Evaluating message with signers: [ B0 B2 ]
1755024562: [PLUGIN][B4] [TRUST] Evaluating message based on last signer only.
1755024562: [PLUGIN][B4] [TRUST] Looking up direct trust from 'B2' to 'B4'
1755024562: [PLUGIN][B4] [TRUST] Found link from 'B2'. r=85, s=0. Direct trust is 0.989
1755024562: [PLUGIN][B4] [TRUST] ✅ Last signer 'B2' is trusted (0.989 >= 0.500). Accepting message.
1755024562: Sending PUBLISH to interactive-subscriberB4 (d0, q0, r0, m0, 'groundfloor/kitchen', ... (200 bytes))
1755024562: Sending PUBLISH to local.dhruvubuntu.b4_to_b6 (d0, q0, r0, m0, 'groundfloor/kitchen', ... (200 bytes))
1755024562: Received PUBLISH from dhruvubuntu.b1_to_b4 (d0, q0, r0, m0, 'groundfloor/kitchen', ... (195 bytes))
1755024562: [PLUGIN][B4] [TRUST] Evaluating message with signers: [ B0 B1 ]
1755024562: [PLUGIN][B4] [TRUST] Evaluating message based on last signer only.
1755024562: [PLUGIN][B4] [TRUST] Looking up direct trust from 'B1' to 'B4'
1755024562: [PLUGIN][B4] [TRUST] Found link from 'B1'. r=85, s=0. Direct trust is 0.989
1755024562: [PLUGIN][B4] [TRUST] ✅ Last signer 'B1' is trusted (0.989 >= 0.500). Accepting message.
1755024562: Sending PUBLISH to interactive-subscriberB4 (d0, q0, r0, m0, 'groundfloor/kitchen', ... (200 bytes))
1755024562: Sending PUBLISH to local.dhruvubuntu.b4_to_b6 (d0, q0, r0, m0, 'groundfloor/kitchen', ... (200 bytes))
1755024562: Received PUBLISH from interactive-subscriberB4 (d0, q0, r0, m0, 'internal/feedback', ... (51 bytes))
1755024562: [PLUGIN][B4] [TRUST] Feedback for link B2->B4. New counts: r=86, s=0. Link trust now 0.989
1755024562: Sending PUBLISH to local.dhruvubuntu.b4_to_b6 (d0, q0, r0, m0, 'internal/feedback/processed', ... (51 bytes))
1755024562: Received PUBLISH from interactive-subscriberB4 (d0, q0, r0, m0, 'internal/feedback', ... (51 bytes))
1755024562: [PLUGIN][B4] [TRUST] Feedback for link B1->B4. New counts: r=86, s=0. Link trust now 0.989
1755024562: Sending PUBLISH to local.dhruvubuntu.b4_to_b6 (d0, q0, r0, m0, 'internal/feedback/processed', ... (51 bytes))
1755024563: [PLUGIN][B4] [REFRESH] Periodic map refresh triggered.
1755024573: [PLUGIN][B4] [REFRESH] Periodic map refresh triggered.
1755024573: Received PUBLISH from dhruvubuntu.b2_to_b4 (d0, q0, r0, m0, 'groundfloor/kitchen', ... (195 bytes))
1755024573: [PLUGIN][B4] [TRUST] Evaluating message with signers: [ B0 B2 ]
1755024573: [PLUGIN][B4] [TRUST] Evaluating message based on last signer only.
1755024573: [PLUGIN][B4] [TRUST] Looking up direct trust from 'B2' to 'B4'
1755024573: [PLUGIN][B4] [TRUST] Found link from 'B2'. r=86, s=0. Direct trust is 0.989
1755024573: [PLUGIN][B4] [TRUST] ✅ Last signer 'B2' is trusted (0.989 >= 0.500). Accepting message.
1755024573: Sending PUBLISH to interactive-subscriberB4 (d0, q0, r0, m0, 'groundfloor/kitchen', ... (200 bytes))
1755024573: Sending PUBLISH to local.dhruvubuntu.b4_to_b6 (d0, q0, r0, m0, 'groundfloor/kitchen', ... (200 bytes))
1755024573: Received PUBLISH from dhruvubuntu.b1_to_b4 (d0, q0, r0, m0, 'groundfloor/kitchen', ... (195 bytes))
1755024573: [PLUGIN][B4] [TRUST] Evaluating message with signers: [ B0 B1 ]
1755024573: [PLUGIN][B4] [TRUST] Evaluating message based on last signer only.
1755024573: [PLUGIN][B4] [TRUST] Looking up direct trust from 'B1' to 'B4'
1755024573: [PLUGIN][B4] [TRUST] Found link from 'B1'. r=86, s=0. Direct trust is 0.989
1755024573: [PLUGIN][B4] [TRUST] ✅ Last signer 'B1' is trusted (0.989 >= 0.500). Accepting message.
1755024573: Sending PUBLISH to interactive-subscriberB4 (d0, q0, r0, m0, 'groundfloor/kitchen', ... (200 bytes))
1755024573: Sending PUBLISH to local.dhruvubuntu.b4_to_b6 (d0, q0, r0, m0, 'groundfloor/kitchen', ... (200 bytes))
1755024573: Received PUBLISH from interactive-subscriberB4 (d0, q0, r0, m0, 'internal/feedback', ... (51 bytes))
1755024573: [PLUGIN][B4] [TRUST] Feedback for link B2->B4. New counts: r=87, s=0. Link trust now 0.989
1755024573: Sending PUBLISH to local.dhruvubuntu.b4_to_b6 (d0, q0, r0, m0, 'internal/feedback/processed', ... (51 bytes))
1755024573: Received PUBLISH from interactive-subscriberB4 (d0, q0, r0, m0, 'internal/feedback', ... (51 bytes))
1755024573: [PLUGIN][B4] [TRUST] Feedback for link B1->B4. New counts: r=87, s=0. Link trust now 0.989
1755024573: Sending PUBLISH to local.dhruvubuntu.b4_to_b6 (d0, q0, r0, m0, 'internal/feedback/processed', ... (51 bytes))
1755024578: Received PINGREQ from dhruvubuntu.b2_to_b4
1755024578: Sending PINGRESP to dhruvubuntu.b2_to_b4
1755024580: Received PINGREQ from dhruvubuntu.b1_to_b4
1755024580: Sending PINGRESP to dhruvubuntu.b1_to_b4
1755024583: [PLUGIN][B4] [REFRESH] Periodic map refresh triggered.
1755024583: Sending PINGREQ to local.dhruvubuntu.b4_to_b6
1755024583: Received PINGRESP from local.dhruvubuntu.b4_to_b6
1755024584: Received PUBLISH from dhruvubuntu.b2_to_b4 (d0, q0, r0, m0, 'groundfloor/kitchen', ... (195 bytes))
1755024584: [PLUGIN][B4] [TRUST] Evaluating message with signers: [ B0 B2 ]
1755024584: [PLUGIN][B4] [TRUST] Evaluating message based on last signer only.
1755024584: [PLUGIN][B4] [TRUST] Looking up direct trust from 'B2' to 'B4'
1755024584: [PLUGIN][B4] [TRUST] Found link from 'B2'. r=87, s=0. Direct trust is 0.989
1755024584: [PLUGIN][B4] [TRUST] ✅ Last signer 'B2' is trusted (0.989 >= 0.500). Accepting message.
1755024584: Sending PUBLISH to interactive-subscriberB4 (d0, q0, r0, m0, 'groundfloor/kitchen', ... (200 bytes))
1755024584: Sending PUBLISH to local.dhruvubuntu.b4_to_b6 (d0, q0, r0, m0, 'groundfloor/kitchen', ... (200 bytes))
1755024584: Received PUBLISH from dhruvubuntu.b1_to_b4 (d0, q0, r0, m0, 'groundfloor/kitchen', ... (195 bytes))
1755024584: [PLUGIN][B4] [TRUST] Evaluating message with signers: [ B0 B1 ]
1755024584: [PLUGIN][B4] [TRUST] Evaluating message based on last signer only.
1755024584: [PLUGIN][B4] [TRUST] Looking up direct trust from 'B1' to 'B4'
1755024584: [PLUGIN][B4] [TRUST] Found link from 'B1'. r=87, s=0. Direct trust is 0.989
1755024584: [PLUGIN][B4] [TRUST] ✅ Last signer 'B1' is trusted (0.989 >= 0.500). Accepting message.
1755024584: Sending PUBLISH to interactive-subscriberB4 (d0, q0, r0, m0, 'groundfloor/kitchen', ... (200 bytes))
1755024584: Sending PUBLISH to local.dhruvubuntu.b4_to_b6 (d0, q0, r0, m0, 'groundfloor/kitchen', ... (200 bytes))
1755024584: Received PUBLISH from interactive-subscriberB4 (d0, q0, r0, m0, 'internal/feedback', ... (51 bytes))
1755024584: [PLUGIN][B4] [TRUST] Feedback for link B2->B4. New counts: r=88, s=0. Link trust now 0.989
1755024584: Sending PUBLISH to local.dhruvubuntu.b4_to_b6 (d0, q0, r0, m0, 'internal/feedback/processed', ... (51 bytes))
1755024584: Received PUBLISH from interactive-subscriberB4 (d0, q0, r0, m0, 'internal/feedback', ... (51 bytes))
1755024584: [PLUGIN][B4] [TRUST] Feedback for link B1->B4. New counts: r=88, s=0. Link trust now 0.989
1755024584: Sending PUBLISH to local.dhruvubuntu.b4_to_b6 (d0, q0, r0, m0, 'internal/feedback/processed', ... (51 bytes))
1755024593: [PLUGIN][B4] [REFRESH] Periodic map refresh triggered.
1755024595: Received PUBLISH from dhruvubuntu.b2_to_b4 (d0, q0, r0, m0, 'groundfloor/kitchen', ... (195 bytes))
1755024595: [PLUGIN][B4] [TRUST] Evaluating message with signers: [ B0 B2 ]
1755024595: [PLUGIN][B4] [TRUST] Evaluating message based on last signer only.
1755024595: [PLUGIN][B4] [TRUST] Looking up direct trust from 'B2' to 'B4'
1755024595: [PLUGIN][B4] [TRUST] Found link from 'B2'. r=88, s=0. Direct trust is 0.989
1755024595: [PLUGIN][B4] [TRUST] ✅ Last signer 'B2' is trusted (0.989 >= 0.500). Accepting message.
1755024595: Sending PUBLISH to interactive-subscriberB4 (d0, q0, r0, m0, 'groundfloor/kitchen', ... (200 bytes))
1755024595: Sending PUBLISH to local.dhruvubuntu.b4_to_b6 (d0, q0, r0, m0, 'groundfloor/kitchen', ... (200 bytes))
1755024595: Received PUBLISH from dhruvubuntu.b1_to_b4 (d0, q0, r0, m0, 'groundfloor/kitchen', ... (195 bytes))
1755024595: [PLUGIN][B4] [TRUST] Evaluating message with signers: [ B0 B1 ]
1755024595: [PLUGIN][B4] [TRUST] Evaluating message based on last signer only.
1755024595: [PLUGIN][B4] [TRUST] Looking up direct trust from 'B1' to 'B4'
1755024595: [PLUGIN][B4] [TRUST] Found link from 'B1'. r=88, s=0. Direct trust is 0.989
1755024595: [PLUGIN][B4] [TRUST] ✅ Last signer 'B1' is trusted (0.989 >= 0.500). Accepting message.
1755024595: Sending PUBLISH to interactive-subscriberB4 (d0, q0, r0, m0, 'groundfloor/kitchen', ... (200 bytes))
1755024595: Sending PUBLISH to local.dhruvubuntu.b4_to_b6 (d0, q0, r0, m0, 'groundfloor/kitchen', ... (200 bytes))
1755024595: Received PUBLISH from interactive-subscriberB4 (d0, q0, r0, m0, 'internal/feedback', ... (51 bytes))
1755024595: [PLUGIN][B4] [TRUST] Feedback for link B2->B4. New counts: r=89, s=0. Link trust now 0.989
1755024595: Sending PUBLISH to local.dhruvubuntu.b4_to_b6 (d0, q0, r0, m0, 'internal/feedback/processed', ... (51 bytes))
1755024595: Received PUBLISH from interactive-subscriberB4 (d0, q0, r0, m0, 'internal/feedback', ... (51 bytes))
1755024595: [PLUGIN][B4] [TRUST] Feedback for link B1->B4. New counts: r=89, s=0. Link trust now 0.989
1755024595: Sending PUBLISH to local.dhruvubuntu.b4_to_b6 (d0, q0, r0, m0, 'internal/feedback/processed', ... (51 bytes))
1755024603: [PLUGIN][B4] [REFRESH] Periodic map refresh triggered.
1755024606: Received PUBLISH from dhruvubuntu.b2_to_b4 (d0, q0, r0, m0, 'groundfloor/kitchen', ... (195 bytes))
1755024606: [PLUGIN][B4] [TRUST] Evaluating message with signers: [ B0 B2 ]
1755024606: [PLUGIN][B4] [TRUST] Evaluating message based on last signer only.
1755024606: [PLUGIN][B4] [TRUST] Looking up direct trust from 'B2' to 'B4'
1755024606: [PLUGIN][B4] [TRUST] Found link from 'B2'. r=89, s=0. Direct trust is 0.989
1755024606: [PLUGIN][B4] [TRUST] ✅ Last signer 'B2' is trusted (0.989 >= 0.500). Accepting message.
1755024606: Sending PUBLISH to interactive-subscriberB4 (d0, q0, r0, m0, 'groundfloor/kitchen', ... (200 bytes))
1755024606: Sending PUBLISH to local.dhruvubuntu.b4_to_b6 (d0, q0, r0, m0, 'groundfloor/kitchen', ... (200 bytes))
1755024606: Received PUBLISH from dhruvubuntu.b1_to_b4 (d0, q0, r0, m0, 'groundfloor/kitchen', ... (195 bytes))
1755024606: [PLUGIN][B4] [TRUST] Evaluating message with signers: [ B0 B1 ]
1755024606: [PLUGIN][B4] [TRUST] Evaluating message based on last signer only.
1755024606: [PLUGIN][B4] [TRUST] Looking up direct trust from 'B1' to 'B4'
1755024606: [PLUGIN][B4] [TRUST] Found link from 'B1'. r=89, s=0. Direct trust is 0.989
1755024606: [PLUGIN][B4] [TRUST] ✅ Last signer 'B1' is trusted (0.989 >= 0.500). Accepting message.
1755024606: Sending PUBLISH to interactive-subscriberB4 (d0, q0, r0, m0, 'groundfloor/kitchen', ... (200 bytes))
1755024606: Sending PUBLISH to local.dhruvubuntu.b4_to_b6 (d0, q0, r0, m0, 'groundfloor/kitchen', ... (200 bytes))
1755024606: Received PUBLISH from interactive-subscriberB4 (d0, q0, r0, m0, 'internal/feedback', ... (51 bytes))
1755024606: [PLUGIN][B4] [TRUST] Feedback for link B2->B4. New counts: r=90, s=0. Link trust now 0.989
1755024606: Sending PUBLISH to local.dhruvubuntu.b4_to_b6 (d0, q0, r0, m0, 'internal/feedback/processed', ... (51 bytes))
1755024606: Received PUBLISH from interactive-subscriberB4 (d0, q0, r0, m0, 'internal/feedback', ... (51 bytes))
1755024606: [PLUGIN][B4] [TRUST] Feedback for link B1->B4. New counts: r=90, s=0. Link trust now 0.989
1755024606: Sending PUBLISH to local.dhruvubuntu.b4_to_b6 (d0, q0, r0, m0, 'internal/feedback/processed', ... (51 bytes))
1755024613: [PLUGIN][B4] [REFRESH] Periodic map refresh triggered.
1755024617: Received PUBLISH from dhruvubuntu.b2_to_b4 (d0, q0, r0, m0, 'groundfloor/kitchen', ... (195 bytes))
1755024617: [PLUGIN][B4] [TRUST] Evaluating message with signers: [ B0 B2 ]
1755024617: [PLUGIN][B4] [TRUST] Evaluating message based on last signer only.
1755024617: [PLUGIN][B4] [TRUST] Looking up direct trust from 'B2' to 'B4'
1755024617: [PLUGIN][B4] [TRUST] Found link from 'B2'. r=90, s=0. Direct trust is 0.989
1755024617: [PLUGIN][B4] [TRUST] ✅ Last signer 'B2' is trusted (0.989 >= 0.500). Accepting message.
1755024617: Sending PUBLISH to interactive-subscriberB4 (d0, q0, r0, m0, 'groundfloor/kitchen', ... (200 bytes))
1755024617: Sending PUBLISH to local.dhruvubuntu.b4_to_b6 (d0, q0, r0, m0, 'groundfloor/kitchen', ... (200 bytes))
1755024617: Received PUBLISH from dhruvubuntu.b1_to_b4 (d0, q0, r0, m0, 'groundfloor/kitchen', ... (195 bytes))
1755024617: [PLUGIN][B4] [TRUST] Evaluating message with signers: [ B0 B1 ]
1755024617: [PLUGIN][B4] [TRUST] Evaluating message based on last signer only.
1755024617: [PLUGIN][B4] [TRUST] Looking up direct trust from 'B1' to 'B4'
1755024617: [PLUGIN][B4] [TRUST] Found link from 'B1'. r=90, s=0. Direct trust is 0.989
1755024617: [PLUGIN][B4] [TRUST] ✅ Last signer 'B1' is trusted (0.989 >= 0.500). Accepting message.
1755024617: Sending PUBLISH to interactive-subscriberB4 (d0, q0, r0, m0, 'groundfloor/kitchen', ... (200 bytes))
1755024617: Sending PUBLISH to local.dhruvubuntu.b4_to_b6 (d0, q0, r0, m0, 'groundfloor/kitchen', ... (200 bytes))
1755024617: Received PUBLISH from interactive-subscriberB4 (d0, q0, r0, m0, 'internal/feedback', ... (51 bytes))
1755024617: [PLUGIN][B4] [TRUST] Feedback for link B2->B4. New counts: r=91, s=0. Link trust now 0.989
1755024617: Sending PUBLISH to local.dhruvubuntu.b4_to_b6 (d0, q0, r0, m0, 'internal/feedback/processed', ... (51 bytes))
1755024617: Received PUBLISH from interactive-subscriberB4 (d0, q0, r0, m0, 'internal/feedback', ... (51 bytes))
1755024617: [PLUGIN][B4] [TRUST] Feedback for link B1->B4. New counts: r=91, s=0. Link trust now 0.989
1755024617: Sending PUBLISH to local.dhruvubuntu.b4_to_b6 (d0, q0, r0, m0, 'internal/feedback/processed', ... (51 bytes))
1755024623: [PLUGIN][B4] [REFRESH] Periodic map refresh triggered.
1755024629: Received PUBLISH from dhruvubuntu.b1_to_b4 (d0, q0, r0, m0, 'groundfloor/kitchen', ... (195 bytes))
1755024629: [PLUGIN][B4] [TRUST] Evaluating message with signers: [ B0 B1 ]
1755024629: [PLUGIN][B4] [TRUST] Evaluating message based on last signer only.
1755024629: [PLUGIN][B4] [TRUST] Looking up direct trust from 'B1' to 'B4'
1755024629: [PLUGIN][B4] [TRUST] Found link from 'B1'. r=91, s=0. Direct trust is 0.989
1755024629: [PLUGIN][B4] [TRUST] ✅ Last signer 'B1' is trusted (0.989 >= 0.500). Accepting message.
1755024629: Sending PUBLISH to interactive-subscriberB4 (d0, q0, r0, m0, 'groundfloor/kitchen', ... (200 bytes))
1755024629: Sending PUBLISH to local.dhruvubuntu.b4_to_b6 (d0, q0, r0, m0, 'groundfloor/kitchen', ... (200 bytes))
1755024629: Received PUBLISH from dhruvubuntu.b2_to_b4 (d0, q0, r0, m0, 'groundfloor/kitchen', ... (195 bytes))
1755024629: [PLUGIN][B4] [TRUST] Evaluating message with signers: [ B0 B2 ]
1755024629: [PLUGIN][B4] [TRUST] Evaluating message based on last signer only.
1755024629: [PLUGIN][B4] [TRUST] Looking up direct trust from 'B2' to 'B4'
1755024629: [PLUGIN][B4] [TRUST] Found link from 'B2'. r=91, s=0. Direct trust is 0.989
1755024629: [PLUGIN][B4] [TRUST] ✅ Last signer 'B2' is trusted (0.989 >= 0.500). Accepting message.
1755024629: Sending PUBLISH to interactive-subscriberB4 (d0, q0, r0, m0, 'groundfloor/kitchen', ... (200 bytes))
1755024629: Sending PUBLISH to local.dhruvubuntu.b4_to_b6 (d0, q0, r0, m0, 'groundfloor/kitchen', ... (200 bytes))
1755024629: Received PUBLISH from interactive-subscriberB4 (d0, q0, r0, m0, 'internal/feedback', ... (51 bytes))
1755024629: [PLUGIN][B4] [TRUST] Feedback for link B1->B4. New counts: r=92, s=0. Link trust now 0.989
1755024629: Sending PUBLISH to local.dhruvubuntu.b4_to_b6 (d0, q0, r0, m0, 'internal/feedback/processed', ... (51 bytes))
1755024629: Received PUBLISH from interactive-subscriberB4 (d0, q0, r0, m0, 'internal/feedback', ... (51 bytes))
1755024629: [PLUGIN][B4] [TRUST] Feedback for link B2->B4. New counts: r=92, s=0. Link trust now 0.989
1755024629: Sending PUBLISH to local.dhruvubuntu.b4_to_b6 (d0, q0, r0, m0, 'internal/feedback/processed', ... (51 bytes))
1755024633: [PLUGIN][B4] [REFRESH] Periodic map refresh triggered.
1755024638: Received PINGREQ from dhruvubuntu.b2_to_b4
1755024638: Sending PINGRESP to dhruvubuntu.b2_to_b4
1755024640: Received PUBLISH from dhruvubuntu.b2_to_b4 (d0, q0, r0, m0, 'groundfloor/kitchen', ... (195 bytes))
1755024640: [PLUGIN][B4] [TRUST] Evaluating message with signers: [ B0 B2 ]
1755024640: [PLUGIN][B4] [TRUST] Evaluating message based on last signer only.
1755024640: [PLUGIN][B4] [TRUST] Looking up direct trust from 'B2' to 'B4'
1755024640: [PLUGIN][B4] [TRUST] Found link from 'B2'. r=92, s=0. Direct trust is 0.989
1755024640: [PLUGIN][B4] [TRUST] ✅ Last signer 'B2' is trusted (0.989 >= 0.500). Accepting message.
1755024640: Sending PUBLISH to interactive-subscriberB4 (d0, q0, r0, m0, 'groundfloor/kitchen', ... (200 bytes))
1755024640: Sending PUBLISH to local.dhruvubuntu.b4_to_b6 (d0, q0, r0, m0, 'groundfloor/kitchen', ... (200 bytes))
1755024640: Received PUBLISH from dhruvubuntu.b1_to_b4 (d0, q0, r0, m0, 'groundfloor/kitchen', ... (195 bytes))
1755024640: [PLUGIN][B4] [TRUST] Evaluating message with signers: [ B0 B1 ]
1755024640: [PLUGIN][B4] [TRUST] Evaluating message based on last signer only.
1755024640: [PLUGIN][B4] [TRUST] Looking up direct trust from 'B1' to 'B4'
1755024640: [PLUGIN][B4] [TRUST] Found link from 'B1'. r=92, s=0. Direct trust is 0.989
1755024640: [PLUGIN][B4] [TRUST] ✅ Last signer 'B1' is trusted (0.989 >= 0.500). Accepting message.
1755024640: Sending PUBLISH to interactive-subscriberB4 (d0, q0, r0, m0, 'groundfloor/kitchen', ... (200 bytes))
1755024640: Sending PUBLISH to local.dhruvubuntu.b4_to_b6 (d0, q0, r0, m0, 'groundfloor/kitchen', ... (200 bytes))
1755024640: Received PUBLISH from interactive-subscriberB4 (d0, q0, r0, m0, 'internal/feedback', ... (51 bytes))
1755024640: [PLUGIN][B4] [TRUST] Feedback for link B2->B4. New counts: r=93, s=0. Link trust now 0.989
1755024640: Sending PUBLISH to local.dhruvubuntu.b4_to_b6 (d0, q0, r0, m0, 'internal/feedback/processed', ... (51 bytes))
1755024640: Received PINGREQ from dhruvubuntu.b1_to_b4
1755024640: Sending PINGRESP to dhruvubuntu.b1_to_b4
1755024640: Received PUBLISH from interactive-subscriberB4 (d0, q0, r0, m0, 'internal/feedback', ... (51 bytes))
1755024640: [PLUGIN][B4] [TRUST] Feedback for link B1->B4. New counts: r=93, s=0. Link trust now 0.989
1755024640: Sending PUBLISH to local.dhruvubuntu.b4_to_b6 (d0, q0, r0, m0, 'internal/feedback/processed', ... (51 bytes))
1755024643: [PLUGIN][B4] [REFRESH] Periodic map refresh triggered.
1755024643: Sending PINGREQ to local.dhruvubuntu.b4_to_b6
1755024643: Received PINGRESP from local.dhruvubuntu.b4_to_b6
1755024651: Received PUBLISH from dhruvubuntu.b2_to_b4 (d0, q0, r0, m0, 'groundfloor/kitchen', ... (195 bytes))
1755024651: [PLUGIN][B4] [TRUST] Evaluating message with signers: [ B0 B2 ]
1755024651: [PLUGIN][B4] [TRUST] Evaluating message based on last signer only.
1755024651: [PLUGIN][B4] [TRUST] Looking up direct trust from 'B2' to 'B4'
1755024651: [PLUGIN][B4] [TRUST] Found link from 'B2'. r=93, s=0. Direct trust is 0.989
1755024651: [PLUGIN][B4] [TRUST] ✅ Last signer 'B2' is trusted (0.989 >= 0.500). Accepting message.
1755024651: Sending PUBLISH to interactive-subscriberB4 (d0, q0, r0, m0, 'groundfloor/kitchen', ... (200 bytes))
1755024651: Sending PUBLISH to local.dhruvubuntu.b4_to_b6 (d0, q0, r0, m0, 'groundfloor/kitchen', ... (200 bytes))
1755024651: Received PUBLISH from dhruvubuntu.b1_to_b4 (d0, q0, r0, m0, 'groundfloor/kitchen', ... (195 bytes))
1755024651: [PLUGIN][B4] [TRUST] Evaluating message with signers: [ B0 B1 ]
1755024651: [PLUGIN][B4] [TRUST] Evaluating message based on last signer only.
1755024651: [PLUGIN][B4] [TRUST] Looking up direct trust from 'B1' to 'B4'
1755024651: [PLUGIN][B4] [TRUST] Found link from 'B1'. r=93, s=0. Direct trust is 0.989
1755024651: [PLUGIN][B4] [TRUST] ✅ Last signer 'B1' is trusted (0.989 >= 0.500). Accepting message.
1755024651: Sending PUBLISH to interactive-subscriberB4 (d0, q0, r0, m0, 'groundfloor/kitchen', ... (200 bytes))
1755024651: Sending PUBLISH to local.dhruvubuntu.b4_to_b6 (d0, q0, r0, m0, 'groundfloor/kitchen', ... (200 bytes))
1755024651: Received PUBLISH from interactive-subscriberB4 (d0, q0, r0, m0, 'internal/feedback', ... (51 bytes))
1755024651: [PLUGIN][B4] [TRUST] Feedback for link B2->B4. New counts: r=94, s=0. Link trust now 0.990
1755024651: Sending PUBLISH to local.dhruvubuntu.b4_to_b6 (d0, q0, r0, m0, 'internal/feedback/processed', ... (51 bytes))
1755024651: Received PUBLISH from interactive-subscriberB4 (d0, q0, r0, m0, 'internal/feedback', ... (51 bytes))
1755024651: [PLUGIN][B4] [TRUST] Feedback for link B1->B4. New counts: r=94, s=0. Link trust now 0.990
1755024651: Sending PUBLISH to local.dhruvubuntu.b4_to_b6 (d0, q0, r0, m0, 'internal/feedback/processed', ... (51 bytes))
1755024653: [PLUGIN][B4] [REFRESH] Periodic map refresh triggered.
1755024662: Received PUBLISH from dhruvubuntu.b1_to_b4 (d0, q0, r0, m0, 'groundfloor/kitchen', ... (195 bytes))
1755024662: [PLUGIN][B4] [TRUST] Evaluating message with signers: [ B0 B1 ]
1755024662: [PLUGIN][B4] [TRUST] Evaluating message based on last signer only.
1755024662: [PLUGIN][B4] [TRUST] Looking up direct trust from 'B1' to 'B4'
1755024662: [PLUGIN][B4] [TRUST] Found link from 'B1'. r=94, s=0. Direct trust is 0.990
1755024662: [PLUGIN][B4] [TRUST] ✅ Last signer 'B1' is trusted (0.990 >= 0.500). Accepting message.
1755024662: Sending PUBLISH to interactive-subscriberB4 (d0, q0, r0, m0, 'groundfloor/kitchen', ... (200 bytes))
1755024662: Sending PUBLISH to local.dhruvubuntu.b4_to_b6 (d0, q0, r0, m0, 'groundfloor/kitchen', ... (200 bytes))
1755024662: Received PUBLISH from dhruvubuntu.b2_to_b4 (d0, q0, r0, m0, 'groundfloor/kitchen', ... (195 bytes))
1755024662: [PLUGIN][B4] [TRUST] Evaluating message with signers: [ B0 B2 ]
1755024662: [PLUGIN][B4] [TRUST] Evaluating message based on last signer only.
1755024662: [PLUGIN][B4] [TRUST] Looking up direct trust from 'B2' to 'B4'
1755024662: [PLUGIN][B4] [TRUST] Found link from 'B2'. r=94, s=0. Direct trust is 0.990
1755024662: [PLUGIN][B4] [TRUST] ✅ Last signer 'B2' is trusted (0.990 >= 0.500). Accepting message.
1755024662: Sending PUBLISH to interactive-subscriberB4 (d0, q0, r0, m0, 'groundfloor/kitchen', ... (200 bytes))
1755024662: Sending PUBLISH to local.dhruvubuntu.b4_to_b6 (d0, q0, r0, m0, 'groundfloor/kitchen', ... (200 bytes))
1755024662: Received PUBLISH from interactive-subscriberB4 (d0, q0, r0, m0, 'internal/feedback', ... (51 bytes))
1755024662: [PLUGIN][B4] [TRUST] Feedback for link B1->B4. New counts: r=95, s=0. Link trust now 0.990
1755024662: Sending PUBLISH to local.dhruvubuntu.b4_to_b6 (d0, q0, r0, m0, 'internal/feedback/processed', ... (51 bytes))
1755024662: Received PUBLISH from interactive-subscriberB4 (d0, q0, r0, m0, 'internal/feedback', ... (51 bytes))
1755024662: [PLUGIN][B4] [TRUST] Feedback for link B2->B4. New counts: r=95, s=0. Link trust now 0.990
1755024662: Sending PUBLISH to local.dhruvubuntu.b4_to_b6 (d0, q0, r0, m0, 'internal/feedback/processed', ... (51 bytes))
1755024663: [PLUGIN][B4] [REFRESH] Periodic map refresh triggered.
1755024673: [PLUGIN][B4] [REFRESH] Periodic map refresh triggered.
1755024673: Received PUBLISH from dhruvubuntu.b2_to_b4 (d0, q0, r0, m0, 'groundfloor/kitchen', ... (195 bytes))
1755024673: [PLUGIN][B4] [TRUST] Evaluating message with signers: [ B0 B2 ]
1755024673: [PLUGIN][B4] [TRUST] Evaluating message based on last signer only.
1755024673: [PLUGIN][B4] [TRUST] Looking up direct trust from 'B2' to 'B4'
1755024673: [PLUGIN][B4] [TRUST] Found link from 'B2'. r=95, s=0. Direct trust is 0.990
1755024673: [PLUGIN][B4] [TRUST] ✅ Last signer 'B2' is trusted (0.990 >= 0.500). Accepting message.
1755024673: Sending PUBLISH to interactive-subscriberB4 (d0, q0, r0, m0, 'groundfloor/kitchen', ... (200 bytes))
1755024673: Sending PUBLISH to local.dhruvubuntu.b4_to_b6 (d0, q0, r0, m0, 'groundfloor/kitchen', ... (200 bytes))
1755024673: Received PUBLISH from dhruvubuntu.b1_to_b4 (d0, q0, r0, m0, 'groundfloor/kitchen', ... (195 bytes))
1755024673: [PLUGIN][B4] [TRUST] Evaluating message with signers: [ B0 B1 ]
1755024673: [PLUGIN][B4] [TRUST] Evaluating message based on last signer only.
1755024673: [PLUGIN][B4] [TRUST] Looking up direct trust from 'B1' to 'B4'
1755024673: [PLUGIN][B4] [TRUST] Found link from 'B1'. r=95, s=0. Direct trust is 0.990
1755024673: [PLUGIN][B4] [TRUST] ✅ Last signer 'B1' is trusted (0.990 >= 0.500). Accepting message.
1755024673: Sending PUBLISH to interactive-subscriberB4 (d0, q0, r0, m0, 'groundfloor/kitchen', ... (200 bytes))
1755024673: Sending PUBLISH to local.dhruvubuntu.b4_to_b6 (d0, q0, r0, m0, 'groundfloor/kitchen', ... (200 bytes))
1755024673: Received PUBLISH from interactive-subscriberB4 (d0, q0, r0, m0, 'internal/feedback', ... (51 bytes))
1755024673: [PLUGIN][B4] [TRUST] Feedback for link B2->B4. New counts: r=96, s=0. Link trust now 0.990
1755024673: Sending PUBLISH to local.dhruvubuntu.b4_to_b6 (d0, q0, r0, m0, 'internal/feedback/processed', ... (51 bytes))
1755024673: Received PUBLISH from interactive-subscriberB4 (d0, q0, r0, m0, 'internal/feedback', ... (51 bytes))
1755024673: [PLUGIN][B4] [TRUST] Feedback for link B1->B4. New counts: r=96, s=0. Link trust now 0.990
1755024673: Sending PUBLISH to local.dhruvubuntu.b4_to_b6 (d0, q0, r0, m0, 'internal/feedback/processed', ... (51 bytes))
1755024683: [PLUGIN][B4] [REFRESH] Periodic map refresh triggered.
1755024684: Received PUBLISH from dhruvubuntu.b2_to_b4 (d0, q0, r0, m0, 'groundfloor/kitchen', ... (195 bytes))
1755024684: [PLUGIN][B4] [TRUST] Evaluating message with signers: [ B0 B2 ]
1755024684: [PLUGIN][B4] [TRUST] Evaluating message based on last signer only.
1755024684: [PLUGIN][B4] [TRUST] Looking up direct trust from 'B2' to 'B4'
1755024684: [PLUGIN][B4] [TRUST] Found link from 'B2'. r=96, s=0. Direct trust is 0.990
1755024684: [PLUGIN][B4] [TRUST] ✅ Last signer 'B2' is trusted (0.990 >= 0.500). Accepting message.
1755024684: Sending PUBLISH to interactive-subscriberB4 (d0, q0, r0, m0, 'groundfloor/kitchen', ... (200 bytes))
1755024684: Sending PUBLISH to local.dhruvubuntu.b4_to_b6 (d0, q0, r0, m0, 'groundfloor/kitchen', ... (200 bytes))
1755024684: Received PUBLISH from dhruvubuntu.b1_to_b4 (d0, q0, r0, m0, 'groundfloor/kitchen', ... (195 bytes))
1755024684: [PLUGIN][B4] [TRUST] Evaluating message with signers: [ B0 B1 ]
1755024684: [PLUGIN][B4] [TRUST] Evaluating message based on last signer only.
1755024684: [PLUGIN][B4] [TRUST] Looking up direct trust from 'B1' to 'B4'
1755024684: [PLUGIN][B4] [TRUST] Found link from 'B1'. r=96, s=0. Direct trust is 0.990
1755024684: [PLUGIN][B4] [TRUST] ✅ Last signer 'B1' is trusted (0.990 >= 0.500). Accepting message.
1755024684: Sending PUBLISH to interactive-subscriberB4 (d0, q0, r0, m0, 'groundfloor/kitchen', ... (200 bytes))
1755024684: Sending PUBLISH to local.dhruvubuntu.b4_to_b6 (d0, q0, r0, m0, 'groundfloor/kitchen', ... (200 bytes))
1755024684: Received PUBLISH from interactive-subscriberB4 (d0, q0, r0, m0, 'internal/feedback', ... (51 bytes))
1755024684: [PLUGIN][B4] [TRUST] Feedback for link B2->B4. New counts: r=97, s=0. Link trust now 0.990
1755024684: Sending PUBLISH to local.dhruvubuntu.b4_to_b6 (d0, q0, r0, m0, 'internal/feedback/processed', ... (51 bytes))
1755024684: Received PUBLISH from interactive-subscriberB4 (d0, q0, r0, m0, 'internal/feedback', ... (51 bytes))
1755024684: [PLUGIN][B4] [TRUST] Feedback for link B1->B4. New counts: r=97, s=0. Link trust now 0.990
1755024684: Sending PUBLISH to local.dhruvubuntu.b4_to_b6 (d0, q0, r0, m0, 'internal/feedback/processed', ... (51 bytes))
1755024693: [PLUGIN][B4] [REFRESH] Periodic map refresh triggered.
1755024695: Received PUBLISH from dhruvubuntu.b2_to_b4 (d0, q0, r0, m0, 'groundfloor/kitchen', ... (195 bytes))
1755024695: [PLUGIN][B4] [TRUST] Evaluating message with signers: [ B0 B2 ]
1755024695: [PLUGIN][B4] [TRUST] Evaluating message based on last signer only.
1755024695: [PLUGIN][B4] [TRUST] Looking up direct trust from 'B2' to 'B4'
1755024695: [PLUGIN][B4] [TRUST] Found link from 'B2'. r=97, s=0. Direct trust is 0.990
1755024695: [PLUGIN][B4] [TRUST] ✅ Last signer 'B2' is trusted (0.990 >= 0.500). Accepting message.
1755024695: Sending PUBLISH to interactive-subscriberB4 (d0, q0, r0, m0, 'groundfloor/kitchen', ... (200 bytes))
1755024695: Sending PUBLISH to local.dhruvubuntu.b4_to_b6 (d0, q0, r0, m0, 'groundfloor/kitchen', ... (200 bytes))
1755024695: Received PUBLISH from dhruvubuntu.b1_to_b4 (d0, q0, r0, m0, 'groundfloor/kitchen', ... (195 bytes))
1755024695: [PLUGIN][B4] [TRUST] Evaluating message with signers: [ B0 B1 ]
1755024695: [PLUGIN][B4] [TRUST] Evaluating message based on last signer only.
1755024695: [PLUGIN][B4] [TRUST] Looking up direct trust from 'B1' to 'B4'
1755024695: [PLUGIN][B4] [TRUST] Found link from 'B1'. r=97, s=0. Direct trust is 0.990
1755024695: [PLUGIN][B4] [TRUST] ✅ Last signer 'B1' is trusted (0.990 >= 0.500). Accepting message.
1755024695: Sending PUBLISH to interactive-subscriberB4 (d0, q0, r0, m0, 'groundfloor/kitchen', ... (200 bytes))
1755024695: Sending PUBLISH to local.dhruvubuntu.b4_to_b6 (d0, q0, r0, m0, 'groundfloor/kitchen', ... (200 bytes))
1755024695: Received PUBLISH from interactive-subscriberB4 (d0, q0, r0, m0, 'internal/feedback', ... (51 bytes))
1755024695: [PLUGIN][B4] [TRUST] Feedback for link B2->B4. New counts: r=98, s=0. Link trust now 0.990
1755024695: Sending PUBLISH to local.dhruvubuntu.b4_to_b6 (d0, q0, r0, m0, 'internal/feedback/processed', ... (51 bytes))
1755024695: Received PUBLISH from interactive-subscriberB4 (d0, q0, r0, m0, 'internal/feedback', ... (51 bytes))
1755024695: [PLUGIN][B4] [TRUST] Feedback for link B1->B4. New counts: r=98, s=0. Link trust now 0.990
1755024695: Sending PUBLISH to local.dhruvubuntu.b4_to_b6 (d0, q0, r0, m0, 'internal/feedback/processed', ... (51 bytes))
1755024698: Received PINGREQ from dhruvubuntu.b2_to_b4
1755024698: Sending PINGRESP to dhruvubuntu.b2_to_b4
1755024700: Received PINGREQ from dhruvubuntu.b1_to_b4
1755024700: Sending PINGRESP to dhruvubuntu.b1_to_b4
1755024703: [PLUGIN][B4] [REFRESH] Periodic map refresh triggered.
1755024703: Sending PINGREQ to local.dhruvubuntu.b4_to_b6
1755024703: Received PINGRESP from local.dhruvubuntu.b4_to_b6
1755024706: Received PUBLISH from dhruvubuntu.b1_to_b4 (d0, q0, r0, m0, 'groundfloor/kitchen', ... (195 bytes))
1755024706: [PLUGIN][B4] [TRUST] Evaluating message with signers: [ B0 B1 ]
1755024706: [PLUGIN][B4] [TRUST] Evaluating message based on last signer only.
1755024706: [PLUGIN][B4] [TRUST] Looking up direct trust from 'B1' to 'B4'
1755024706: [PLUGIN][B4] [TRUST] Found link from 'B1'. r=98, s=0. Direct trust is 0.990
1755024706: [PLUGIN][B4] [TRUST] ✅ Last signer 'B1' is trusted (0.990 >= 0.500). Accepting message.
1755024706: Sending PUBLISH to interactive-subscriberB4 (d0, q0, r0, m0, 'groundfloor/kitchen', ... (200 bytes))
1755024706: Sending PUBLISH to local.dhruvubuntu.b4_to_b6 (d0, q0, r0, m0, 'groundfloor/kitchen', ... (200 bytes))
1755024706: Received PUBLISH from dhruvubuntu.b2_to_b4 (d0, q0, r0, m0, 'groundfloor/kitchen', ... (195 bytes))
1755024706: [PLUGIN][B4] [TRUST] Evaluating message with signers: [ B0 B2 ]
1755024706: [PLUGIN][B4] [TRUST] Evaluating message based on last signer only.
1755024706: [PLUGIN][B4] [TRUST] Looking up direct trust from 'B2' to 'B4'
1755024706: [PLUGIN][B4] [TRUST] Found link from 'B2'. r=98, s=0. Direct trust is 0.990
1755024706: [PLUGIN][B4] [TRUST] ✅ Last signer 'B2' is trusted (0.990 >= 0.500). Accepting message.
1755024706: Sending PUBLISH to interactive-subscriberB4 (d0, q0, r0, m0, 'groundfloor/kitchen', ... (200 bytes))
1755024706: Sending PUBLISH to local.dhruvubuntu.b4_to_b6 (d0, q0, r0, m0, 'groundfloor/kitchen', ... (200 bytes))
1755024706: Received PUBLISH from interactive-subscriberB4 (d0, q0, r0, m0, 'internal/feedback', ... (51 bytes))
1755024706: [PLUGIN][B4] [TRUST] Feedback for link B1->B4. New counts: r=99, s=0. Link trust now 0.990
1755024706: Sending PUBLISH to local.dhruvubuntu.b4_to_b6 (d0, q0, r0, m0, 'internal/feedback/processed', ... (51 bytes))
1755024706: Received PUBLISH from interactive-subscriberB4 (d0, q0, r0, m0, 'internal/feedback', ... (51 bytes))
1755024706: [PLUGIN][B4] [TRUST] Feedback for link B2->B4. New counts: r=99, s=0. Link trust now 0.990
1755024706: Sending PUBLISH to local.dhruvubuntu.b4_to_b6 (d0, q0, r0, m0, 'internal/feedback/processed', ... (51 bytes))
1755024713: [PLUGIN][B4] [REFRESH] Periodic map refresh triggered.
1755024717: Received PUBLISH from dhruvubuntu.b1_to_b4 (d0, q0, r0, m0, 'groundfloor/kitchen', ... (195 bytes))
1755024717: [PLUGIN][B4] [TRUST] Evaluating message with signers: [ B0 B1 ]
1755024717: [PLUGIN][B4] [TRUST] Evaluating message based on last signer only.
1755024717: [PLUGIN][B4] [TRUST] Looking up direct trust from 'B1' to 'B4'
1755024717: [PLUGIN][B4] [TRUST] Found link from 'B1'. r=99, s=0. Direct trust is 0.990
1755024717: [PLUGIN][B4] [TRUST] ✅ Last signer 'B1' is trusted (0.990 >= 0.500). Accepting message.
1755024717: Sending PUBLISH to interactive-subscriberB4 (d0, q0, r0, m0, 'groundfloor/kitchen', ... (200 bytes))
1755024717: Sending PUBLISH to local.dhruvubuntu.b4_to_b6 (d0, q0, r0, m0, 'groundfloor/kitchen', ... (200 bytes))
1755024717: Received PUBLISH from dhruvubuntu.b2_to_b4 (d0, q0, r0, m0, 'groundfloor/kitchen', ... (195 bytes))
1755024717: [PLUGIN][B4] [TRUST] Evaluating message with signers: [ B0 B2 ]
1755024717: [PLUGIN][B4] [TRUST] Evaluating message based on last signer only.
1755024717: [PLUGIN][B4] [TRUST] Looking up direct trust from 'B2' to 'B4'
1755024717: [PLUGIN][B4] [TRUST] Found link from 'B2'. r=99, s=0. Direct trust is 0.990
1755024717: [PLUGIN][B4] [TRUST] ✅ Last signer 'B2' is trusted (0.990 >= 0.500). Accepting message.
1755024717: Sending PUBLISH to interactive-subscriberB4 (d0, q0, r0, m0, 'groundfloor/kitchen', ... (200 bytes))
1755024717: Sending PUBLISH to local.dhruvubuntu.b4_to_b6 (d0, q0, r0, m0, 'groundfloor/kitchen', ... (200 bytes))
1755024717: Received PUBLISH from interactive-subscriberB4 (d0, q0, r0, m0, 'internal/feedback', ... (51 bytes))
1755024717: [PLUGIN][B4] [TRUST] Feedback for link B1->B4. New counts: r=100, s=0. Link trust now 0.990
1755024717: Sending PUBLISH to local.dhruvubuntu.b4_to_b6 (d0, q0, r0, m0, 'internal/feedback/processed', ... (51 bytes))
1755024717: Received PUBLISH from interactive-subscriberB4 (d0, q0, r0, m0, 'internal/feedback', ... (51 bytes))
1755024717: [PLUGIN][B4] [TRUST] Feedback for link B2->B4. New counts: r=100, s=0. Link trust now 0.990
1755024717: Sending PUBLISH to local.dhruvubuntu.b4_to_b6 (d0, q0, r0, m0, 'internal/feedback/processed', ... (51 bytes))
1755024723: [PLUGIN][B4] [REFRESH] Periodic map refresh triggered.
1755024728: Received PUBLISH from dhruvubuntu.b2_to_b4 (d0, q0, r0, m0, 'groundfloor/kitchen', ... (195 bytes))
1755024728: [PLUGIN][B4] [TRUST] Evaluating message with signers: [ B0 B2 ]
1755024728: [PLUGIN][B4] [TRUST] Evaluating message based on last signer only.
1755024728: [PLUGIN][B4] [TRUST] Looking up direct trust from 'B2' to 'B4'
1755024728: [PLUGIN][B4] [TRUST] Found link from 'B2'. r=100, s=0. Direct trust is 0.990
1755024728: [PLUGIN][B4] [TRUST] ✅ Last signer 'B2' is trusted (0.990 >= 0.500). Accepting message.
1755024728: Sending PUBLISH to interactive-subscriberB4 (d0, q0, r0, m0, 'groundfloor/kitchen', ... (200 bytes))
1755024728: Sending PUBLISH to local.dhruvubuntu.b4_to_b6 (d0, q0, r0, m0, 'groundfloor/kitchen', ... (200 bytes))
1755024728: Received PUBLISH from dhruvubuntu.b1_to_b4 (d0, q0, r0, m0, 'groundfloor/kitchen', ... (195 bytes))
1755024728: [PLUGIN][B4] [TRUST] Evaluating message with signers: [ B0 B1 ]
1755024728: [PLUGIN][B4] [TRUST] Evaluating message based on last signer only.
1755024728: [PLUGIN][B4] [TRUST] Looking up direct trust from 'B1' to 'B4'
1755024728: [PLUGIN][B4] [TRUST] Found link from 'B1'. r=100, s=0. Direct trust is 0.990
1755024728: [PLUGIN][B4] [TRUST] ✅ Last signer 'B1' is trusted (0.990 >= 0.500). Accepting message.
1755024728: Sending PUBLISH to interactive-subscriberB4 (d0, q0, r0, m0, 'groundfloor/kitchen', ... (200 bytes))
1755024728: Sending PUBLISH to local.dhruvubuntu.b4_to_b6 (d0, q0, r0, m0, 'groundfloor/kitchen', ... (200 bytes))
1755024728: Received PUBLISH from interactive-subscriberB4 (d0, q0, r0, m0, 'internal/feedback', ... (51 bytes))
1755024728: [PLUGIN][B4] [TRUST] Feedback for link B2->B4. New counts: r=101, s=0. Link trust now 0.990
1755024728: Sending PUBLISH to local.dhruvubuntu.b4_to_b6 (d0, q0, r0, m0, 'internal/feedback/processed', ... (51 bytes))
1755024728: Received PUBLISH from interactive-subscriberB4 (d0, q0, r0, m0, 'internal/feedback', ... (51 bytes))
1755024728: [PLUGIN][B4] [TRUST] Feedback for link B1->B4. New counts: r=101, s=0. Link trust now 0.990
1755024728: Sending PUBLISH to local.dhruvubuntu.b4_to_b6 (d0, q0, r0, m0, 'internal/feedback/processed', ... (51 bytes))
1755024733: [PLUGIN][B4] [REFRESH] Periodic map refresh triggered.
1755024739: Received PUBLISH from dhruvubuntu.b1_to_b4 (d0, q0, r0, m0, 'groundfloor/kitchen', ... (195 bytes))
1755024739: [PLUGIN][B4] [TRUST] Evaluating message with signers: [ B0 B1 ]
1755024739: [PLUGIN][B4] [TRUST] Evaluating message based on last signer only.
1755024739: [PLUGIN][B4] [TRUST] Looking up direct trust from 'B1' to 'B4'
1755024739: [PLUGIN][B4] [TRUST] Found link from 'B1'. r=101, s=0. Direct trust is 0.990
1755024739: [PLUGIN][B4] [TRUST] ✅ Last signer 'B1' is trusted (0.990 >= 0.500). Accepting message.
1755024739: Sending PUBLISH to interactive-subscriberB4 (d0, q0, r0, m0, 'groundfloor/kitchen', ... (200 bytes))
1755024739: Sending PUBLISH to local.dhruvubuntu.b4_to_b6 (d0, q0, r0, m0, 'groundfloor/kitchen', ... (200 bytes))
1755024739: Received PUBLISH from dhruvubuntu.b2_to_b4 (d0, q0, r0, m0, 'groundfloor/kitchen', ... (195 bytes))
1755024739: [PLUGIN][B4] [TRUST] Evaluating message with signers: [ B0 B2 ]
1755024739: [PLUGIN][B4] [TRUST] Evaluating message based on last signer only.
1755024739: [PLUGIN][B4] [TRUST] Looking up direct trust from 'B2' to 'B4'
1755024739: [PLUGIN][B4] [TRUST] Found link from 'B2'. r=101, s=0. Direct trust is 0.990
1755024739: [PLUGIN][B4] [TRUST] ✅ Last signer 'B2' is trusted (0.990 >= 0.500). Accepting message.
1755024739: Sending PUBLISH to interactive-subscriberB4 (d0, q0, r0, m0, 'groundfloor/kitchen', ... (200 bytes))
1755024739: Sending PUBLISH to local.dhruvubuntu.b4_to_b6 (d0, q0, r0, m0, 'groundfloor/kitchen', ... (200 bytes))
1755024739: Received PUBLISH from interactive-subscriberB4 (d0, q0, r0, m0, 'internal/feedback', ... (51 bytes))
1755024739: [PLUGIN][B4] [TRUST] Feedback for link B1->B4. New counts: r=102, s=0. Link trust now 0.990
1755024739: Sending PUBLISH to local.dhruvubuntu.b4_to_b6 (d0, q0, r0, m0, 'internal/feedback/processed', ... (51 bytes))
1755024739: Received PUBLISH from interactive-subscriberB4 (d0, q0, r0, m0, 'internal/feedback', ... (51 bytes))
1755024739: [PLUGIN][B4] [TRUST] Feedback for link B2->B4. New counts: r=102, s=0. Link trust now 0.990
1755024739: Sending PUBLISH to local.dhruvubuntu.b4_to_b6 (d0, q0, r0, m0, 'internal/feedback/processed', ... (51 bytes))
1755024743: [PLUGIN][B4] [REFRESH] Periodic map refresh triggered.
1755024753: [PLUGIN][B4] [REFRESH] Periodic map refresh triggered.
1755024756: Received PUBLISH from dhruvubuntu.b1_to_b4 (d0, q0, r0, m0, 'groundfloor/kitchen', ... (195 bytes))
1755024756: [PLUGIN][B4] [TRUST] Evaluating message with signers: [ B0 B1 ]
1755024756: [PLUGIN][B4] [TRUST] Evaluating message based on last signer only.
1755024756: [PLUGIN][B4] [TRUST] Looking up direct trust from 'B1' to 'B4'
1755024756: [PLUGIN][B4] [TRUST] Found link from 'B1'. r=102, s=0. Direct trust is 0.990
1755024756: [PLUGIN][B4] [TRUST] ✅ Last signer 'B1' is trusted (0.990 >= 0.500). Accepting message.
1755024756: Sending PUBLISH to interactive-subscriberB4 (d0, q0, r0, m0, 'groundfloor/kitchen', ... (200 bytes))
1755024756: Sending PUBLISH to local.dhruvubuntu.b4_to_b6 (d0, q0, r0, m0, 'groundfloor/kitchen', ... (200 bytes))
1755024756: Received PUBLISH from dhruvubuntu.b2_to_b4 (d0, q0, r0, m0, 'groundfloor/kitchen', ... (195 bytes))
1755024756: [PLUGIN][B4] [TRUST] Evaluating message with signers: [ B0 B2 ]
1755024756: [PLUGIN][B4] [TRUST] Evaluating message based on last signer only.
1755024756: [PLUGIN][B4] [TRUST] Looking up direct trust from 'B2' to 'B4'
1755024756: [PLUGIN][B4] [TRUST] Found link from 'B2'. r=102, s=0. Direct trust is 0.990
1755024756: [PLUGIN][B4] [TRUST] ✅ Last signer 'B2' is trusted (0.990 >= 0.500). Accepting message.
1755024756: Sending PUBLISH to interactive-subscriberB4 (d0, q0, r0, m0, 'groundfloor/kitchen', ... (200 bytes))
1755024756: Sending PUBLISH to local.dhruvubuntu.b4_to_b6 (d0, q0, r0, m0, 'groundfloor/kitchen', ... (200 bytes))
1755024756: Received PUBLISH from interactive-subscriberB4 (d0, q0, r0, m0, 'internal/feedback', ... (51 bytes))
1755024756: [PLUGIN][B4] [TRUST] Feedback for link B1->B4. New counts: r=103, s=0. Link trust now 0.990
1755024756: Sending PUBLISH to local.dhruvubuntu.b4_to_b6 (d0, q0, r0, m0, 'internal/feedback/processed', ... (51 bytes))
1755024756: Received PUBLISH from interactive-subscriberB4 (d0, q0, r0, m0, 'internal/feedback', ... (51 bytes))
1755024756: [PLUGIN][B4] [TRUST] Feedback for link B2->B4. New counts: r=103, s=0. Link trust now 0.990
1755024756: Sending PUBLISH to local.dhruvubuntu.b4_to_b6 (d0, q0, r0, m0, 'internal/feedback/processed', ... (51 bytes))
1755024758: Received PINGREQ from dhruvubuntu.b2_to_b4
1755024758: Sending PINGRESP to dhruvubuntu.b2_to_b4
1755024760: Received PINGREQ from dhruvubuntu.b1_to_b4
1755024760: Sending PINGRESP to dhruvubuntu.b1_to_b4
1755024763: [PLUGIN][B4] [REFRESH] Periodic map refresh triggered.
1755024763: Sending PINGREQ to local.dhruvubuntu.b4_to_b6
1755024763: Received PINGRESP from local.dhruvubuntu.b4_to_b6
1755024767: Received PUBLISH from dhruvubuntu.b2_to_b4 (d0, q0, r0, m0, 'groundfloor/kitchen', ... (195 bytes))
1755024767: [PLUGIN][B4] [TRUST] Evaluating message with signers: [ B0 B2 ]
1755024767: [PLUGIN][B4] [TRUST] Evaluating message based on last signer only.
1755024767: [PLUGIN][B4] [TRUST] Looking up direct trust from 'B2' to 'B4'
1755024767: [PLUGIN][B4] [TRUST] Found link from 'B2'. r=103, s=0. Direct trust is 0.990
1755024767: [PLUGIN][B4] [TRUST] ✅ Last signer 'B2' is trusted (0.990 >= 0.500). Accepting message.
1755024767: Sending PUBLISH to interactive-subscriberB4 (d0, q0, r0, m0, 'groundfloor/kitchen', ... (200 bytes))
1755024767: Sending PUBLISH to local.dhruvubuntu.b4_to_b6 (d0, q0, r0, m0, 'groundfloor/kitchen', ... (200 bytes))
1755024767: Received PUBLISH from dhruvubuntu.b1_to_b4 (d0, q0, r0, m0, 'groundfloor/kitchen', ... (195 bytes))
1755024767: [PLUGIN][B4] [TRUST] Evaluating message with signers: [ B0 B1 ]
1755024767: [PLUGIN][B4] [TRUST] Evaluating message based on last signer only.
1755024767: [PLUGIN][B4] [TRUST] Looking up direct trust from 'B1' to 'B4'
1755024767: [PLUGIN][B4] [TRUST] Found link from 'B1'. r=103, s=0. Direct trust is 0.990
1755024767: [PLUGIN][B4] [TRUST] ✅ Last signer 'B1' is trusted (0.990 >= 0.500). Accepting message.
1755024767: Sending PUBLISH to interactive-subscriberB4 (d0, q0, r0, m0, 'groundfloor/kitchen', ... (200 bytes))
1755024767: Sending PUBLISH to local.dhruvubuntu.b4_to_b6 (d0, q0, r0, m0, 'groundfloor/kitchen', ... (200 bytes))
1755024767: Received PUBLISH from interactive-subscriberB4 (d0, q0, r0, m0, 'internal/feedback', ... (51 bytes))
1755024767: [PLUGIN][B4] [TRUST] Feedback for link B2->B4. New counts: r=104, s=0. Link trust now 0.991
1755024767: Sending PUBLISH to local.dhruvubuntu.b4_to_b6 (d0, q0, r0, m0, 'internal/feedback/processed', ... (51 bytes))
1755024767: Received PUBLISH from interactive-subscriberB4 (d0, q0, r0, m0, 'internal/feedback', ... (51 bytes))
1755024767: [PLUGIN][B4] [TRUST] Feedback for link B1->B4. New counts: r=104, s=0. Link trust now 0.991
1755024767: Sending PUBLISH to local.dhruvubuntu.b4_to_b6 (d0, q0, r0, m0, 'internal/feedback/processed', ... (51 bytes))
1755024773: [PLUGIN][B4] [REFRESH] Periodic map refresh triggered.
1755024778: Received PUBLISH from dhruvubuntu.b2_to_b4 (d0, q0, r0, m0, 'groundfloor/kitchen', ... (195 bytes))
1755024778: [PLUGIN][B4] [TRUST] Evaluating message with signers: [ B0 B2 ]
1755024778: [PLUGIN][B4] [TRUST] Evaluating message based on last signer only.
1755024778: [PLUGIN][B4] [TRUST] Looking up direct trust from 'B2' to 'B4'
1755024778: [PLUGIN][B4] [TRUST] Found link from 'B2'. r=104, s=0. Direct trust is 0.991
1755024778: [PLUGIN][B4] [TRUST] ✅ Last signer 'B2' is trusted (0.991 >= 0.500). Accepting message.
1755024778: Sending PUBLISH to interactive-subscriberB4 (d0, q0, r0, m0, 'groundfloor/kitchen', ... (200 bytes))
1755024778: Sending PUBLISH to local.dhruvubuntu.b4_to_b6 (d0, q0, r0, m0, 'groundfloor/kitchen', ... (200 bytes))
1755024778: Received PUBLISH from dhruvubuntu.b1_to_b4 (d0, q0, r0, m0, 'groundfloor/kitchen', ... (195 bytes))
1755024778: [PLUGIN][B4] [TRUST] Evaluating message with signers: [ B0 B1 ]
1755024778: [PLUGIN][B4] [TRUST] Evaluating message based on last signer only.
1755024778: [PLUGIN][B4] [TRUST] Looking up direct trust from 'B1' to 'B4'
1755024778: [PLUGIN][B4] [TRUST] Found link from 'B1'. r=104, s=0. Direct trust is 0.991
1755024778: [PLUGIN][B4] [TRUST] ✅ Last signer 'B1' is trusted (0.991 >= 0.500). Accepting message.
1755024778: Sending PUBLISH to interactive-subscriberB4 (d0, q0, r0, m0, 'groundfloor/kitchen', ... (200 bytes))
1755024778: Sending PUBLISH to local.dhruvubuntu.b4_to_b6 (d0, q0, r0, m0, 'groundfloor/kitchen', ... (200 bytes))
1755024778: Received PUBLISH from interactive-subscriberB4 (d0, q0, r0, m0, 'internal/feedback', ... (51 bytes))
1755024778: [PLUGIN][B4] [TRUST] Feedback for link B2->B4. New counts: r=105, s=0. Link trust now 0.991
1755024778: Sending PUBLISH to local.dhruvubuntu.b4_to_b6 (d0, q0, r0, m0, 'internal/feedback/processed', ... (51 bytes))
1755024778: Received PUBLISH from interactive-subscriberB4 (d0, q0, r0, m0, 'internal/feedback', ... (51 bytes))
1755024778: [PLUGIN][B4] [TRUST] Feedback for link B1->B4. New counts: r=105, s=0. Link trust now 0.991
1755024778: Sending PUBLISH to local.dhruvubuntu.b4_to_b6 (d0, q0, r0, m0, 'internal/feedback/processed', ... (51 bytes))
1755024782: Client interactive-subscriberB4 closed its connection.
1755024783: [PLUGIN][B4] [REFRESH] Periodic map refresh triggered.
1755024793: [PLUGIN][B4] [REFRESH] Periodic map refresh triggered.
1755024803: [PLUGIN][B4] [REFRESH] Periodic map refresh triggered.
1755024813: [PLUGIN][B4] [REFRESH] Periodic map refresh triggered.
1755024818: Received PINGREQ from dhruvubuntu.b2_to_b4
1755024818: Sending PINGRESP to dhruvubuntu.b2_to_b4
1755024820: Received PINGREQ from dhruvubuntu.b1_to_b4
1755024820: Sending PINGRESP to dhruvubuntu.b1_to_b4
1755024823: [PLUGIN][B4] [REFRESH] Periodic map refresh triggered.
1755024823: Sending PINGREQ to local.dhruvubuntu.b4_to_b6
1755024823: Received PINGRESP from local.dhruvubuntu.b4_to_b6
1755024833: [PLUGIN][B4] [REFRESH] Periodic map refresh triggered.
1755024843: [PLUGIN][B4] [REFRESH] Periodic map refresh triggered.
1755024853: [PLUGIN][B4] [REFRESH] Periodic map refresh triggered.
1755024861: New connection from 127.0.0.1:34304 on port 1887.
1755024861: New client connected from 127.0.0.1:34304 as interactive-subscriberB4 (p2, c1, k60).
1755024861: No will message specified.
1755024861: Sending CONNACK to interactive-subscriberB4 (0, 0)
1755024861: Received SUBSCRIBE from interactive-subscriberB4
1755024861: 	+/+ (QoS 1)
1755024861: interactive-subscriberB4 1 +/+
1755024861: Sending SUBACK to interactive-subscriberB4
1755024863: [PLUGIN][B4] [REFRESH] Periodic map refresh triggered.
1755024865: Received PUBLISH from dhruvubuntu.b1_to_b4 (d0, q0, r0, m0, 'groundfloor/kitchen', ... (195 bytes))
1755024865: [PLUGIN][B4] [TRUST] Evaluating message with signers: [ B0 B1 ]
1755024865: [PLUGIN][B4] [TRUST] Evaluating message based on last signer only.
1755024865: [PLUGIN][B4] [TRUST] Looking up direct trust from 'B1' to 'B4'
1755024865: [PLUGIN][B4] [TRUST] Found link from 'B1'. r=105, s=0. Direct trust is 0.991
1755024865: [PLUGIN][B4] [TRUST] ✅ Last signer 'B1' is trusted (0.991 >= 0.500). Accepting message.
1755024865: Sending PUBLISH to interactive-subscriberB4 (d0, q0, r0, m0, 'groundfloor/kitchen', ... (200 bytes))
1755024865: Sending PUBLISH to local.dhruvubuntu.b4_to_b6 (d0, q0, r0, m0, 'groundfloor/kitchen', ... (200 bytes))
1755024865: Received PUBLISH from dhruvubuntu.b2_to_b4 (d0, q0, r0, m0, 'groundfloor/kitchen', ... (195 bytes))
1755024865: [PLUGIN][B4] [TRUST] Evaluating message with signers: [ B0 B2 ]
1755024865: [PLUGIN][B4] [TRUST] Evaluating message based on last signer only.
1755024865: [PLUGIN][B4] [TRUST] Looking up direct trust from 'B2' to 'B4'
1755024865: [PLUGIN][B4] [TRUST] Found link from 'B2'. r=105, s=0. Direct trust is 0.991
1755024865: [PLUGIN][B4] [TRUST] ✅ Last signer 'B2' is trusted (0.991 >= 0.500). Accepting message.
1755024865: Sending PUBLISH to interactive-subscriberB4 (d0, q0, r0, m0, 'groundfloor/kitchen', ... (200 bytes))
1755024865: Sending PUBLISH to local.dhruvubuntu.b4_to_b6 (d0, q0, r0, m0, 'groundfloor/kitchen', ... (200 bytes))
1755024865: Received PUBLISH from interactive-subscriberB4 (d0, q0, r0, m0, 'internal/feedback', ... (51 bytes))
1755024865: [PLUGIN][B4] [TRUST] Feedback for link B1->B4. New counts: r=106, s=0. Link trust now 0.991
1755024865: Sending PUBLISH to local.dhruvubuntu.b4_to_b6 (d0, q0, r0, m0, 'internal/feedback/processed', ... (51 bytes))
1755024865: Received PUBLISH from interactive-subscriberB4 (d0, q0, r0, m0, 'internal/feedback', ... (51 bytes))
1755024865: [PLUGIN][B4] [TRUST] Feedback for link B2->B4. New counts: r=106, s=0. Link trust now 0.991
1755024865: Sending PUBLISH to local.dhruvubuntu.b4_to_b6 (d0, q0, r0, m0, 'internal/feedback/processed', ... (51 bytes))
1755024868: Client interactive-subscriberB4 closed its connection.
1755024873: [PLUGIN][B4] [REFRESH] Periodic map refresh triggered.
1755024878: Received PINGREQ from dhruvubuntu.b2_to_b4
1755024878: Sending PINGRESP to dhruvubuntu.b2_to_b4
1755024880: Received PINGREQ from dhruvubuntu.b1_to_b4
1755024880: Sending PINGRESP to dhruvubuntu.b1_to_b4
1755024883: [PLUGIN][B4] [REFRESH] Periodic map refresh triggered.
1755024883: Sending PINGREQ to local.dhruvubuntu.b4_to_b6
1755024883: Received PINGRESP from local.dhruvubuntu.b4_to_b6
1755024893: [PLUGIN][B4] [REFRESH] Periodic map refresh triggered.
1755024903: [PLUGIN][B4] [REFRESH] Periodic map refresh triggered.
1755024911: New connection from 127.0.0.1:41286 on port 1887.
1755024911: New client connected from 127.0.0.1:41286 as interactive-subscriberB4 (p2, c1, k60).
1755024911: No will message specified.
1755024911: Sending CONNACK to interactive-subscriberB4 (0, 0)
1755024911: Received SUBSCRIBE from interactive-subscriberB4
1755024911: 	+/+ (QoS 1)
1755024911: interactive-subscriberB4 1 +/+
1755024911: Sending SUBACK to interactive-subscriberB4
1755024913: [PLUGIN][B4] [REFRESH] Periodic map refresh triggered.
1755024915: Received PUBLISH from dhruvubuntu.b2_to_b4 (d0, q0, r0, m0, 'groundfloor/kitchen', ... (195 bytes))
1755024915: [PLUGIN][B4] [TRUST] Evaluating message with signers: [ B0 B2 ]
1755024915: [PLUGIN][B4] [TRUST] Evaluating message based on last signer only.
1755024915: [PLUGIN][B4] [TRUST] Looking up direct trust from 'B2' to 'B4'
1755024915: [PLUGIN][B4] [TRUST] Found link from 'B2'. r=106, s=0. Direct trust is 0.991
1755024915: [PLUGIN][B4] [TRUST] ✅ Last signer 'B2' is trusted (0.991 >= 0.500). Accepting message.
1755024915: Sending PUBLISH to interactive-subscriberB4 (d0, q0, r0, m0, 'groundfloor/kitchen', ... (200 bytes))
1755024915: Sending PUBLISH to local.dhruvubuntu.b4_to_b6 (d0, q0, r0, m0, 'groundfloor/kitchen', ... (200 bytes))
1755024915: Received PUBLISH from dhruvubuntu.b1_to_b4 (d0, q0, r0, m0, 'groundfloor/kitchen', ... (195 bytes))
1755024915: [PLUGIN][B4] [TRUST] Evaluating message with signers: [ B0 B1 ]
1755024915: [PLUGIN][B4] [TRUST] Evaluating message based on last signer only.
1755024915: [PLUGIN][B4] [TRUST] Looking up direct trust from 'B1' to 'B4'
1755024915: [PLUGIN][B4] [TRUST] Found link from 'B1'. r=106, s=0. Direct trust is 0.991
1755024915: [PLUGIN][B4] [TRUST] ✅ Last signer 'B1' is trusted (0.991 >= 0.500). Accepting message.
1755024915: Sending PUBLISH to interactive-subscriberB4 (d0, q0, r0, m0, 'groundfloor/kitchen', ... (200 bytes))
1755024915: Sending PUBLISH to local.dhruvubuntu.b4_to_b6 (d0, q0, r0, m0, 'groundfloor/kitchen', ... (200 bytes))
1755024915: Received PUBLISH from interactive-subscriberB4 (d0, q0, r0, m0, 'internal/feedback', ... (51 bytes))
1755024915: [PLUGIN][B4] [TRUST] Feedback for link B2->B4. New counts: r=106, s=5. Link trust now 0.947
1755024915: Sending PUBLISH to local.dhruvubuntu.b4_to_b6 (d0, q0, r0, m0, 'internal/feedback/processed', ... (51 bytes))
1755024915: Received PUBLISH from interactive-subscriberB4 (d0, q0, r0, m0, 'internal/feedback', ... (51 bytes))
1755024915: [PLUGIN][B4] [TRUST] Feedback for link B1->B4. New counts: r=106, s=5. Link trust now 0.947
1755024915: Sending PUBLISH to local.dhruvubuntu.b4_to_b6 (d0, q0, r0, m0, 'internal/feedback/processed', ... (51 bytes))
1755024923: [PLUGIN][B4] [REFRESH] Periodic map refresh triggered.
1755024926: Received PUBLISH from dhruvubuntu.b1_to_b4 (d0, q0, r0, m0, 'groundfloor/kitchen', ... (195 bytes))
1755024926: [PLUGIN][B4] [TRUST] Evaluating message with signers: [ B0 B1 ]
1755024926: [PLUGIN][B4] [TRUST] Evaluating message based on last signer only.
1755024926: [PLUGIN][B4] [TRUST] Looking up direct trust from 'B1' to 'B4'
1755024926: [PLUGIN][B4] [TRUST] Found link from 'B1'. r=106, s=5. Direct trust is 0.947
1755024926: [PLUGIN][B4] [TRUST] ✅ Last signer 'B1' is trusted (0.947 >= 0.500). Accepting message.
1755024926: Sending PUBLISH to interactive-subscriberB4 (d0, q0, r0, m0, 'groundfloor/kitchen', ... (200 bytes))
1755024926: Sending PUBLISH to local.dhruvubuntu.b4_to_b6 (d0, q0, r0, m0, 'groundfloor/kitchen', ... (200 bytes))
1755024926: Received PUBLISH from dhruvubuntu.b2_to_b4 (d0, q0, r0, m0, 'groundfloor/kitchen', ... (195 bytes))
1755024926: [PLUGIN][B4] [TRUST] Evaluating message with signers: [ B0 B2 ]
1755024926: [PLUGIN][B4] [TRUST] Evaluating message based on last signer only.
1755024926: [PLUGIN][B4] [TRUST] Looking up direct trust from 'B2' to 'B4'
1755024926: [PLUGIN][B4] [TRUST] Found link from 'B2'. r=106, s=5. Direct trust is 0.947
1755024926: [PLUGIN][B4] [TRUST] ✅ Last signer 'B2' is trusted (0.947 >= 0.500). Accepting message.
1755024926: Sending PUBLISH to interactive-subscriberB4 (d0, q0, r0, m0, 'groundfloor/kitchen', ... (200 bytes))
1755024926: Sending PUBLISH to local.dhruvubuntu.b4_to_b6 (d0, q0, r0, m0, 'groundfloor/kitchen', ... (200 bytes))
1755024926: Received PUBLISH from interactive-subscriberB4 (d0, q0, r0, m0, 'internal/feedback', ... (51 bytes))
1755024926: [PLUGIN][B4] [TRUST] Feedback for link B1->B4. New counts: r=106, s=10. Link trust now 0.907
1755024926: Sending PUBLISH to local.dhruvubuntu.b4_to_b6 (d0, q0, r0, m0, 'internal/feedback/processed', ... (51 bytes))
1755024926: Received PUBLISH from interactive-subscriberB4 (d0, q0, r0, m0, 'internal/feedback', ... (51 bytes))
1755024926: [PLUGIN][B4] [TRUST] Feedback for link B2->B4. New counts: r=106, s=10. Link trust now 0.907
1755024926: Sending PUBLISH to local.dhruvubuntu.b4_to_b6 (d0, q0, r0, m0, 'internal/feedback/processed', ... (51 bytes))
1755024933: [PLUGIN][B4] [REFRESH] Periodic map refresh triggered.
1755024937: Received PUBLISH from dhruvubuntu.b1_to_b4 (d0, q0, r0, m0, 'groundfloor/kitchen', ... (195 bytes))
1755024937: [PLUGIN][B4] [TRUST] Evaluating message with signers: [ B0 B1 ]
1755024937: [PLUGIN][B4] [TRUST] Evaluating message based on last signer only.
1755024937: [PLUGIN][B4] [TRUST] Looking up direct trust from 'B1' to 'B4'
1755024937: [PLUGIN][B4] [TRUST] Found link from 'B1'. r=106, s=10. Direct trust is 0.907
1755024937: [PLUGIN][B4] [TRUST] ✅ Last signer 'B1' is trusted (0.907 >= 0.500). Accepting message.
1755024937: Sending PUBLISH to interactive-subscriberB4 (d0, q0, r0, m0, 'groundfloor/kitchen', ... (200 bytes))
1755024937: Sending PUBLISH to local.dhruvubuntu.b4_to_b6 (d0, q0, r0, m0, 'groundfloor/kitchen', ... (200 bytes))
1755024937: Received PUBLISH from dhruvubuntu.b2_to_b4 (d0, q0, r0, m0, 'groundfloor/kitchen', ... (195 bytes))
1755024937: [PLUGIN][B4] [TRUST] Evaluating message with signers: [ B0 B2 ]
1755024937: [PLUGIN][B4] [TRUST] Evaluating message based on last signer only.
1755024937: [PLUGIN][B4] [TRUST] Looking up direct trust from 'B2' to 'B4'
1755024937: [PLUGIN][B4] [TRUST] Found link from 'B2'. r=106, s=10. Direct trust is 0.907
1755024937: [PLUGIN][B4] [TRUST] ✅ Last signer 'B2' is trusted (0.907 >= 0.500). Accepting message.
1755024937: Sending PUBLISH to interactive-subscriberB4 (d0, q0, r0, m0, 'groundfloor/kitchen', ... (200 bytes))
1755024937: Sending PUBLISH to local.dhruvubuntu.b4_to_b6 (d0, q0, r0, m0, 'groundfloor/kitchen', ... (200 bytes))
1755024937: Received PUBLISH from interactive-subscriberB4 (d0, q0, r0, m0, 'internal/feedback', ... (51 bytes))
1755024937: [PLUGIN][B4] [TRUST] Feedback for link B1->B4. New counts: r=106, s=15. Link trust now 0.870
1755024937: Sending PUBLISH to local.dhruvubuntu.b4_to_b6 (d0, q0, r0, m0, 'internal/feedback/processed', ... (51 bytes))
1755024937: Received PUBLISH from interactive-subscriberB4 (d0, q0, r0, m0, 'internal/feedback', ... (51 bytes))
1755024937: [PLUGIN][B4] [TRUST] Feedback for link B2->B4. New counts: r=106, s=15. Link trust now 0.870
1755024937: Sending PUBLISH to local.dhruvubuntu.b4_to_b6 (d0, q0, r0, m0, 'internal/feedback/processed', ... (51 bytes))
1755024938: Received PINGREQ from dhruvubuntu.b2_to_b4
1755024938: Sending PINGRESP to dhruvubuntu.b2_to_b4
1755024940: Received PINGREQ from dhruvubuntu.b1_to_b4
1755024940: Sending PINGRESP to dhruvubuntu.b1_to_b4
1755024943: [PLUGIN][B4] [REFRESH] Periodic map refresh triggered.
1755024943: Sending PINGREQ to local.dhruvubuntu.b4_to_b6
1755024943: Received PINGRESP from local.dhruvubuntu.b4_to_b6
1755024948: Received PUBLISH from dhruvubuntu.b2_to_b4 (d0, q0, r0, m0, 'groundfloor/kitchen', ... (195 bytes))
1755024948: [PLUGIN][B4] [TRUST] Evaluating message with signers: [ B0 B2 ]
1755024948: [PLUGIN][B4] [TRUST] Evaluating message based on last signer only.
1755024948: [PLUGIN][B4] [TRUST] Looking up direct trust from 'B2' to 'B4'
1755024948: [PLUGIN][B4] [TRUST] Found link from 'B2'. r=106, s=15. Direct trust is 0.870
1755024948: [PLUGIN][B4] [TRUST] ✅ Last signer 'B2' is trusted (0.870 >= 0.500). Accepting message.
1755024948: Sending PUBLISH to interactive-subscriberB4 (d0, q0, r0, m0, 'groundfloor/kitchen', ... (200 bytes))
1755024948: Sending PUBLISH to local.dhruvubuntu.b4_to_b6 (d0, q0, r0, m0, 'groundfloor/kitchen', ... (200 bytes))
1755024948: Received PUBLISH from dhruvubuntu.b1_to_b4 (d0, q0, r0, m0, 'groundfloor/kitchen', ... (195 bytes))
1755024948: [PLUGIN][B4] [TRUST] Evaluating message with signers: [ B0 B1 ]
1755024948: [PLUGIN][B4] [TRUST] Evaluating message based on last signer only.
1755024948: [PLUGIN][B4] [TRUST] Looking up direct trust from 'B1' to 'B4'
1755024948: [PLUGIN][B4] [TRUST] Found link from 'B1'. r=106, s=15. Direct trust is 0.870
1755024948: [PLUGIN][B4] [TRUST] ✅ Last signer 'B1' is trusted (0.870 >= 0.500). Accepting message.
1755024948: Sending PUBLISH to interactive-subscriberB4 (d0, q0, r0, m0, 'groundfloor/kitchen', ... (200 bytes))
1755024948: Sending PUBLISH to local.dhruvubuntu.b4_to_b6 (d0, q0, r0, m0, 'groundfloor/kitchen', ... (200 bytes))
1755024948: Received PUBLISH from interactive-subscriberB4 (d0, q0, r0, m0, 'internal/feedback', ... (51 bytes))
1755024948: [PLUGIN][B4] [TRUST] Feedback for link B2->B4. New counts: r=106, s=20. Link trust now 0.836
1755024948: Sending PUBLISH to local.dhruvubuntu.b4_to_b6 (d0, q0, r0, m0, 'internal/feedback/processed', ... (51 bytes))
1755024948: Received PUBLISH from interactive-subscriberB4 (d0, q0, r0, m0, 'internal/feedback', ... (51 bytes))
1755024948: [PLUGIN][B4] [TRUST] Feedback for link B1->B4. New counts: r=106, s=20. Link trust now 0.836
1755024948: Sending PUBLISH to local.dhruvubuntu.b4_to_b6 (d0, q0, r0, m0, 'internal/feedback/processed', ... (51 bytes))
1755024953: [PLUGIN][B4] [REFRESH] Periodic map refresh triggered.
1755024959: Received PUBLISH from dhruvubuntu.b1_to_b4 (d0, q0, r0, m0, 'groundfloor/kitchen', ... (195 bytes))
1755024959: [PLUGIN][B4] [TRUST] Evaluating message with signers: [ B0 B1 ]
1755024959: [PLUGIN][B4] [TRUST] Evaluating message based on last signer only.
1755024959: [PLUGIN][B4] [TRUST] Looking up direct trust from 'B1' to 'B4'
1755024959: [PLUGIN][B4] [TRUST] Found link from 'B1'. r=106, s=20. Direct trust is 0.836
1755024959: [PLUGIN][B4] [TRUST] ✅ Last signer 'B1' is trusted (0.836 >= 0.500). Accepting message.
1755024959: Sending PUBLISH to interactive-subscriberB4 (d0, q0, r0, m0, 'groundfloor/kitchen', ... (200 bytes))
1755024959: Sending PUBLISH to local.dhruvubuntu.b4_to_b6 (d0, q0, r0, m0, 'groundfloor/kitchen', ... (200 bytes))
1755024959: Received PUBLISH from dhruvubuntu.b2_to_b4 (d0, q0, r0, m0, 'groundfloor/kitchen', ... (195 bytes))
1755024959: [PLUGIN][B4] [TRUST] Evaluating message with signers: [ B0 B2 ]
1755024959: [PLUGIN][B4] [TRUST] Evaluating message based on last signer only.
1755024959: [PLUGIN][B4] [TRUST] Looking up direct trust from 'B2' to 'B4'
1755024959: [PLUGIN][B4] [TRUST] Found link from 'B2'. r=106, s=20. Direct trust is 0.836
1755024959: [PLUGIN][B4] [TRUST] ✅ Last signer 'B2' is trusted (0.836 >= 0.500). Accepting message.
1755024959: Sending PUBLISH to interactive-subscriberB4 (d0, q0, r0, m0, 'groundfloor/kitchen', ... (200 bytes))
1755024959: Sending PUBLISH to local.dhruvubuntu.b4_to_b6 (d0, q0, r0, m0, 'groundfloor/kitchen', ... (200 bytes))
1755024959: Received PUBLISH from interactive-subscriberB4 (d0, q0, r0, m0, 'internal/feedback', ... (51 bytes))
1755024959: [PLUGIN][B4] [TRUST] Feedback for link B1->B4. New counts: r=106, s=25. Link trust now 0.805
1755024959: Sending PUBLISH to local.dhruvubuntu.b4_to_b6 (d0, q0, r0, m0, 'internal/feedback/processed', ... (51 bytes))
1755024959: Received PUBLISH from interactive-subscriberB4 (d0, q0, r0, m0, 'internal/feedback', ... (51 bytes))
1755024959: [PLUGIN][B4] [TRUST] Feedback for link B2->B4. New counts: r=106, s=25. Link trust now 0.805
1755024959: Sending PUBLISH to local.dhruvubuntu.b4_to_b6 (d0, q0, r0, m0, 'internal/feedback/processed', ... (51 bytes))
1755024963: [PLUGIN][B4] [REFRESH] Periodic map refresh triggered.
1755024970: Received PUBLISH from dhruvubuntu.b2_to_b4 (d0, q0, r0, m0, 'groundfloor/kitchen', ... (195 bytes))
1755024970: [PLUGIN][B4] [TRUST] Evaluating message with signers: [ B0 B2 ]
1755024970: [PLUGIN][B4] [TRUST] Evaluating message based on last signer only.
1755024970: [PLUGIN][B4] [TRUST] Looking up direct trust from 'B2' to 'B4'
1755024970: [PLUGIN][B4] [TRUST] Found link from 'B2'. r=106, s=25. Direct trust is 0.805
1755024970: [PLUGIN][B4] [TRUST] ✅ Last signer 'B2' is trusted (0.805 >= 0.500). Accepting message.
1755024970: Sending PUBLISH to interactive-subscriberB4 (d0, q0, r0, m0, 'groundfloor/kitchen', ... (200 bytes))
1755024970: Sending PUBLISH to local.dhruvubuntu.b4_to_b6 (d0, q0, r0, m0, 'groundfloor/kitchen', ... (200 bytes))
1755024970: Received PUBLISH from dhruvubuntu.b1_to_b4 (d0, q0, r0, m0, 'groundfloor/kitchen', ... (195 bytes))
1755024970: [PLUGIN][B4] [TRUST] Evaluating message with signers: [ B0 B1 ]
1755024970: [PLUGIN][B4] [TRUST] Evaluating message based on last signer only.
1755024970: [PLUGIN][B4] [TRUST] Looking up direct trust from 'B1' to 'B4'
1755024970: [PLUGIN][B4] [TRUST] Found link from 'B1'. r=106, s=25. Direct trust is 0.805
1755024970: [PLUGIN][B4] [TRUST] ✅ Last signer 'B1' is trusted (0.805 >= 0.500). Accepting message.
1755024970: Sending PUBLISH to interactive-subscriberB4 (d0, q0, r0, m0, 'groundfloor/kitchen', ... (200 bytes))
1755024970: Sending PUBLISH to local.dhruvubuntu.b4_to_b6 (d0, q0, r0, m0, 'groundfloor/kitchen', ... (200 bytes))
1755024970: Received PUBLISH from interactive-subscriberB4 (d0, q0, r0, m0, 'internal/feedback', ... (51 bytes))
1755024970: [PLUGIN][B4] [TRUST] Feedback for link B2->B4. New counts: r=106, s=30. Link trust now 0.775
1755024970: Sending PUBLISH to local.dhruvubuntu.b4_to_b6 (d0, q0, r0, m0, 'internal/feedback/processed', ... (51 bytes))
1755024970: Received PUBLISH from interactive-subscriberB4 (d0, q0, r0, m0, 'internal/feedback', ... (51 bytes))
1755024970: [PLUGIN][B4] [TRUST] Feedback for link B1->B4. New counts: r=106, s=30. Link trust now 0.775
1755024970: Sending PUBLISH to local.dhruvubuntu.b4_to_b6 (d0, q0, r0, m0, 'internal/feedback/processed', ... (51 bytes))
1755024973: [PLUGIN][B4] [REFRESH] Periodic map refresh triggered.
1755024981: Received PUBLISH from dhruvubuntu.b1_to_b4 (d0, q0, r0, m0, 'groundfloor/kitchen', ... (195 bytes))
1755024981: [PLUGIN][B4] [TRUST] Evaluating message with signers: [ B0 B1 ]
1755024981: [PLUGIN][B4] [TRUST] Evaluating message based on last signer only.
1755024981: [PLUGIN][B4] [TRUST] Looking up direct trust from 'B1' to 'B4'
1755024981: [PLUGIN][B4] [TRUST] Found link from 'B1'. r=106, s=30. Direct trust is 0.775
1755024981: [PLUGIN][B4] [TRUST] ✅ Last signer 'B1' is trusted (0.775 >= 0.500). Accepting message.
1755024981: Sending PUBLISH to interactive-subscriberB4 (d0, q0, r0, m0, 'groundfloor/kitchen', ... (200 bytes))
1755024981: Sending PUBLISH to local.dhruvubuntu.b4_to_b6 (d0, q0, r0, m0, 'groundfloor/kitchen', ... (200 bytes))
1755024981: Received PUBLISH from dhruvubuntu.b2_to_b4 (d0, q0, r0, m0, 'groundfloor/kitchen', ... (195 bytes))
1755024981: [PLUGIN][B4] [TRUST] Evaluating message with signers: [ B0 B2 ]
1755024981: [PLUGIN][B4] [TRUST] Evaluating message based on last signer only.
1755024981: [PLUGIN][B4] [TRUST] Looking up direct trust from 'B2' to 'B4'
1755024981: [PLUGIN][B4] [TRUST] Found link from 'B2'. r=106, s=30. Direct trust is 0.775
1755024981: [PLUGIN][B4] [TRUST] ✅ Last signer 'B2' is trusted (0.775 >= 0.500). Accepting message.
1755024981: Sending PUBLISH to interactive-subscriberB4 (d0, q0, r0, m0, 'groundfloor/kitchen', ... (200 bytes))
1755024981: Sending PUBLISH to local.dhruvubuntu.b4_to_b6 (d0, q0, r0, m0, 'groundfloor/kitchen', ... (200 bytes))
1755024981: Received PUBLISH from interactive-subscriberB4 (d0, q0, r0, m0, 'internal/feedback', ... (51 bytes))
1755024981: [PLUGIN][B4] [TRUST] Feedback for link B1->B4. New counts: r=106, s=35. Link trust now 0.748
1755024981: Sending PUBLISH to local.dhruvubuntu.b4_to_b6 (d0, q0, r0, m0, 'internal/feedback/processed', ... (51 bytes))
1755024981: Received PUBLISH from interactive-subscriberB4 (d0, q0, r0, m0, 'internal/feedback', ... (51 bytes))
1755024981: [PLUGIN][B4] [TRUST] Feedback for link B2->B4. New counts: r=106, s=35. Link trust now 0.748
1755024981: Sending PUBLISH to local.dhruvubuntu.b4_to_b6 (d0, q0, r0, m0, 'internal/feedback/processed', ... (51 bytes))
1755024983: [PLUGIN][B4] [REFRESH] Periodic map refresh triggered.
1755024992: Received PUBLISH from dhruvubuntu.b2_to_b4 (d0, q0, r0, m0, 'groundfloor/kitchen', ... (195 bytes))
1755024992: [PLUGIN][B4] [TRUST] Evaluating message with signers: [ B0 B2 ]
1755024992: [PLUGIN][B4] [TRUST] Evaluating message based on last signer only.
1755024992: [PLUGIN][B4] [TRUST] Looking up direct trust from 'B2' to 'B4'
1755024992: [PLUGIN][B4] [TRUST] Found link from 'B2'. r=106, s=35. Direct trust is 0.748
1755024992: [PLUGIN][B4] [TRUST] ✅ Last signer 'B2' is trusted (0.748 >= 0.500). Accepting message.
1755024992: Sending PUBLISH to interactive-subscriberB4 (d0, q0, r0, m0, 'groundfloor/kitchen', ... (200 bytes))
1755024992: Sending PUBLISH to local.dhruvubuntu.b4_to_b6 (d0, q0, r0, m0, 'groundfloor/kitchen', ... (200 bytes))
1755024992: Received PUBLISH from dhruvubuntu.b1_to_b4 (d0, q0, r0, m0, 'groundfloor/kitchen', ... (195 bytes))
1755024992: [PLUGIN][B4] [TRUST] Evaluating message with signers: [ B0 B1 ]
1755024992: [PLUGIN][B4] [TRUST] Evaluating message based on last signer only.
1755024992: [PLUGIN][B4] [TRUST] Looking up direct trust from 'B1' to 'B4'
1755024992: [PLUGIN][B4] [TRUST] Found link from 'B1'. r=106, s=35. Direct trust is 0.748
1755024992: [PLUGIN][B4] [TRUST] ✅ Last signer 'B1' is trusted (0.748 >= 0.500). Accepting message.
1755024992: Sending PUBLISH to interactive-subscriberB4 (d0, q0, r0, m0, 'groundfloor/kitchen', ... (200 bytes))
1755024992: Sending PUBLISH to local.dhruvubuntu.b4_to_b6 (d0, q0, r0, m0, 'groundfloor/kitchen', ... (200 bytes))
1755024992: Received PUBLISH from interactive-subscriberB4 (d0, q0, r0, m0, 'internal/feedback', ... (51 bytes))
1755024992: [PLUGIN][B4] [TRUST] Feedback for link B2->B4. New counts: r=106, s=40. Link trust now 0.723
1755024992: Sending PUBLISH to local.dhruvubuntu.b4_to_b6 (d0, q0, r0, m0, 'internal/feedback/processed', ... (51 bytes))
1755024992: Received PUBLISH from interactive-subscriberB4 (d0, q0, r0, m0, 'internal/feedback', ... (51 bytes))
1755024992: [PLUGIN][B4] [TRUST] Feedback for link B1->B4. New counts: r=106, s=40. Link trust now 0.723
1755024992: Sending PUBLISH to local.dhruvubuntu.b4_to_b6 (d0, q0, r0, m0, 'internal/feedback/processed', ... (51 bytes))
1755024993: [PLUGIN][B4] [REFRESH] Periodic map refresh triggered.
1755024998: Received PINGREQ from dhruvubuntu.b2_to_b4
1755024998: Sending PINGRESP to dhruvubuntu.b2_to_b4
1755025000: Received PINGREQ from dhruvubuntu.b1_to_b4
1755025000: Sending PINGRESP to dhruvubuntu.b1_to_b4
1755025003: [PLUGIN][B4] [REFRESH] Periodic map refresh triggered.
1755025003: Sending PINGREQ to local.dhruvubuntu.b4_to_b6
1755025003: Received PINGRESP from local.dhruvubuntu.b4_to_b6
1755025003: Received PUBLISH from dhruvubuntu.b2_to_b4 (d0, q0, r0, m0, 'groundfloor/kitchen', ... (195 bytes))
1755025003: [PLUGIN][B4] [TRUST] Evaluating message with signers: [ B0 B2 ]
1755025003: [PLUGIN][B4] [TRUST] Evaluating message based on last signer only.
1755025003: [PLUGIN][B4] [TRUST] Looking up direct trust from 'B2' to 'B4'
1755025003: [PLUGIN][B4] [TRUST] Found link from 'B2'. r=106, s=40. Direct trust is 0.723
1755025003: [PLUGIN][B4] [TRUST] ✅ Last signer 'B2' is trusted (0.723 >= 0.500). Accepting message.
1755025003: Sending PUBLISH to interactive-subscriberB4 (d0, q0, r0, m0, 'groundfloor/kitchen', ... (200 bytes))
1755025003: Sending PUBLISH to local.dhruvubuntu.b4_to_b6 (d0, q0, r0, m0, 'groundfloor/kitchen', ... (200 bytes))
1755025003: Received PUBLISH from dhruvubuntu.b1_to_b4 (d0, q0, r0, m0, 'groundfloor/kitchen', ... (195 bytes))
1755025003: [PLUGIN][B4] [TRUST] Evaluating message with signers: [ B0 B1 ]
1755025003: [PLUGIN][B4] [TRUST] Evaluating message based on last signer only.
1755025003: [PLUGIN][B4] [TRUST] Looking up direct trust from 'B1' to 'B4'
1755025003: [PLUGIN][B4] [TRUST] Found link from 'B1'. r=106, s=40. Direct trust is 0.723
1755025003: [PLUGIN][B4] [TRUST] ✅ Last signer 'B1' is trusted (0.723 >= 0.500). Accepting message.
1755025003: Sending PUBLISH to interactive-subscriberB4 (d0, q0, r0, m0, 'groundfloor/kitchen', ... (200 bytes))
1755025003: Sending PUBLISH to local.dhruvubuntu.b4_to_b6 (d0, q0, r0, m0, 'groundfloor/kitchen', ... (200 bytes))
1755025003: Received PUBLISH from interactive-subscriberB4 (d0, q0, r0, m0, 'internal/feedback', ... (51 bytes))
1755025003: [PLUGIN][B4] [TRUST] Feedback for link B2->B4. New counts: r=106, s=45. Link trust now 0.699
1755025003: Sending PUBLISH to local.dhruvubuntu.b4_to_b6 (d0, q0, r0, m0, 'internal/feedback/processed', ... (51 bytes))
1755025003: Received PUBLISH from interactive-subscriberB4 (d0, q0, r0, m0, 'internal/feedback', ... (51 bytes))
1755025003: [PLUGIN][B4] [TRUST] Feedback for link B1->B4. New counts: r=106, s=45. Link trust now 0.699
1755025003: Sending PUBLISH to local.dhruvubuntu.b4_to_b6 (d0, q0, r0, m0, 'internal/feedback/processed', ... (51 bytes))
1755025013: [PLUGIN][B4] [REFRESH] Periodic map refresh triggered.
1755025014: Received PUBLISH from dhruvubuntu.b1_to_b4 (d0, q0, r0, m0, 'groundfloor/kitchen', ... (195 bytes))
1755025014: [PLUGIN][B4] [TRUST] Evaluating message with signers: [ B0 B1 ]
1755025014: [PLUGIN][B4] [TRUST] Evaluating message based on last signer only.
1755025014: [PLUGIN][B4] [TRUST] Looking up direct trust from 'B1' to 'B4'
1755025014: [PLUGIN][B4] [TRUST] Found link from 'B1'. r=106, s=45. Direct trust is 0.699
1755025014: [PLUGIN][B4] [TRUST] ✅ Last signer 'B1' is trusted (0.699 >= 0.500). Accepting message.
1755025014: Sending PUBLISH to interactive-subscriberB4 (d0, q0, r0, m0, 'groundfloor/kitchen', ... (200 bytes))
1755025014: Sending PUBLISH to local.dhruvubuntu.b4_to_b6 (d0, q0, r0, m0, 'groundfloor/kitchen', ... (200 bytes))
1755025014: Received PUBLISH from dhruvubuntu.b2_to_b4 (d0, q0, r0, m0, 'groundfloor/kitchen', ... (195 bytes))
1755025014: [PLUGIN][B4] [TRUST] Evaluating message with signers: [ B0 B2 ]
1755025014: [PLUGIN][B4] [TRUST] Evaluating message based on last signer only.
1755025014: [PLUGIN][B4] [TRUST] Looking up direct trust from 'B2' to 'B4'
1755025014: [PLUGIN][B4] [TRUST] Found link from 'B2'. r=106, s=45. Direct trust is 0.699
1755025014: [PLUGIN][B4] [TRUST] ✅ Last signer 'B2' is trusted (0.699 >= 0.500). Accepting message.
1755025014: Sending PUBLISH to interactive-subscriberB4 (d0, q0, r0, m0, 'groundfloor/kitchen', ... (200 bytes))
1755025014: Sending PUBLISH to local.dhruvubuntu.b4_to_b6 (d0, q0, r0, m0, 'groundfloor/kitchen', ... (200 bytes))
1755025014: Received PUBLISH from interactive-subscriberB4 (d0, q0, r0, m0, 'internal/feedback', ... (51 bytes))
1755025014: [PLUGIN][B4] [TRUST] Feedback for link B1->B4. New counts: r=106, s=50. Link trust now 0.677
1755025014: Sending PUBLISH to local.dhruvubuntu.b4_to_b6 (d0, q0, r0, m0, 'internal/feedback/processed', ... (51 bytes))
1755025014: Received PUBLISH from interactive-subscriberB4 (d0, q0, r0, m0, 'internal/feedback', ... (51 bytes))
1755025014: [PLUGIN][B4] [TRUST] Feedback for link B2->B4. New counts: r=106, s=50. Link trust now 0.677
1755025014: Sending PUBLISH to local.dhruvubuntu.b4_to_b6 (d0, q0, r0, m0, 'internal/feedback/processed', ... (51 bytes))
1755025023: [PLUGIN][B4] [REFRESH] Periodic map refresh triggered.
1755025025: Received PUBLISH from dhruvubuntu.b1_to_b4 (d0, q0, r0, m0, 'groundfloor/kitchen', ... (195 bytes))
1755025025: [PLUGIN][B4] [TRUST] Evaluating message with signers: [ B0 B1 ]
1755025025: [PLUGIN][B4] [TRUST] Evaluating message based on last signer only.
1755025025: [PLUGIN][B4] [TRUST] Looking up direct trust from 'B1' to 'B4'
1755025025: [PLUGIN][B4] [TRUST] Found link from 'B1'. r=106, s=50. Direct trust is 0.677
1755025025: [PLUGIN][B4] [TRUST] ✅ Last signer 'B1' is trusted (0.677 >= 0.500). Accepting message.
1755025025: Sending PUBLISH to interactive-subscriberB4 (d0, q0, r0, m0, 'groundfloor/kitchen', ... (200 bytes))
1755025025: Sending PUBLISH to local.dhruvubuntu.b4_to_b6 (d0, q0, r0, m0, 'groundfloor/kitchen', ... (200 bytes))
1755025025: Received PUBLISH from dhruvubuntu.b2_to_b4 (d0, q0, r0, m0, 'groundfloor/kitchen', ... (195 bytes))
1755025025: [PLUGIN][B4] [TRUST] Evaluating message with signers: [ B0 B2 ]
1755025025: [PLUGIN][B4] [TRUST] Evaluating message based on last signer only.
1755025025: [PLUGIN][B4] [TRUST] Looking up direct trust from 'B2' to 'B4'
1755025025: [PLUGIN][B4] [TRUST] Found link from 'B2'. r=106, s=50. Direct trust is 0.677
1755025025: [PLUGIN][B4] [TRUST] ✅ Last signer 'B2' is trusted (0.677 >= 0.500). Accepting message.
1755025025: Sending PUBLISH to interactive-subscriberB4 (d0, q0, r0, m0, 'groundfloor/kitchen', ... (200 bytes))
1755025025: Sending PUBLISH to local.dhruvubuntu.b4_to_b6 (d0, q0, r0, m0, 'groundfloor/kitchen', ... (200 bytes))
1755025025: Received PUBLISH from interactive-subscriberB4 (d0, q0, r0, m0, 'internal/feedback', ... (51 bytes))
1755025025: [PLUGIN][B4] [TRUST] Feedback for link B1->B4. New counts: r=106, s=55. Link trust now 0.656
1755025025: Sending PUBLISH to local.dhruvubuntu.b4_to_b6 (d0, q0, r0, m0, 'internal/feedback/processed', ... (51 bytes))
1755025025: Received PUBLISH from interactive-subscriberB4 (d0, q0, r0, m0, 'internal/feedback', ... (51 bytes))
1755025025: [PLUGIN][B4] [TRUST] Feedback for link B2->B4. New counts: r=106, s=55. Link trust now 0.656
1755025025: Sending PUBLISH to local.dhruvubuntu.b4_to_b6 (d0, q0, r0, m0, 'internal/feedback/processed', ... (51 bytes))
1755025033: [PLUGIN][B4] [REFRESH] Periodic map refresh triggered.
1755025036: Received PUBLISH from dhruvubuntu.b1_to_b4 (d0, q0, r0, m0, 'groundfloor/kitchen', ... (195 bytes))
1755025036: [PLUGIN][B4] [TRUST] Evaluating message with signers: [ B0 B1 ]
1755025036: [PLUGIN][B4] [TRUST] Evaluating message based on last signer only.
1755025036: [PLUGIN][B4] [TRUST] Looking up direct trust from 'B1' to 'B4'
1755025036: [PLUGIN][B4] [TRUST] Found link from 'B1'. r=106, s=55. Direct trust is 0.656
1755025036: [PLUGIN][B4] [TRUST] ✅ Last signer 'B1' is trusted (0.656 >= 0.500). Accepting message.
1755025036: Sending PUBLISH to interactive-subscriberB4 (d0, q0, r0, m0, 'groundfloor/kitchen', ... (200 bytes))
1755025036: Sending PUBLISH to local.dhruvubuntu.b4_to_b6 (d0, q0, r0, m0, 'groundfloor/kitchen', ... (200 bytes))
1755025036: Received PUBLISH from dhruvubuntu.b2_to_b4 (d0, q0, r0, m0, 'groundfloor/kitchen', ... (195 bytes))
1755025036: [PLUGIN][B4] [TRUST] Evaluating message with signers: [ B0 B2 ]
1755025036: [PLUGIN][B4] [TRUST] Evaluating message based on last signer only.
1755025036: [PLUGIN][B4] [TRUST] Looking up direct trust from 'B2' to 'B4'
1755025036: [PLUGIN][B4] [TRUST] Found link from 'B2'. r=106, s=55. Direct trust is 0.656
1755025036: [PLUGIN][B4] [TRUST] ✅ Last signer 'B2' is trusted (0.656 >= 0.500). Accepting message.
1755025036: Sending PUBLISH to interactive-subscriberB4 (d0, q0, r0, m0, 'groundfloor/kitchen', ... (200 bytes))
1755025036: Sending PUBLISH to local.dhruvubuntu.b4_to_b6 (d0, q0, r0, m0, 'groundfloor/kitchen', ... (200 bytes))
1755025036: Received PUBLISH from interactive-subscriberB4 (d0, q0, r0, m0, 'internal/feedback', ... (51 bytes))
1755025036: [PLUGIN][B4] [TRUST] Feedback for link B1->B4. New counts: r=106, s=60. Link trust now 0.637
1755025036: Sending PUBLISH to local.dhruvubuntu.b4_to_b6 (d0, q0, r0, m0, 'internal/feedback/processed', ... (51 bytes))
1755025036: Received PUBLISH from interactive-subscriberB4 (d0, q0, r0, m0, 'internal/feedback', ... (51 bytes))
1755025036: [PLUGIN][B4] [TRUST] Feedback for link B2->B4. New counts: r=106, s=60. Link trust now 0.637
1755025036: Sending PUBLISH to local.dhruvubuntu.b4_to_b6 (d0, q0, r0, m0, 'internal/feedback/processed', ... (51 bytes))
1755025043: [PLUGIN][B4] [REFRESH] Periodic map refresh triggered.
1755025048: Received PUBLISH from dhruvubuntu.b2_to_b4 (d0, q0, r0, m0, 'groundfloor/kitchen', ... (195 bytes))
1755025048: [PLUGIN][B4] [TRUST] Evaluating message with signers: [ B0 B2 ]
1755025048: [PLUGIN][B4] [TRUST] Evaluating message based on last signer only.
1755025048: [PLUGIN][B4] [TRUST] Looking up direct trust from 'B2' to 'B4'
1755025048: [PLUGIN][B4] [TRUST] Found link from 'B2'. r=106, s=60. Direct trust is 0.637
1755025048: [PLUGIN][B4] [TRUST] ✅ Last signer 'B2' is trusted (0.637 >= 0.500). Accepting message.
1755025048: Sending PUBLISH to interactive-subscriberB4 (d0, q0, r0, m0, 'groundfloor/kitchen', ... (200 bytes))
1755025048: Sending PUBLISH to local.dhruvubuntu.b4_to_b6 (d0, q0, r0, m0, 'groundfloor/kitchen', ... (200 bytes))
1755025048: Received PUBLISH from dhruvubuntu.b1_to_b4 (d0, q0, r0, m0, 'groundfloor/kitchen', ... (195 bytes))
1755025048: [PLUGIN][B4] [TRUST] Evaluating message with signers: [ B0 B1 ]
1755025048: [PLUGIN][B4] [TRUST] Evaluating message based on last signer only.
1755025048: [PLUGIN][B4] [TRUST] Looking up direct trust from 'B1' to 'B4'
1755025048: [PLUGIN][B4] [TRUST] Found link from 'B1'. r=106, s=60. Direct trust is 0.637
1755025048: [PLUGIN][B4] [TRUST] ✅ Last signer 'B1' is trusted (0.637 >= 0.500). Accepting message.
1755025048: Sending PUBLISH to interactive-subscriberB4 (d0, q0, r0, m0, 'groundfloor/kitchen', ... (200 bytes))
1755025048: Sending PUBLISH to local.dhruvubuntu.b4_to_b6 (d0, q0, r0, m0, 'groundfloor/kitchen', ... (200 bytes))
1755025048: Received PUBLISH from interactive-subscriberB4 (d0, q0, r0, m0, 'internal/feedback', ... (51 bytes))
1755025048: [PLUGIN][B4] [TRUST] Feedback for link B2->B4. New counts: r=106, s=65. Link trust now 0.618
1755025048: Sending PUBLISH to local.dhruvubuntu.b4_to_b6 (d0, q0, r0, m0, 'internal/feedback/processed', ... (51 bytes))
1755025048: Received PUBLISH from interactive-subscriberB4 (d0, q0, r0, m0, 'internal/feedback', ... (51 bytes))
1755025048: [PLUGIN][B4] [TRUST] Feedback for link B1->B4. New counts: r=106, s=65. Link trust now 0.618
1755025048: Sending PUBLISH to local.dhruvubuntu.b4_to_b6 (d0, q0, r0, m0, 'internal/feedback/processed', ... (51 bytes))
1755025053: [PLUGIN][B4] [REFRESH] Periodic map refresh triggered.
1755025058: Received PINGREQ from dhruvubuntu.b2_to_b4
1755025058: Sending PINGRESP to dhruvubuntu.b2_to_b4
1755025059: Received PUBLISH from dhruvubuntu.b2_to_b4 (d0, q0, r0, m0, 'groundfloor/kitchen', ... (195 bytes))
1755025059: [PLUGIN][B4] [TRUST] Evaluating message with signers: [ B0 B2 ]
1755025059: [PLUGIN][B4] [TRUST] Evaluating message based on last signer only.
1755025059: [PLUGIN][B4] [TRUST] Looking up direct trust from 'B2' to 'B4'
1755025059: [PLUGIN][B4] [TRUST] Found link from 'B2'. r=106, s=65. Direct trust is 0.618
1755025059: [PLUGIN][B4] [TRUST] ✅ Last signer 'B2' is trusted (0.618 >= 0.500). Accepting message.
1755025059: Sending PUBLISH to interactive-subscriberB4 (d0, q0, r0, m0, 'groundfloor/kitchen', ... (200 bytes))
1755025059: Sending PUBLISH to local.dhruvubuntu.b4_to_b6 (d0, q0, r0, m0, 'groundfloor/kitchen', ... (200 bytes))
1755025059: Received PUBLISH from dhruvubuntu.b1_to_b4 (d0, q0, r0, m0, 'groundfloor/kitchen', ... (195 bytes))
1755025059: [PLUGIN][B4] [TRUST] Evaluating message with signers: [ B0 B1 ]
1755025059: [PLUGIN][B4] [TRUST] Evaluating message based on last signer only.
1755025059: [PLUGIN][B4] [TRUST] Looking up direct trust from 'B1' to 'B4'
1755025059: [PLUGIN][B4] [TRUST] Found link from 'B1'. r=106, s=65. Direct trust is 0.618
1755025059: [PLUGIN][B4] [TRUST] ✅ Last signer 'B1' is trusted (0.618 >= 0.500). Accepting message.
1755025059: Sending PUBLISH to interactive-subscriberB4 (d0, q0, r0, m0, 'groundfloor/kitchen', ... (200 bytes))
1755025059: Sending PUBLISH to local.dhruvubuntu.b4_to_b6 (d0, q0, r0, m0, 'groundfloor/kitchen', ... (200 bytes))
1755025059: Received PUBLISH from interactive-subscriberB4 (d0, q0, r0, m0, 'internal/feedback', ... (51 bytes))
1755025059: [PLUGIN][B4] [TRUST] Feedback for link B2->B4. New counts: r=106, s=70. Link trust now 0.601
1755025059: Sending PUBLISH to local.dhruvubuntu.b4_to_b6 (d0, q0, r0, m0, 'internal/feedback/processed', ... (51 bytes))
1755025059: Received PUBLISH from interactive-subscriberB4 (d0, q0, r0, m0, 'internal/feedback', ... (51 bytes))
1755025059: [PLUGIN][B4] [TRUST] Feedback for link B1->B4. New counts: r=106, s=70. Link trust now 0.601
1755025059: Sending PUBLISH to local.dhruvubuntu.b4_to_b6 (d0, q0, r0, m0, 'internal/feedback/processed', ... (51 bytes))
1755025060: Received PINGREQ from dhruvubuntu.b1_to_b4
1755025060: Sending PINGRESP to dhruvubuntu.b1_to_b4
1755025063: [PLUGIN][B4] [REFRESH] Periodic map refresh triggered.
1755025063: Sending PINGREQ to local.dhruvubuntu.b4_to_b6
1755025063: Received PINGRESP from local.dhruvubuntu.b4_to_b6
1755025070: Received PUBLISH from dhruvubuntu.b2_to_b4 (d0, q0, r0, m0, 'groundfloor/kitchen', ... (195 bytes))
1755025070: [PLUGIN][B4] [TRUST] Evaluating message with signers: [ B0 B2 ]
1755025070: [PLUGIN][B4] [TRUST] Evaluating message based on last signer only.
1755025070: [PLUGIN][B4] [TRUST] Looking up direct trust from 'B2' to 'B4'
1755025070: [PLUGIN][B4] [TRUST] Found link from 'B2'. r=106, s=70. Direct trust is 0.601
1755025070: [PLUGIN][B4] [TRUST] ✅ Last signer 'B2' is trusted (0.601 >= 0.500). Accepting message.
1755025070: Sending PUBLISH to interactive-subscriberB4 (d0, q0, r0, m0, 'groundfloor/kitchen', ... (200 bytes))
1755025070: Sending PUBLISH to local.dhruvubuntu.b4_to_b6 (d0, q0, r0, m0, 'groundfloor/kitchen', ... (200 bytes))
1755025070: Received PUBLISH from dhruvubuntu.b1_to_b4 (d0, q0, r0, m0, 'groundfloor/kitchen', ... (195 bytes))
1755025070: [PLUGIN][B4] [TRUST] Evaluating message with signers: [ B0 B1 ]
1755025070: [PLUGIN][B4] [TRUST] Evaluating message based on last signer only.
1755025070: [PLUGIN][B4] [TRUST] Looking up direct trust from 'B1' to 'B4'
1755025070: [PLUGIN][B4] [TRUST] Found link from 'B1'. r=106, s=70. Direct trust is 0.601
1755025070: [PLUGIN][B4] [TRUST] ✅ Last signer 'B1' is trusted (0.601 >= 0.500). Accepting message.
1755025070: Sending PUBLISH to interactive-subscriberB4 (d0, q0, r0, m0, 'groundfloor/kitchen', ... (200 bytes))
1755025070: Sending PUBLISH to local.dhruvubuntu.b4_to_b6 (d0, q0, r0, m0, 'groundfloor/kitchen', ... (200 bytes))
1755025070: Received PUBLISH from interactive-subscriberB4 (d0, q0, r0, m0, 'internal/feedback', ... (51 bytes))
1755025070: [PLUGIN][B4] [TRUST] Feedback for link B2->B4. New counts: r=106, s=75. Link trust now 0.585
1755025070: Sending PUBLISH to local.dhruvubuntu.b4_to_b6 (d0, q0, r0, m0, 'internal/feedback/processed', ... (51 bytes))
1755025070: Received PUBLISH from interactive-subscriberB4 (d0, q0, r0, m0, 'internal/feedback', ... (51 bytes))
1755025070: [PLUGIN][B4] [TRUST] Feedback for link B1->B4. New counts: r=106, s=75. Link trust now 0.585
1755025070: Sending PUBLISH to local.dhruvubuntu.b4_to_b6 (d0, q0, r0, m0, 'internal/feedback/processed', ... (51 bytes))
1755025073: [PLUGIN][B4] [REFRESH] Periodic map refresh triggered.
1755025081: Received PUBLISH from dhruvubuntu.b2_to_b4 (d0, q0, r0, m0, 'groundfloor/kitchen', ... (195 bytes))
1755025081: [PLUGIN][B4] [TRUST] Evaluating message with signers: [ B0 B2 ]
1755025081: [PLUGIN][B4] [TRUST] Evaluating message based on last signer only.
1755025081: [PLUGIN][B4] [TRUST] Looking up direct trust from 'B2' to 'B4'
1755025081: [PLUGIN][B4] [TRUST] Found link from 'B2'. r=106, s=75. Direct trust is 0.585
1755025081: [PLUGIN][B4] [TRUST] ✅ Last signer 'B2' is trusted (0.585 >= 0.500). Accepting message.
1755025081: Sending PUBLISH to interactive-subscriberB4 (d0, q0, r0, m0, 'groundfloor/kitchen', ... (200 bytes))
1755025081: Sending PUBLISH to local.dhruvubuntu.b4_to_b6 (d0, q0, r0, m0, 'groundfloor/kitchen', ... (200 bytes))
1755025081: Received PUBLISH from dhruvubuntu.b1_to_b4 (d0, q0, r0, m0, 'groundfloor/kitchen', ... (195 bytes))
1755025081: [PLUGIN][B4] [TRUST] Evaluating message with signers: [ B0 B1 ]
1755025081: [PLUGIN][B4] [TRUST] Evaluating message based on last signer only.
1755025081: [PLUGIN][B4] [TRUST] Looking up direct trust from 'B1' to 'B4'
1755025081: [PLUGIN][B4] [TRUST] Found link from 'B1'. r=106, s=75. Direct trust is 0.585
1755025081: [PLUGIN][B4] [TRUST] ✅ Last signer 'B1' is trusted (0.585 >= 0.500). Accepting message.
1755025081: Sending PUBLISH to interactive-subscriberB4 (d0, q0, r0, m0, 'groundfloor/kitchen', ... (200 bytes))
1755025081: Sending PUBLISH to local.dhruvubuntu.b4_to_b6 (d0, q0, r0, m0, 'groundfloor/kitchen', ... (200 bytes))
1755025081: Received PUBLISH from interactive-subscriberB4 (d0, q0, r0, m0, 'internal/feedback', ... (51 bytes))
1755025081: [PLUGIN][B4] [TRUST] Feedback for link B2->B4. New counts: r=106, s=80. Link trust now 0.569
1755025081: Sending PUBLISH to local.dhruvubuntu.b4_to_b6 (d0, q0, r0, m0, 'internal/feedback/processed', ... (51 bytes))
1755025081: Received PUBLISH from interactive-subscriberB4 (d0, q0, r0, m0, 'internal/feedback', ... (51 bytes))
1755025081: [PLUGIN][B4] [TRUST] Feedback for link B1->B4. New counts: r=106, s=80. Link trust now 0.569
1755025081: Sending PUBLISH to local.dhruvubuntu.b4_to_b6 (d0, q0, r0, m0, 'internal/feedback/processed', ... (51 bytes))
1755025083: [PLUGIN][B4] [REFRESH] Periodic map refresh triggered.
1755025092: Received PUBLISH from dhruvubuntu.b2_to_b4 (d0, q0, r0, m0, 'groundfloor/kitchen', ... (195 bytes))
1755025092: [PLUGIN][B4] [TRUST] Evaluating message with signers: [ B0 B2 ]
1755025092: [PLUGIN][B4] [TRUST] Evaluating message based on last signer only.
1755025092: [PLUGIN][B4] [TRUST] Looking up direct trust from 'B2' to 'B4'
1755025092: [PLUGIN][B4] [TRUST] Found link from 'B2'. r=106, s=80. Direct trust is 0.569
1755025092: [PLUGIN][B4] [TRUST] ✅ Last signer 'B2' is trusted (0.569 >= 0.500). Accepting message.
1755025092: Sending PUBLISH to interactive-subscriberB4 (d0, q0, r0, m0, 'groundfloor/kitchen', ... (200 bytes))
1755025092: Sending PUBLISH to local.dhruvubuntu.b4_to_b6 (d0, q0, r0, m0, 'groundfloor/kitchen', ... (200 bytes))
1755025092: Received PUBLISH from dhruvubuntu.b1_to_b4 (d0, q0, r0, m0, 'groundfloor/kitchen', ... (195 bytes))
1755025092: [PLUGIN][B4] [TRUST] Evaluating message with signers: [ B0 B1 ]
1755025092: [PLUGIN][B4] [TRUST] Evaluating message based on last signer only.
1755025092: [PLUGIN][B4] [TRUST] Looking up direct trust from 'B1' to 'B4'
1755025092: [PLUGIN][B4] [TRUST] Found link from 'B1'. r=106, s=80. Direct trust is 0.569
1755025092: [PLUGIN][B4] [TRUST] ✅ Last signer 'B1' is trusted (0.569 >= 0.500). Accepting message.
1755025092: Sending PUBLISH to interactive-subscriberB4 (d0, q0, r0, m0, 'groundfloor/kitchen', ... (200 bytes))
1755025092: Sending PUBLISH to local.dhruvubuntu.b4_to_b6 (d0, q0, r0, m0, 'groundfloor/kitchen', ... (200 bytes))
1755025092: Received PUBLISH from interactive-subscriberB4 (d0, q0, r0, m0, 'internal/feedback', ... (51 bytes))
1755025092: [PLUGIN][B4] [TRUST] Feedback for link B2->B4. New counts: r=106, s=85. Link trust now 0.554
1755025092: Sending PUBLISH to local.dhruvubuntu.b4_to_b6 (d0, q0, r0, m0, 'internal/feedback/processed', ... (51 bytes))
1755025092: Received PUBLISH from interactive-subscriberB4 (d0, q0, r0, m0, 'internal/feedback', ... (51 bytes))
1755025092: [PLUGIN][B4] [TRUST] Feedback for link B1->B4. New counts: r=106, s=85. Link trust now 0.554
1755025092: Sending PUBLISH to local.dhruvubuntu.b4_to_b6 (d0, q0, r0, m0, 'internal/feedback/processed', ... (51 bytes))
1755025093: [PLUGIN][B4] [REFRESH] Periodic map refresh triggered.
1755025103: [PLUGIN][B4] [REFRESH] Periodic map refresh triggered.
1755025103: Received PUBLISH from dhruvubuntu.b2_to_b4 (d0, q0, r0, m0, 'groundfloor/kitchen', ... (195 bytes))
1755025103: [PLUGIN][B4] [TRUST] Evaluating message with signers: [ B0 B2 ]
1755025103: [PLUGIN][B4] [TRUST] Evaluating message based on last signer only.
1755025103: [PLUGIN][B4] [TRUST] Looking up direct trust from 'B2' to 'B4'
1755025103: [PLUGIN][B4] [TRUST] Found link from 'B2'. r=106, s=85. Direct trust is 0.554
1755025103: [PLUGIN][B4] [TRUST] ✅ Last signer 'B2' is trusted (0.554 >= 0.500). Accepting message.
1755025103: Sending PUBLISH to interactive-subscriberB4 (d0, q0, r0, m0, 'groundfloor/kitchen', ... (200 bytes))
1755025103: Sending PUBLISH to local.dhruvubuntu.b4_to_b6 (d0, q0, r0, m0, 'groundfloor/kitchen', ... (200 bytes))
1755025103: Received PUBLISH from dhruvubuntu.b1_to_b4 (d0, q0, r0, m0, 'groundfloor/kitchen', ... (195 bytes))
1755025103: [PLUGIN][B4] [TRUST] Evaluating message with signers: [ B0 B1 ]
1755025103: [PLUGIN][B4] [TRUST] Evaluating message based on last signer only.
1755025103: [PLUGIN][B4] [TRUST] Looking up direct trust from 'B1' to 'B4'
1755025103: [PLUGIN][B4] [TRUST] Found link from 'B1'. r=106, s=85. Direct trust is 0.554
1755025103: [PLUGIN][B4] [TRUST] ✅ Last signer 'B1' is trusted (0.554 >= 0.500). Accepting message.
1755025103: Sending PUBLISH to interactive-subscriberB4 (d0, q0, r0, m0, 'groundfloor/kitchen', ... (200 bytes))
1755025103: Sending PUBLISH to local.dhruvubuntu.b4_to_b6 (d0, q0, r0, m0, 'groundfloor/kitchen', ... (200 bytes))
1755025103: Received PUBLISH from interactive-subscriberB4 (d0, q0, r0, m0, 'internal/feedback', ... (51 bytes))
1755025103: [PLUGIN][B4] [TRUST] Feedback for link B2->B4. New counts: r=106, s=90. Link trust now 0.540
1755025103: Sending PUBLISH to local.dhruvubuntu.b4_to_b6 (d0, q0, r0, m0, 'internal/feedback/processed', ... (51 bytes))
1755025103: Received PUBLISH from interactive-subscriberB4 (d0, q0, r0, m0, 'internal/feedback', ... (51 bytes))
1755025103: [PLUGIN][B4] [TRUST] Feedback for link B1->B4. New counts: r=106, s=90. Link trust now 0.540
1755025103: Sending PUBLISH to local.dhruvubuntu.b4_to_b6 (d0, q0, r0, m0, 'internal/feedback/processed', ... (51 bytes))
1755025113: [PLUGIN][B4] [REFRESH] Periodic map refresh triggered.
1755025114: Received PUBLISH from dhruvubuntu.b2_to_b4 (d0, q0, r0, m0, 'groundfloor/kitchen', ... (195 bytes))
1755025114: [PLUGIN][B4] [TRUST] Evaluating message with signers: [ B0 B2 ]
1755025114: [PLUGIN][B4] [TRUST] Evaluating message based on last signer only.
1755025114: [PLUGIN][B4] [TRUST] Looking up direct trust from 'B2' to 'B4'
1755025114: [PLUGIN][B4] [TRUST] Found link from 'B2'. r=106, s=90. Direct trust is 0.540
1755025114: [PLUGIN][B4] [TRUST] ✅ Last signer 'B2' is trusted (0.540 >= 0.500). Accepting message.
1755025114: Sending PUBLISH to interactive-subscriberB4 (d0, q0, r0, m0, 'groundfloor/kitchen', ... (200 bytes))
1755025114: Sending PUBLISH to local.dhruvubuntu.b4_to_b6 (d0, q0, r0, m0, 'groundfloor/kitchen', ... (200 bytes))
1755025114: Received PUBLISH from dhruvubuntu.b1_to_b4 (d0, q0, r0, m0, 'groundfloor/kitchen', ... (195 bytes))
1755025114: [PLUGIN][B4] [TRUST] Evaluating message with signers: [ B0 B1 ]
1755025114: [PLUGIN][B4] [TRUST] Evaluating message based on last signer only.
1755025114: [PLUGIN][B4] [TRUST] Looking up direct trust from 'B1' to 'B4'
1755025114: [PLUGIN][B4] [TRUST] Found link from 'B1'. r=106, s=90. Direct trust is 0.540
1755025114: [PLUGIN][B4] [TRUST] ✅ Last signer 'B1' is trusted (0.540 >= 0.500). Accepting message.
1755025114: Sending PUBLISH to interactive-subscriberB4 (d0, q0, r0, m0, 'groundfloor/kitchen', ... (200 bytes))
1755025114: Sending PUBLISH to local.dhruvubuntu.b4_to_b6 (d0, q0, r0, m0, 'groundfloor/kitchen', ... (200 bytes))
1755025114: Received PUBLISH from interactive-subscriberB4 (d0, q0, r0, m0, 'internal/feedback', ... (51 bytes))
1755025114: [PLUGIN][B4] [TRUST] Feedback for link B2->B4. New counts: r=106, s=95. Link trust now 0.527
1755025114: Sending PUBLISH to local.dhruvubuntu.b4_to_b6 (d0, q0, r0, m0, 'internal/feedback/processed', ... (51 bytes))
1755025114: Received PUBLISH from interactive-subscriberB4 (d0, q0, r0, m0, 'internal/feedback', ... (51 bytes))
1755025114: [PLUGIN][B4] [TRUST] Feedback for link B1->B4. New counts: r=106, s=95. Link trust now 0.527
1755025114: Sending PUBLISH to local.dhruvubuntu.b4_to_b6 (d0, q0, r0, m0, 'internal/feedback/processed', ... (51 bytes))
1755025118: Received PINGREQ from dhruvubuntu.b2_to_b4
1755025118: Sending PINGRESP to dhruvubuntu.b2_to_b4
1755025120: Received PINGREQ from dhruvubuntu.b1_to_b4
1755025120: Sending PINGRESP to dhruvubuntu.b1_to_b4
1755025123: [PLUGIN][B4] [REFRESH] Periodic map refresh triggered.
1755025123: Sending PINGREQ to local.dhruvubuntu.b4_to_b6
1755025123: Received PINGRESP from local.dhruvubuntu.b4_to_b6
1755025125: Received PUBLISH from dhruvubuntu.b2_to_b4 (d0, q0, r0, m0, 'groundfloor/kitchen', ... (195 bytes))
1755025125: [PLUGIN][B4] [TRUST] Evaluating message with signers: [ B0 B2 ]
1755025125: [PLUGIN][B4] [TRUST] Evaluating message based on last signer only.
1755025125: [PLUGIN][B4] [TRUST] Looking up direct trust from 'B2' to 'B4'
1755025125: [PLUGIN][B4] [TRUST] Found link from 'B2'. r=106, s=95. Direct trust is 0.527
1755025125: [PLUGIN][B4] [TRUST] ✅ Last signer 'B2' is trusted (0.527 >= 0.500). Accepting message.
1755025125: Sending PUBLISH to interactive-subscriberB4 (d0, q0, r0, m0, 'groundfloor/kitchen', ... (200 bytes))
1755025125: Sending PUBLISH to local.dhruvubuntu.b4_to_b6 (d0, q0, r0, m0, 'groundfloor/kitchen', ... (200 bytes))
1755025125: Received PUBLISH from dhruvubuntu.b1_to_b4 (d0, q0, r0, m0, 'groundfloor/kitchen', ... (195 bytes))
1755025125: [PLUGIN][B4] [TRUST] Evaluating message with signers: [ B0 B1 ]
1755025125: [PLUGIN][B4] [TRUST] Evaluating message based on last signer only.
1755025125: [PLUGIN][B4] [TRUST] Looking up direct trust from 'B1' to 'B4'
1755025125: [PLUGIN][B4] [TRUST] Found link from 'B1'. r=106, s=95. Direct trust is 0.527
1755025125: [PLUGIN][B4] [TRUST] ✅ Last signer 'B1' is trusted (0.527 >= 0.500). Accepting message.
1755025125: Sending PUBLISH to interactive-subscriberB4 (d0, q0, r0, m0, 'groundfloor/kitchen', ... (200 bytes))
1755025125: Sending PUBLISH to local.dhruvubuntu.b4_to_b6 (d0, q0, r0, m0, 'groundfloor/kitchen', ... (200 bytes))
1755025125: Received PUBLISH from interactive-subscriberB4 (d0, q0, r0, m0, 'internal/feedback', ... (51 bytes))
1755025125: [PLUGIN][B4] [TRUST] Feedback for link B2->B4. New counts: r=106, s=100. Link trust now 0.514
1755025125: Sending PUBLISH to local.dhruvubuntu.b4_to_b6 (d0, q0, r0, m0, 'internal/feedback/processed', ... (51 bytes))
1755025125: Received PUBLISH from interactive-subscriberB4 (d0, q0, r0, m0, 'internal/feedback', ... (51 bytes))
1755025125: [PLUGIN][B4] [TRUST] Feedback for link B1->B4. New counts: r=106, s=100. Link trust now 0.514
1755025125: Sending PUBLISH to local.dhruvubuntu.b4_to_b6 (d0, q0, r0, m0, 'internal/feedback/processed', ... (51 bytes))
1755025133: [PLUGIN][B4] [REFRESH] Periodic map refresh triggered.
1755025136: Received PUBLISH from dhruvubuntu.b1_to_b4 (d0, q0, r0, m0, 'groundfloor/kitchen', ... (195 bytes))
1755025136: [PLUGIN][B4] [TRUST] Evaluating message with signers: [ B0 B1 ]
1755025136: [PLUGIN][B4] [TRUST] Evaluating message based on last signer only.
1755025136: [PLUGIN][B4] [TRUST] Looking up direct trust from 'B1' to 'B4'
1755025136: [PLUGIN][B4] [TRUST] Found link from 'B1'. r=106, s=100. Direct trust is 0.514
1755025136: [PLUGIN][B4] [TRUST] ✅ Last signer 'B1' is trusted (0.514 >= 0.500). Accepting message.
1755025136: Sending PUBLISH to interactive-subscriberB4 (d0, q0, r0, m0, 'groundfloor/kitchen', ... (200 bytes))
1755025136: Sending PUBLISH to local.dhruvubuntu.b4_to_b6 (d0, q0, r0, m0, 'groundfloor/kitchen', ... (200 bytes))
1755025136: Received PUBLISH from dhruvubuntu.b2_to_b4 (d0, q0, r0, m0, 'groundfloor/kitchen', ... (195 bytes))
1755025136: [PLUGIN][B4] [TRUST] Evaluating message with signers: [ B0 B2 ]
1755025136: [PLUGIN][B4] [TRUST] Evaluating message based on last signer only.
1755025136: [PLUGIN][B4] [TRUST] Looking up direct trust from 'B2' to 'B4'
1755025136: [PLUGIN][B4] [TRUST] Found link from 'B2'. r=106, s=100. Direct trust is 0.514
1755025136: [PLUGIN][B4] [TRUST] ✅ Last signer 'B2' is trusted (0.514 >= 0.500). Accepting message.
1755025136: Sending PUBLISH to interactive-subscriberB4 (d0, q0, r0, m0, 'groundfloor/kitchen', ... (200 bytes))
1755025136: Sending PUBLISH to local.dhruvubuntu.b4_to_b6 (d0, q0, r0, m0, 'groundfloor/kitchen', ... (200 bytes))
1755025136: Received PUBLISH from interactive-subscriberB4 (d0, q0, r0, m0, 'internal/feedback', ... (51 bytes))
1755025136: [PLUGIN][B4] [TRUST] Feedback for link B1->B4. New counts: r=106, s=105. Link trust now 0.502
1755025136: Sending PUBLISH to local.dhruvubuntu.b4_to_b6 (d0, q0, r0, m0, 'internal/feedback/processed', ... (51 bytes))
1755025136: Received PUBLISH from interactive-subscriberB4 (d0, q0, r0, m0, 'internal/feedback', ... (51 bytes))
1755025136: [PLUGIN][B4] [TRUST] Feedback for link B2->B4. New counts: r=106, s=105. Link trust now 0.502
1755025136: Sending PUBLISH to local.dhruvubuntu.b4_to_b6 (d0, q0, r0, m0, 'internal/feedback/processed', ... (51 bytes))
1755025143: [PLUGIN][B4] [REFRESH] Periodic map refresh triggered.
1755025153: [PLUGIN][B4] [REFRESH] Periodic map refresh triggered.
1755025157: Received PUBLISH from dhruvubuntu.b2_to_b4 (d0, q0, r0, m0, 'groundfloor/kitchen', ... (195 bytes))
1755025157: [PLUGIN][B4] [TRUST] Evaluating message with signers: [ B0 B2 ]
1755025157: [PLUGIN][B4] [TRUST] Evaluating message based on last signer only.
1755025157: [PLUGIN][B4] [TRUST] Looking up direct trust from 'B2' to 'B4'
1755025157: [PLUGIN][B4] [TRUST] Found link from 'B2'. r=106, s=105. Direct trust is 0.502
1755025157: [PLUGIN][B4] [TRUST] ✅ Last signer 'B2' is trusted (0.502 >= 0.500). Accepting message.
1755025157: Sending PUBLISH to interactive-subscriberB4 (d0, q0, r0, m0, 'groundfloor/kitchen', ... (200 bytes))
1755025157: Sending PUBLISH to local.dhruvubuntu.b4_to_b6 (d0, q0, r0, m0, 'groundfloor/kitchen', ... (200 bytes))
1755025157: Received PUBLISH from dhruvubuntu.b1_to_b4 (d0, q0, r0, m0, 'groundfloor/kitchen', ... (195 bytes))
1755025157: [PLUGIN][B4] [TRUST] Evaluating message with signers: [ B0 B1 ]
1755025157: [PLUGIN][B4] [TRUST] Evaluating message based on last signer only.
1755025157: [PLUGIN][B4] [TRUST] Looking up direct trust from 'B1' to 'B4'
1755025157: [PLUGIN][B4] [TRUST] Found link from 'B1'. r=106, s=105. Direct trust is 0.502
1755025157: [PLUGIN][B4] [TRUST] ✅ Last signer 'B1' is trusted (0.502 >= 0.500). Accepting message.
1755025157: Sending PUBLISH to interactive-subscriberB4 (d0, q0, r0, m0, 'groundfloor/kitchen', ... (200 bytes))
1755025157: Sending PUBLISH to local.dhruvubuntu.b4_to_b6 (d0, q0, r0, m0, 'groundfloor/kitchen', ... (200 bytes))
1755025157: Received PUBLISH from interactive-subscriberB4 (d0, q0, r0, m0, 'internal/feedback', ... (51 bytes))
1755025157: [PLUGIN][B4] [TRUST] Feedback for link B2->B4. New counts: r=106, s=110. Link trust now 0.491
1755025157: Sending PUBLISH to local.dhruvubuntu.b4_to_b6 (d0, q0, r0, m0, 'internal/feedback/processed', ... (51 bytes))
1755025157: Received PUBLISH from interactive-subscriberB4 (d0, q0, r0, m0, 'internal/feedback', ... (51 bytes))
1755025157: [PLUGIN][B4] [TRUST] Feedback for link B1->B4. New counts: r=106, s=110. Link trust now 0.491
1755025157: Sending PUBLISH to local.dhruvubuntu.b4_to_b6 (d0, q0, r0, m0, 'internal/feedback/processed', ... (51 bytes))
1755025163: [PLUGIN][B4] [REFRESH] Periodic map refresh triggered.
1755025172: Received PUBLISH from dhruvubuntu.b2_to_b4 (d0, q0, r0, m0, 'groundfloor/kitchen', ... (195 bytes))
1755025172: [PLUGIN][B4] [TRUST] Evaluating message with signers: [ B0 B2 ]
1755025172: [PLUGIN][B4] [TRUST] Evaluating message based on last signer only.
1755025172: [PLUGIN][B4] [TRUST] Looking up direct trust from 'B2' to 'B4'
1755025172: [PLUGIN][B4] [TRUST] Found link from 'B2'. r=106, s=110. Direct trust is 0.491
1755025172: [PLUGIN][B4] [TRUST] ❌ Last signer 'B2' is not trusted (0.491 < 0.500).
1755025172: [PLUGIN][B4] [TRUST] ❌ Dropping message. Last signer check failed.
1755025172: Denied PUBLISH from dhruvubuntu.b2_to_b4 (d0, q0, r0, m0, 'groundfloor/kitchen', ... (195 bytes))
1755025172: Received PUBLISH from dhruvubuntu.b1_to_b4 (d0, q0, r0, m0, 'groundfloor/kitchen', ... (195 bytes))
1755025172: [PLUGIN][B4] [TRUST] Evaluating message with signers: [ B0 B1 ]
1755025172: [PLUGIN][B4] [TRUST] Evaluating message based on last signer only.
1755025172: [PLUGIN][B4] [TRUST] Looking up direct trust from 'B1' to 'B4'
1755025172: [PLUGIN][B4] [TRUST] Found link from 'B1'. r=106, s=110. Direct trust is 0.491
1755025172: [PLUGIN][B4] [TRUST] ❌ Last signer 'B1' is not trusted (0.491 < 0.500).
1755025172: [PLUGIN][B4] [TRUST] ❌ Dropping message. Last signer check failed.
1755025172: Denied PUBLISH from dhruvubuntu.b1_to_b4 (d0, q0, r0, m0, 'groundfloor/kitchen', ... (195 bytes))
1755025173: [PLUGIN][B4] [REFRESH] Periodic map refresh triggered.
1755025178: Received PINGREQ from dhruvubuntu.b2_to_b4
1755025178: Sending PINGRESP to dhruvubuntu.b2_to_b4
1755025180: Received PINGREQ from dhruvubuntu.b1_to_b4
1755025180: Sending PINGRESP to dhruvubuntu.b1_to_b4
1755025183: [PLUGIN][B4] [REFRESH] Periodic map refresh triggered.
1755025183: Sending PINGREQ to local.dhruvubuntu.b4_to_b6
1755025183: Received PINGRESP from local.dhruvubuntu.b4_to_b6
1755025193: [PLUGIN][B4] [REFRESH] Periodic map refresh triggered.
1755025203: [PLUGIN][B4] [REFRESH] Periodic map refresh triggered.
1755025213: [PLUGIN][B4] [REFRESH] Periodic map refresh triggered.
1755025217: Received PINGREQ from interactive-subscriberB4
1755025217: Sending PINGRESP to interactive-subscriberB4
1755025223: [PLUGIN][B4] [REFRESH] Periodic map refresh triggered.
1755025233: [PLUGIN][B4] [REFRESH] Periodic map refresh triggered.
1755025238: Received PINGREQ from dhruvubuntu.b2_to_b4
1755025238: Sending PINGRESP to dhruvubuntu.b2_to_b4
1755025240: Received PINGREQ from dhruvubuntu.b1_to_b4
1755025240: Sending PINGRESP to dhruvubuntu.b1_to_b4
1755025243: [PLUGIN][B4] [REFRESH] Periodic map refresh triggered.
1755025243: Sending PINGREQ to local.dhruvubuntu.b4_to_b6
1755025243: Received PINGRESP from local.dhruvubuntu.b4_to_b6
1755025253: [PLUGIN][B4] [REFRESH] Periodic map refresh triggered.
1755025263: [PLUGIN][B4] [REFRESH] Periodic map refresh triggered.
1755025273: [PLUGIN][B4] [REFRESH] Periodic map refresh triggered.
1755025277: Received PINGREQ from interactive-subscriberB4
1755025277: Sending PINGRESP to interactive-subscriberB4
1755025283: [PLUGIN][B4] [REFRESH] Periodic map refresh triggered.
1755025293: [PLUGIN][B4] [REFRESH] Periodic map refresh triggered.
1755025298: Received PINGREQ from dhruvubuntu.b2_to_b4
1755025298: Sending PINGRESP to dhruvubuntu.b2_to_b4
1755025300: Received PINGREQ from dhruvubuntu.b1_to_b4
1755025300: Sending PINGRESP to dhruvubuntu.b1_to_b4
1755025303: [PLUGIN][B4] [REFRESH] Periodic map refresh triggered.
1755025303: Sending PINGREQ to local.dhruvubuntu.b4_to_b6
1755025303: Received PINGRESP from local.dhruvubuntu.b4_to_b6
1755025313: [PLUGIN][B4] [REFRESH] Periodic map refresh triggered.
1755025323: [PLUGIN][B4] [REFRESH] Periodic map refresh triggered.
1755025333: [PLUGIN][B4] [REFRESH] Periodic map refresh triggered.
1755025337: Received PINGREQ from interactive-subscriberB4
1755025337: Sending PINGRESP to interactive-subscriberB4
1755025343: [PLUGIN][B4] [REFRESH] Periodic map refresh triggered.
1755025353: [PLUGIN][B4] [REFRESH] Periodic map refresh triggered.
1755025358: Received PINGREQ from dhruvubuntu.b2_to_b4
1755025358: Sending PINGRESP to dhruvubuntu.b2_to_b4
1755025360: Received PINGREQ from dhruvubuntu.b1_to_b4
1755025360: Sending PINGRESP to dhruvubuntu.b1_to_b4
1755025363: [PLUGIN][B4] [REFRESH] Periodic map refresh triggered.
1755025363: Sending PINGREQ to local.dhruvubuntu.b4_to_b6
1755025363: Received PINGRESP from local.dhruvubuntu.b4_to_b6
1755025373: [PLUGIN][B4] [REFRESH] Periodic map refresh triggered.
1755025383: [PLUGIN][B4] [REFRESH] Periodic map refresh triggered.
1755025393: [PLUGIN][B4] [REFRESH] Periodic map refresh triggered.
1755025396: Received PINGREQ from interactive-subscriberB4
1755025396: Sending PINGRESP to interactive-subscriberB4
1755025403: [PLUGIN][B4] [REFRESH] Periodic map refresh triggered.
1755025413: [PLUGIN][B4] [REFRESH] Periodic map refresh triggered.
1755025418: Received PINGREQ from dhruvubuntu.b2_to_b4
1755025418: Sending PINGRESP to dhruvubuntu.b2_to_b4
1755025420: Received PINGREQ from dhruvubuntu.b1_to_b4
1755025420: Sending PINGRESP to dhruvubuntu.b1_to_b4
1755025423: [PLUGIN][B4] [REFRESH] Periodic map refresh triggered.
1755025423: Sending PINGREQ to local.dhruvubuntu.b4_to_b6
1755025423: Received PINGRESP from local.dhruvubuntu.b4_to_b6
1755025433: [PLUGIN][B4] [REFRESH] Periodic map refresh triggered.
1755025443: [PLUGIN][B4] [REFRESH] Periodic map refresh triggered.
1755025453: [PLUGIN][B4] [REFRESH] Periodic map refresh triggered.
1755025456: Received PINGREQ from interactive-subscriberB4
1755025456: Sending PINGRESP to interactive-subscriberB4
1755025463: [PLUGIN][B4] [REFRESH] Periodic map refresh triggered.
1755025473: [PLUGIN][B4] [REFRESH] Periodic map refresh triggered.
1755025478: Received PINGREQ from dhruvubuntu.b2_to_b4
1755025478: Sending PINGRESP to dhruvubuntu.b2_to_b4
1755025480: Received PINGREQ from dhruvubuntu.b1_to_b4
1755025480: Sending PINGRESP to dhruvubuntu.b1_to_b4
1755025483: [PLUGIN][B4] [REFRESH] Periodic map refresh triggered.
1755025483: Sending PINGREQ to local.dhruvubuntu.b4_to_b6
1755025483: Received PINGRESP from local.dhruvubuntu.b4_to_b6
1755025493: [PLUGIN][B4] [REFRESH] Periodic map refresh triggered.
1755025503: [PLUGIN][B4] [REFRESH] Periodic map refresh triggered.
1755025513: [PLUGIN][B4] [REFRESH] Periodic map refresh triggered.
1755025516: Received PINGREQ from interactive-subscriberB4
1755025516: Sending PINGRESP to interactive-subscriberB4
1755025523: [PLUGIN][B4] [REFRESH] Periodic map refresh triggered.
1755025533: [PLUGIN][B4] [REFRESH] Periodic map refresh triggered.
1755025538: Received PINGREQ from dhruvubuntu.b2_to_b4
1755025538: Sending PINGRESP to dhruvubuntu.b2_to_b4
1755025540: Received PINGREQ from dhruvubuntu.b1_to_b4
1755025540: Sending PINGRESP to dhruvubuntu.b1_to_b4
1755025543: [PLUGIN][B4] [REFRESH] Periodic map refresh triggered.
1755025543: Sending PINGREQ to local.dhruvubuntu.b4_to_b6
1755025543: Received PINGRESP from local.dhruvubuntu.b4_to_b6
1755025553: [PLUGIN][B4] [REFRESH] Periodic map refresh triggered.
1755025563: [PLUGIN][B4] [REFRESH] Periodic map refresh triggered.
1755025573: [PLUGIN][B4] [REFRESH] Periodic map refresh triggered.
1755025576: Received PINGREQ from interactive-subscriberB4
1755025576: Sending PINGRESP to interactive-subscriberB4
1755025583: [PLUGIN][B4] [REFRESH] Periodic map refresh triggered.
1755025593: [PLUGIN][B4] [REFRESH] Periodic map refresh triggered.
1755025598: Received PINGREQ from dhruvubuntu.b2_to_b4
1755025598: Sending PINGRESP to dhruvubuntu.b2_to_b4
1755025600: Received PINGREQ from dhruvubuntu.b1_to_b4
1755025600: Sending PINGRESP to dhruvubuntu.b1_to_b4
1755025603: [PLUGIN][B4] [REFRESH] Periodic map refresh triggered.
1755025603: Sending PINGREQ to local.dhruvubuntu.b4_to_b6
1755025603: Received PINGRESP from local.dhruvubuntu.b4_to_b6
1755025613: [PLUGIN][B4] [REFRESH] Periodic map refresh triggered.
1755025623: [PLUGIN][B4] [REFRESH] Periodic map refresh triggered.
1755025633: [PLUGIN][B4] [REFRESH] Periodic map refresh triggered.
1755025636: Received PINGREQ from interactive-subscriberB4
1755025636: Sending PINGRESP to interactive-subscriberB4
1755025643: [PLUGIN][B4] [REFRESH] Periodic map refresh triggered.
1755025653: [PLUGIN][B4] [REFRESH] Periodic map refresh triggered.
1755025658: Received PINGREQ from dhruvubuntu.b2_to_b4
1755025658: Sending PINGRESP to dhruvubuntu.b2_to_b4
1755025660: Received PINGREQ from dhruvubuntu.b1_to_b4
1755025660: Sending PINGRESP to dhruvubuntu.b1_to_b4
1755025663: [PLUGIN][B4] [REFRESH] Periodic map refresh triggered.
1755025663: Sending PINGREQ to local.dhruvubuntu.b4_to_b6
1755025663: Received PINGRESP from local.dhruvubuntu.b4_to_b6
1755025673: [PLUGIN][B4] [REFRESH] Periodic map refresh triggered.
1755025683: [PLUGIN][B4] [REFRESH] Periodic map refresh triggered.
1755025693: [PLUGIN][B4] [REFRESH] Periodic map refresh triggered.
1755025697: Received PINGREQ from interactive-subscriberB4
1755025697: Sending PINGRESP to interactive-subscriberB4
1755025703: [PLUGIN][B4] [REFRESH] Periodic map refresh triggered.
1755025713: [PLUGIN][B4] [REFRESH] Periodic map refresh triggered.
1755025718: Received PINGREQ from dhruvubuntu.b2_to_b4
1755025718: Sending PINGRESP to dhruvubuntu.b2_to_b4
1755025720: Received PINGREQ from dhruvubuntu.b1_to_b4
1755025720: Sending PINGRESP to dhruvubuntu.b1_to_b4
1755025723: [PLUGIN][B4] [REFRESH] Periodic map refresh triggered.
1755025723: Sending PINGREQ to local.dhruvubuntu.b4_to_b6
1755025723: Received PINGRESP from local.dhruvubuntu.b4_to_b6
1755025733: [PLUGIN][B4] [REFRESH] Periodic map refresh triggered.
1755025743: [PLUGIN][B4] [REFRESH] Periodic map refresh triggered.
1755025753: [PLUGIN][B4] [REFRESH] Periodic map refresh triggered.
1755025757: Received PINGREQ from interactive-subscriberB4
1755025757: Sending PINGRESP to interactive-subscriberB4
1755025763: [PLUGIN][B4] [REFRESH] Periodic map refresh triggered.
1755025773: [PLUGIN][B4] [REFRESH] Periodic map refresh triggered.
1755025778: Received PINGREQ from dhruvubuntu.b2_to_b4
1755025778: Sending PINGRESP to dhruvubuntu.b2_to_b4
1755025780: Received PINGREQ from dhruvubuntu.b1_to_b4
1755025780: Sending PINGRESP to dhruvubuntu.b1_to_b4
1755025783: [PLUGIN][B4] [REFRESH] Periodic map refresh triggered.
1755025783: Sending PINGREQ to local.dhruvubuntu.b4_to_b6
1755025783: Received PINGRESP from local.dhruvubuntu.b4_to_b6
1755025793: [PLUGIN][B4] [REFRESH] Periodic map refresh triggered.
1755025803: [PLUGIN][B4] [REFRESH] Periodic map refresh triggered.
1755025813: [PLUGIN][B4] [REFRESH] Periodic map refresh triggered.
1755025817: Received PINGREQ from interactive-subscriberB4
1755025817: Sending PINGRESP to interactive-subscriberB4
1755025823: [PLUGIN][B4] [REFRESH] Periodic map refresh triggered.
1755025833: [PLUGIN][B4] [REFRESH] Periodic map refresh triggered.
1755025838: Received PINGREQ from dhruvubuntu.b2_to_b4
1755025838: Sending PINGRESP to dhruvubuntu.b2_to_b4
1755025840: Received PINGREQ from dhruvubuntu.b1_to_b4
1755025840: Sending PINGRESP to dhruvubuntu.b1_to_b4
1755025843: [PLUGIN][B4] [REFRESH] Periodic map refresh triggered.
1755025843: Sending PINGREQ to local.dhruvubuntu.b4_to_b6
1755025843: Received PINGRESP from local.dhruvubuntu.b4_to_b6
1755025853: [PLUGIN][B4] [REFRESH] Periodic map refresh triggered.
1755025863: [PLUGIN][B4] [REFRESH] Periodic map refresh triggered.
1755025873: [PLUGIN][B4] [REFRESH] Periodic map refresh triggered.
1755025877: Received PINGREQ from interactive-subscriberB4
1755025877: Sending PINGRESP to interactive-subscriberB4
1755025883: [PLUGIN][B4] [REFRESH] Periodic map refresh triggered.
1755025893: [PLUGIN][B4] [REFRESH] Periodic map refresh triggered.
1755025898: Received PINGREQ from dhruvubuntu.b2_to_b4
1755025898: Sending PINGRESP to dhruvubuntu.b2_to_b4
1755025900: Received PINGREQ from dhruvubuntu.b1_to_b4
1755025900: Sending PINGRESP to dhruvubuntu.b1_to_b4
1755025903: [PLUGIN][B4] [REFRESH] Periodic map refresh triggered.
1755025903: Sending PINGREQ to local.dhruvubuntu.b4_to_b6
1755025903: Received PINGRESP from local.dhruvubuntu.b4_to_b6
1755025913: [PLUGIN][B4] [REFRESH] Periodic map refresh triggered.
1755025923: [PLUGIN][B4] [REFRESH] Periodic map refresh triggered.
1755025933: [PLUGIN][B4] [REFRESH] Periodic map refresh triggered.
1755025937: Received PINGREQ from interactive-subscriberB4
1755025937: Sending PINGRESP to interactive-subscriberB4
1755025943: [PLUGIN][B4] [REFRESH] Periodic map refresh triggered.
1755025953: [PLUGIN][B4] [REFRESH] Periodic map refresh triggered.
1755025958: Received PINGREQ from dhruvubuntu.b2_to_b4
1755025958: Sending PINGRESP to dhruvubuntu.b2_to_b4
1755025960: Received PINGREQ from dhruvubuntu.b1_to_b4
1755025960: Sending PINGRESP to dhruvubuntu.b1_to_b4
1755025963: [PLUGIN][B4] [REFRESH] Periodic map refresh triggered.
1755025963: Sending PINGREQ to local.dhruvubuntu.b4_to_b6
1755025963: Received PINGRESP from local.dhruvubuntu.b4_to_b6
1755025973: [PLUGIN][B4] [REFRESH] Periodic map refresh triggered.
1755025983: [PLUGIN][B4] [REFRESH] Periodic map refresh triggered.
1755025993: [PLUGIN][B4] [REFRESH] Periodic map refresh triggered.
1755025997: Received PINGREQ from interactive-subscriberB4
1755025997: Sending PINGRESP to interactive-subscriberB4
1755026003: [PLUGIN][B4] [REFRESH] Periodic map refresh triggered.
1755026013: [PLUGIN][B4] [REFRESH] Periodic map refresh triggered.
1755026018: Received PINGREQ from dhruvubuntu.b2_to_b4
1755026018: Sending PINGRESP to dhruvubuntu.b2_to_b4
1755026020: Received PINGREQ from dhruvubuntu.b1_to_b4
1755026020: Sending PINGRESP to dhruvubuntu.b1_to_b4
1755026023: [PLUGIN][B4] [REFRESH] Periodic map refresh triggered.
1755026023: Sending PINGREQ to local.dhruvubuntu.b4_to_b6
1755026023: Received PINGRESP from local.dhruvubuntu.b4_to_b6
1755026033: [PLUGIN][B4] [REFRESH] Periodic map refresh triggered.
1755026043: [PLUGIN][B4] [REFRESH] Periodic map refresh triggered.
1755026053: [PLUGIN][B4] [REFRESH] Periodic map refresh triggered.
1755026057: Received PINGREQ from interactive-subscriberB4
1755026057: Sending PINGRESP to interactive-subscriberB4
1755026063: [PLUGIN][B4] [REFRESH] Periodic map refresh triggered.
1755026073: [PLUGIN][B4] [REFRESH] Periodic map refresh triggered.
1755026078: Received PINGREQ from dhruvubuntu.b2_to_b4
1755026078: Sending PINGRESP to dhruvubuntu.b2_to_b4
1755026080: Received PINGREQ from dhruvubuntu.b1_to_b4
1755026080: Sending PINGRESP to dhruvubuntu.b1_to_b4
1755026083: [PLUGIN][B4] [REFRESH] Periodic map refresh triggered.
1755026083: Sending PINGREQ to local.dhruvubuntu.b4_to_b6
1755026083: Received PINGRESP from local.dhruvubuntu.b4_to_b6
1755026093: [PLUGIN][B4] [REFRESH] Periodic map refresh triggered.
1755026103: [PLUGIN][B4] [REFRESH] Periodic map refresh triggered.
1755026113: [PLUGIN][B4] [REFRESH] Periodic map refresh triggered.
1755026117: Received PINGREQ from interactive-subscriberB4
1755026117: Sending PINGRESP to interactive-subscriberB4
1755026123: [PLUGIN][B4] [REFRESH] Periodic map refresh triggered.
1755026133: [PLUGIN][B4] [REFRESH] Periodic map refresh triggered.
1755026138: Received PINGREQ from dhruvubuntu.b2_to_b4
1755026138: Sending PINGRESP to dhruvubuntu.b2_to_b4
1755026140: Received PINGREQ from dhruvubuntu.b1_to_b4
1755026140: Sending PINGRESP to dhruvubuntu.b1_to_b4
1755026143: [PLUGIN][B4] [REFRESH] Periodic map refresh triggered.
1755026143: Sending PINGREQ to local.dhruvubuntu.b4_to_b6
1755026143: Received PINGRESP from local.dhruvubuntu.b4_to_b6
1755026153: [PLUGIN][B4] [REFRESH] Periodic map refresh triggered.
1755026163: [PLUGIN][B4] [REFRESH] Periodic map refresh triggered.
1755026167: Client dhruvubuntu.b1_to_b4 closed its connection.
1755026167: mosquitto version 2.0.21 terminating
1755026167: [PLUGIN][B4] --- Trust-based plugin shutting down ---
4 closed its connection.
1755026167: mosquitto version 2.0.21 terminating
1755026167: [PLUGIN][B4] --- Trust-based plugin shutting down ---
