1755023612: Warning: File /home/dhruv/winshare/Neighbour_Signer_Model/mosquitto/logs/broker7.log has world readable permissions. Future versions will refuse to load this file.
To fix this, use `chmod 0700 /home/dhruv/winshare/Neighbour_Signer_Model/mosquitto/logs/broker7.log`.
1755023612: Warning: File /home/dhruv/winshare/Neighbour_Signer_Model/mosquitto/logs/broker7.log owner is not dhruv. Future versions will refuse to load this file.To fix this, use `chown dhruv /home/dhruv/winshare/Neighbour_Signer_Model/mosquitto/logs/broker7.log`.
1755023612: Warning: File /home/dhruv/winshare/Neighbour_Signer_Model/mosquitto/logs/broker7.log group is not dhruv. Future versions will refuse to load this file.
1755023612: mosquitto version 2.0.21 starting
1755023612: Config loaded from /home/dhruv/winshare/Neighbour_Signer_Model/mosquitto/brokers/broker7.conf.
1755023612: Loading plugin: /home/dhruv/winshare/Neighbour_Signer_Model/mosquitto/plugins/payload-modification/mosquitto_payload_modification.so
1755023612: [PLUGIN][B7] --- Trust-based plugin initializing (V4.1 - Standalone Mode w/Logs) ---
1755023612: [PLUGIN][B7] [INIT] ✅ Plugin initialization complete.
1755023612: Opening ipv4 listen socket on port 1890.
1755023612: Opening ipv6 listen socket on port 1890.
1755023612: mosquitto version 2.0.21 running
1755023613: New connection from 127.0.0.1:46308 on port 1890.
1755023613: [PLUGIN][B7] [REFRESH] Periodic map refresh triggered.
1755023613: New bridge connected from 127.0.0.1:46308 as dhruvubuntu.b6_to_b7 (p2, c0, k60).
1755023613: Will message specified (1 bytes) (r1, q1).
1755023613: 	$SYS/broker/connection/dhruvubuntu.b6_to_b7/state
1755023613: Sending CONNACK to dhruvubuntu.b6_to_b7 (0, 0)
1755023613: Received PUBLISH from dhruvubuntu.b6_to_b7 (d0, q1, r1, m1, '$SYS/broker/connection/dhruvubuntu.b6_to_b7/state', ... (1 bytes))
1755023613: Sending PUBACK to dhruvubuntu.b6_to_b7 (m1, rc0)
1755023613: Received UNSUBSCRIBE from dhruvubuntu.b6_to_b7
1755023613: 	#
1755023613: dhruvubuntu.b6_to_b7 #
1755023613: Sending UNSUBACK to dhruvubuntu.b6_to_b7
1755023621: Received PUBLISH from dhruvubuntu.b6_to_b7 (d0, q0, r0, m0, 'groundfloor/kitchen', ... (205 bytes))
1755023621: [PLUGIN][B7] [TRUST] Evaluating message with signers: [ B0 B2 B5 B6 ]
1755023621: [PLUGIN][B7] [TRUST] Evaluating message based on last signer only.
1755023621: [PLUGIN][B7] [TRUST] Looking up direct trust from 'B6' to 'B7'
1755023621: [PLUGIN][B7] [TRUST] No node entry found for source 'B6'. Returning default trust.
1755023621: [PLUGIN][B7] [TRUST] ✅ Last signer 'B6' is trusted (0.500 >= 0.500). Accepting message.
1755023623: [PLUGIN][B7] [REFRESH] Periodic map refresh triggered.
1755023632: Received PUBLISH from dhruvubuntu.b6_to_b7 (d0, q0, r0, m0, 'groundfloor/kitchen', ... (205 bytes))
1755023632: [PLUGIN][B7] [TRUST] Evaluating message with signers: [ B0 B2 B5 B6 ]
1755023632: [PLUGIN][B7] [TRUST] Evaluating message based on last signer only.
1755023632: [PLUGIN][B7] [TRUST] Looking up direct trust from 'B6' to 'B7'
1755023632: [PLUGIN][B7] [TRUST] Found link from 'B6'. r=0, s=0. Direct trust is 0.500
1755023632: [PLUGIN][B7] [TRUST] ✅ Last signer 'B6' is trusted (0.500 >= 0.500). Accepting message.
1755023632: Received PUBLISH from dhruvubuntu.b6_to_b7 (d0, q0, r0, m0, 'groundfloor/kitchen', ... (205 bytes))
1755023632: [PLUGIN][B7] [TRUST] Evaluating message with signers: [ B0 B2 B4 B6 ]
1755023632: [PLUGIN][B7] [TRUST] Evaluating message based on last signer only.
1755023632: [PLUGIN][B7] [TRUST] Looking up direct trust from 'B6' to 'B7'
1755023632: [PLUGIN][B7] [TRUST] Found link from 'B6'. r=0, s=0. Direct trust is 0.500
1755023632: [PLUGIN][B7] [TRUST] ✅ Last signer 'B6' is trusted (0.500 >= 0.500). Accepting message.
1755023632: Received PUBLISH from dhruvubuntu.b6_to_b7 (d0, q0, r0, m0, 'groundfloor/kitchen', ... (205 bytes))
1755023632: [PLUGIN][B7] [TRUST] Evaluating message with signers: [ B0 B1 B4 B6 ]
1755023632: [PLUGIN][B7] [TRUST] Evaluating message based on last signer only.
1755023632: [PLUGIN][B7] [TRUST] Looking up direct trust from 'B6' to 'B7'
1755023632: [PLUGIN][B7] [TRUST] Found link from 'B6'. r=0, s=0. Direct trust is 0.500
1755023632: [PLUGIN][B7] [TRUST] ✅ Last signer 'B6' is trusted (0.500 >= 0.500). Accepting message.
1755023633: [PLUGIN][B7] [REFRESH] Periodic map refresh triggered.
1755023643: [PLUGIN][B7] [REFRESH] Periodic map refresh triggered.
1755023643: Received PUBLISH from dhruvubuntu.b6_to_b7 (d0, q0, r0, m0, 'groundfloor/kitchen', ... (205 bytes))
1755023643: [PLUGIN][B7] [TRUST] Evaluating message with signers: [ B0 B2 B5 B6 ]
1755023643: [PLUGIN][B7] [TRUST] Evaluating message based on last signer only.
1755023643: [PLUGIN][B7] [TRUST] Looking up direct trust from 'B6' to 'B7'
1755023643: [PLUGIN][B7] [TRUST] Found link from 'B6'. r=0, s=0. Direct trust is 0.500
1755023643: [PLUGIN][B7] [TRUST] ✅ Last signer 'B6' is trusted (0.500 >= 0.500). Accepting message.
1755023643: Received PUBLISH from dhruvubuntu.b6_to_b7 (d0, q0, r0, m0, 'groundfloor/kitchen', ... (205 bytes))
1755023643: [PLUGIN][B7] [TRUST] Evaluating message with signers: [ B0 B2 B4 B6 ]
1755023643: [PLUGIN][B7] [TRUST] Evaluating message based on last signer only.
1755023643: [PLUGIN][B7] [TRUST] Looking up direct trust from 'B6' to 'B7'
1755023643: [PLUGIN][B7] [TRUST] Found link from 'B6'. r=0, s=0. Direct trust is 0.500
1755023643: [PLUGIN][B7] [TRUST] ✅ Last signer 'B6' is trusted (0.500 >= 0.500). Accepting message.
1755023643: Received PUBLISH from dhruvubuntu.b6_to_b7 (d0, q0, r0, m0, 'groundfloor/kitchen', ... (205 bytes))
1755023643: [PLUGIN][B7] [TRUST] Evaluating message with signers: [ B0 B1 B4 B6 ]
1755023643: [PLUGIN][B7] [TRUST] Evaluating message based on last signer only.
1755023643: [PLUGIN][B7] [TRUST] Looking up direct trust from 'B6' to 'B7'
1755023643: [PLUGIN][B7] [TRUST] Found link from 'B6'. r=0, s=0. Direct trust is 0.500
1755023643: [PLUGIN][B7] [TRUST] ✅ Last signer 'B6' is trusted (0.500 >= 0.500). Accepting message.
1755023653: [PLUGIN][B7] [REFRESH] Periodic map refresh triggered.
1755023654: Received PUBLISH from dhruvubuntu.b6_to_b7 (d0, q0, r0, m0, 'groundfloor/kitchen', ... (205 bytes))
1755023654: [PLUGIN][B7] [TRUST] Evaluating message with signers: [ B0 B2 B5 B6 ]
1755023654: [PLUGIN][B7] [TRUST] Evaluating message based on last signer only.
1755023654: [PLUGIN][B7] [TRUST] Looking up direct trust from 'B6' to 'B7'
1755023654: [PLUGIN][B7] [TRUST] Found link from 'B6'. r=0, s=0. Direct trust is 0.500
1755023654: [PLUGIN][B7] [TRUST] ✅ Last signer 'B6' is trusted (0.500 >= 0.500). Accepting message.
1755023654: Received PUBLISH from dhruvubuntu.b6_to_b7 (d0, q0, r0, m0, 'groundfloor/kitchen', ... (205 bytes))
1755023654: [PLUGIN][B7] [TRUST] Evaluating message with signers: [ B0 B2 B4 B6 ]
1755023654: [PLUGIN][B7] [TRUST] Evaluating message based on last signer only.
1755023654: [PLUGIN][B7] [TRUST] Looking up direct trust from 'B6' to 'B7'
1755023654: [PLUGIN][B7] [TRUST] Found link from 'B6'. r=0, s=0. Direct trust is 0.500
1755023654: [PLUGIN][B7] [TRUST] ✅ Last signer 'B6' is trusted (0.500 >= 0.500). Accepting message.
1755023654: Received PUBLISH from dhruvubuntu.b6_to_b7 (d0, q0, r0, m0, 'groundfloor/kitchen', ... (205 bytes))
1755023654: [PLUGIN][B7] [TRUST] Evaluating message with signers: [ B0 B1 B4 B6 ]
1755023654: [PLUGIN][B7] [TRUST] Evaluating message based on last signer only.
1755023654: [PLUGIN][B7] [TRUST] Looking up direct trust from 'B6' to 'B7'
1755023654: [PLUGIN][B7] [TRUST] Found link from 'B6'. r=0, s=0. Direct trust is 0.500
1755023654: [PLUGIN][B7] [TRUST] ✅ Last signer 'B6' is trusted (0.500 >= 0.500). Accepting message.
1755023663: [PLUGIN][B7] [REFRESH] Periodic map refresh triggered.
1755023665: Received PUBLISH from dhruvubuntu.b6_to_b7 (d0, q0, r0, m0, 'groundfloor/kitchen', ... (205 bytes))
1755023665: [PLUGIN][B7] [TRUST] Evaluating message with signers: [ B0 B2 B4 B6 ]
1755023665: [PLUGIN][B7] [TRUST] Evaluating message based on last signer only.
1755023665: [PLUGIN][B7] [TRUST] Looking up direct trust from 'B6' to 'B7'
1755023665: [PLUGIN][B7] [TRUST] Found link from 'B6'. r=0, s=0. Direct trust is 0.500
1755023665: [PLUGIN][B7] [TRUST] ✅ Last signer 'B6' is trusted (0.500 >= 0.500). Accepting message.
1755023665: Received PUBLISH from dhruvubuntu.b6_to_b7 (d0, q0, r0, m0, 'groundfloor/kitchen', ... (205 bytes))
1755023665: [PLUGIN][B7] [TRUST] Evaluating message with signers: [ B0 B2 B5 B6 ]
1755023665: [PLUGIN][B7] [TRUST] Evaluating message based on last signer only.
1755023665: [PLUGIN][B7] [TRUST] Looking up direct trust from 'B6' to 'B7'
1755023665: [PLUGIN][B7] [TRUST] Found link from 'B6'. r=0, s=0. Direct trust is 0.500
1755023665: [PLUGIN][B7] [TRUST] ✅ Last signer 'B6' is trusted (0.500 >= 0.500). Accepting message.
1755023665: Received PUBLISH from dhruvubuntu.b6_to_b7 (d0, q0, r0, m0, 'groundfloor/kitchen', ... (205 bytes))
1755023665: [PLUGIN][B7] [TRUST] Evaluating message with signers: [ B0 B1 B4 B6 ]
1755023665: [PLUGIN][B7] [TRUST] Evaluating message based on last signer only.
1755023665: [PLUGIN][B7] [TRUST] Looking up direct trust from 'B6' to 'B7'
1755023665: [PLUGIN][B7] [TRUST] Found link from 'B6'. r=0, s=0. Direct trust is 0.500
1755023665: [PLUGIN][B7] [TRUST] ✅ Last signer 'B6' is trusted (0.500 >= 0.500). Accepting message.
1755023673: [PLUGIN][B7] [REFRESH] Periodic map refresh triggered.
1755023673: Received PINGREQ from dhruvubuntu.b6_to_b7
1755023673: Sending PINGRESP to dhruvubuntu.b6_to_b7
1755023676: Received PUBLISH from dhruvubuntu.b6_to_b7 (d0, q0, r0, m0, 'groundfloor/kitchen', ... (205 bytes))
1755023676: [PLUGIN][B7] [TRUST] Evaluating message with signers: [ B0 B2 B4 B6 ]
1755023676: [PLUGIN][B7] [TRUST] Evaluating message based on last signer only.
1755023676: [PLUGIN][B7] [TRUST] Looking up direct trust from 'B6' to 'B7'
1755023676: [PLUGIN][B7] [TRUST] Found link from 'B6'. r=0, s=0. Direct trust is 0.500
1755023676: [PLUGIN][B7] [TRUST] ✅ Last signer 'B6' is trusted (0.500 >= 0.500). Accepting message.
1755023676: Received PUBLISH from dhruvubuntu.b6_to_b7 (d0, q0, r0, m0, 'groundfloor/kitchen', ... (205 bytes))
1755023676: [PLUGIN][B7] [TRUST] Evaluating message with signers: [ B0 B1 B4 B6 ]
1755023676: [PLUGIN][B7] [TRUST] Evaluating message based on last signer only.
1755023676: [PLUGIN][B7] [TRUST] Looking up direct trust from 'B6' to 'B7'
1755023676: [PLUGIN][B7] [TRUST] Found link from 'B6'. r=0, s=0. Direct trust is 0.500
1755023676: [PLUGIN][B7] [TRUST] ✅ Last signer 'B6' is trusted (0.500 >= 0.500). Accepting message.
1755023676: Received PUBLISH from dhruvubuntu.b6_to_b7 (d0, q0, r0, m0, 'groundfloor/kitchen', ... (205 bytes))
1755023676: [PLUGIN][B7] [TRUST] Evaluating message with signers: [ B0 B2 B5 B6 ]
1755023676: [PLUGIN][B7] [TRUST] Evaluating message based on last signer only.
1755023676: [PLUGIN][B7] [TRUST] Looking up direct trust from 'B6' to 'B7'
1755023676: [PLUGIN][B7] [TRUST] Found link from 'B6'. r=0, s=0. Direct trust is 0.500
1755023676: [PLUGIN][B7] [TRUST] ✅ Last signer 'B6' is trusted (0.500 >= 0.500). Accepting message.
1755023683: [PLUGIN][B7] [REFRESH] Periodic map refresh triggered.
1755023687: Received PUBLISH from dhruvubuntu.b6_to_b7 (d0, q0, r0, m0, 'groundfloor/kitchen', ... (205 bytes))
1755023687: [PLUGIN][B7] [TRUST] Evaluating message with signers: [ B0 B2 B4 B6 ]
1755023687: [PLUGIN][B7] [TRUST] Evaluating message based on last signer only.
1755023687: [PLUGIN][B7] [TRUST] Looking up direct trust from 'B6' to 'B7'
1755023687: [PLUGIN][B7] [TRUST] Found link from 'B6'. r=0, s=0. Direct trust is 0.500
1755023687: [PLUGIN][B7] [TRUST] ✅ Last signer 'B6' is trusted (0.500 >= 0.500). Accepting message.
1755023687: Received PUBLISH from dhruvubuntu.b6_to_b7 (d0, q0, r0, m0, 'groundfloor/kitchen', ... (205 bytes))
1755023687: [PLUGIN][B7] [TRUST] Evaluating message with signers: [ B0 B2 B5 B6 ]
1755023687: [PLUGIN][B7] [TRUST] Evaluating message based on last signer only.
1755023687: [PLUGIN][B7] [TRUST] Looking up direct trust from 'B6' to 'B7'
1755023687: [PLUGIN][B7] [TRUST] Found link from 'B6'. r=0, s=0. Direct trust is 0.500
1755023687: [PLUGIN][B7] [TRUST] ✅ Last signer 'B6' is trusted (0.500 >= 0.500). Accepting message.
1755023687: Received PUBLISH from dhruvubuntu.b6_to_b7 (d0, q0, r0, m0, 'groundfloor/kitchen', ... (205 bytes))
1755023687: [PLUGIN][B7] [TRUST] Evaluating message with signers: [ B0 B1 B4 B6 ]
1755023687: [PLUGIN][B7] [TRUST] Evaluating message based on last signer only.
1755023687: [PLUGIN][B7] [TRUST] Looking up direct trust from 'B6' to 'B7'
1755023687: [PLUGIN][B7] [TRUST] Found link from 'B6'. r=0, s=0. Direct trust is 0.500
1755023687: [PLUGIN][B7] [TRUST] ✅ Last signer 'B6' is trusted (0.500 >= 0.500). Accepting message.
1755023693: [PLUGIN][B7] [REFRESH] Periodic map refresh triggered.
1755023698: Received PUBLISH from dhruvubuntu.b6_to_b7 (d0, q0, r0, m0, 'groundfloor/kitchen', ... (205 bytes))
1755023698: [PLUGIN][B7] [TRUST] Evaluating message with signers: [ B0 B2 B5 B6 ]
1755023698: [PLUGIN][B7] [TRUST] Evaluating message based on last signer only.
1755023698: [PLUGIN][B7] [TRUST] Looking up direct trust from 'B6' to 'B7'
1755023698: [PLUGIN][B7] [TRUST] Found link from 'B6'. r=0, s=0. Direct trust is 0.500
1755023698: [PLUGIN][B7] [TRUST] ✅ Last signer 'B6' is trusted (0.500 >= 0.500). Accepting message.
1755023698: Received PUBLISH from dhruvubuntu.b6_to_b7 (d0, q0, r0, m0, 'groundfloor/kitchen', ... (205 bytes))
1755023698: [PLUGIN][B7] [TRUST] Evaluating message with signers: [ B0 B1 B4 B6 ]
1755023698: [PLUGIN][B7] [TRUST] Evaluating message based on last signer only.
1755023698: [PLUGIN][B7] [TRUST] Looking up direct trust from 'B6' to 'B7'
1755023698: [PLUGIN][B7] [TRUST] Found link from 'B6'. r=0, s=0. Direct trust is 0.500
1755023698: [PLUGIN][B7] [TRUST] ✅ Last signer 'B6' is trusted (0.500 >= 0.500). Accepting message.
1755023698: Received PUBLISH from dhruvubuntu.b6_to_b7 (d0, q0, r0, m0, 'groundfloor/kitchen', ... (205 bytes))
1755023698: [PLUGIN][B7] [TRUST] Evaluating message with signers: [ B0 B2 B4 B6 ]
1755023698: [PLUGIN][B7] [TRUST] Evaluating message based on last signer only.
1755023698: [PLUGIN][B7] [TRUST] Looking up direct trust from 'B6' to 'B7'
1755023698: [PLUGIN][B7] [TRUST] Found link from 'B6'. r=0, s=0. Direct trust is 0.500
1755023698: [PLUGIN][B7] [TRUST] ✅ Last signer 'B6' is trusted (0.500 >= 0.500). Accepting message.
1755023703: [PLUGIN][B7] [REFRESH] Periodic map refresh triggered.
1755023709: Received PUBLISH from dhruvubuntu.b6_to_b7 (d0, q0, r0, m0, 'groundfloor/kitchen', ... (205 bytes))
1755023709: [PLUGIN][B7] [TRUST] Evaluating message with signers: [ B0 B2 B5 B6 ]
1755023709: [PLUGIN][B7] [TRUST] Evaluating message based on last signer only.
1755023709: [PLUGIN][B7] [TRUST] Looking up direct trust from 'B6' to 'B7'
1755023709: [PLUGIN][B7] [TRUST] Found link from 'B6'. r=0, s=0. Direct trust is 0.500
1755023709: [PLUGIN][B7] [TRUST] ✅ Last signer 'B6' is trusted (0.500 >= 0.500). Accepting message.
1755023709: Received PUBLISH from dhruvubuntu.b6_to_b7 (d0, q0, r0, m0, 'groundfloor/kitchen', ... (205 bytes))
1755023709: [PLUGIN][B7] [TRUST] Evaluating message with signers: [ B0 B2 B4 B6 ]
1755023709: [PLUGIN][B7] [TRUST] Evaluating message based on last signer only.
1755023709: [PLUGIN][B7] [TRUST] Looking up direct trust from 'B6' to 'B7'
1755023709: [PLUGIN][B7] [TRUST] Found link from 'B6'. r=0, s=0. Direct trust is 0.500
1755023709: [PLUGIN][B7] [TRUST] ✅ Last signer 'B6' is trusted (0.500 >= 0.500). Accepting message.
1755023709: Received PUBLISH from dhruvubuntu.b6_to_b7 (d0, q0, r0, m0, 'groundfloor/kitchen', ... (205 bytes))
1755023709: [PLUGIN][B7] [TRUST] Evaluating message with signers: [ B0 B1 B4 B6 ]
1755023709: [PLUGIN][B7] [TRUST] Evaluating message based on last signer only.
1755023709: [PLUGIN][B7] [TRUST] Looking up direct trust from 'B6' to 'B7'
1755023709: [PLUGIN][B7] [TRUST] Found link from 'B6'. r=0, s=0. Direct trust is 0.500
1755023709: [PLUGIN][B7] [TRUST] ✅ Last signer 'B6' is trusted (0.500 >= 0.500). Accepting message.
1755023713: [PLUGIN][B7] [REFRESH] Periodic map refresh triggered.
1755023720: Received PUBLISH from dhruvubuntu.b6_to_b7 (d0, q0, r0, m0, 'groundfloor/kitchen', ... (205 bytes))
1755023720: [PLUGIN][B7] [TRUST] Evaluating message with signers: [ B0 B2 B5 B6 ]
1755023720: [PLUGIN][B7] [TRUST] Evaluating message based on last signer only.
1755023720: [PLUGIN][B7] [TRUST] Looking up direct trust from 'B6' to 'B7'
1755023720: [PLUGIN][B7] [TRUST] Found link from 'B6'. r=0, s=0. Direct trust is 0.500
1755023720: [PLUGIN][B7] [TRUST] ✅ Last signer 'B6' is trusted (0.500 >= 0.500). Accepting message.
1755023720: Received PUBLISH from dhruvubuntu.b6_to_b7 (d0, q0, r0, m0, 'groundfloor/kitchen', ... (205 bytes))
1755023720: [PLUGIN][B7] [TRUST] Evaluating message with signers: [ B0 B2 B4 B6 ]
1755023720: [PLUGIN][B7] [TRUST] Evaluating message based on last signer only.
1755023720: [PLUGIN][B7] [TRUST] Looking up direct trust from 'B6' to 'B7'
1755023720: [PLUGIN][B7] [TRUST] Found link from 'B6'. r=0, s=0. Direct trust is 0.500
1755023720: [PLUGIN][B7] [TRUST] ✅ Last signer 'B6' is trusted (0.500 >= 0.500). Accepting message.
1755023720: Received PUBLISH from dhruvubuntu.b6_to_b7 (d0, q0, r0, m0, 'groundfloor/kitchen', ... (205 bytes))
1755023720: [PLUGIN][B7] [TRUST] Evaluating message with signers: [ B0 B1 B4 B6 ]
1755023720: [PLUGIN][B7] [TRUST] Evaluating message based on last signer only.
1755023720: [PLUGIN][B7] [TRUST] Looking up direct trust from 'B6' to 'B7'
1755023720: [PLUGIN][B7] [TRUST] Found link from 'B6'. r=0, s=0. Direct trust is 0.500
1755023720: [PLUGIN][B7] [TRUST] ✅ Last signer 'B6' is trusted (0.500 >= 0.500). Accepting message.
1755023723: [PLUGIN][B7] [REFRESH] Periodic map refresh triggered.
1755023731: Received PUBLISH from dhruvubuntu.b6_to_b7 (d0, q0, r0, m0, 'groundfloor/kitchen', ... (205 bytes))
1755023731: [PLUGIN][B7] [TRUST] Evaluating message with signers: [ B0 B2 B5 B6 ]
1755023731: [PLUGIN][B7] [TRUST] Evaluating message based on last signer only.
1755023731: [PLUGIN][B7] [TRUST] Looking up direct trust from 'B6' to 'B7'
1755023731: [PLUGIN][B7] [TRUST] Found link from 'B6'. r=0, s=0. Direct trust is 0.500
1755023731: [PLUGIN][B7] [TRUST] ✅ Last signer 'B6' is trusted (0.500 >= 0.500). Accepting message.
1755023731: Received PUBLISH from dhruvubuntu.b6_to_b7 (d0, q0, r0, m0, 'groundfloor/kitchen', ... (205 bytes))
1755023731: [PLUGIN][B7] [TRUST] Evaluating message with signers: [ B0 B2 B4 B6 ]
1755023731: [PLUGIN][B7] [TRUST] Evaluating message based on last signer only.
1755023731: [PLUGIN][B7] [TRUST] Looking up direct trust from 'B6' to 'B7'
1755023731: [PLUGIN][B7] [TRUST] Found link from 'B6'. r=0, s=0. Direct trust is 0.500
1755023731: [PLUGIN][B7] [TRUST] ✅ Last signer 'B6' is trusted (0.500 >= 0.500). Accepting message.
1755023731: Received PUBLISH from dhruvubuntu.b6_to_b7 (d0, q0, r0, m0, 'groundfloor/kitchen', ... (205 bytes))
1755023731: [PLUGIN][B7] [TRUST] Evaluating message with signers: [ B0 B1 B4 B6 ]
1755023731: [PLUGIN][B7] [TRUST] Evaluating message based on last signer only.
1755023731: [PLUGIN][B7] [TRUST] Looking up direct trust from 'B6' to 'B7'
1755023731: [PLUGIN][B7] [TRUST] Found link from 'B6'. r=0, s=0. Direct trust is 0.500
1755023731: [PLUGIN][B7] [TRUST] ✅ Last signer 'B6' is trusted (0.500 >= 0.500). Accepting message.
1755023733: [PLUGIN][B7] [REFRESH] Periodic map refresh triggered.
1755023733: Received PINGREQ from dhruvubuntu.b6_to_b7
1755023733: Sending PINGRESP to dhruvubuntu.b6_to_b7
1755023742: Received PUBLISH from dhruvubuntu.b6_to_b7 (d0, q0, r0, m0, 'groundfloor/kitchen', ... (205 bytes))
1755023742: [PLUGIN][B7] [TRUST] Evaluating message with signers: [ B0 B2 B5 B6 ]
1755023742: [PLUGIN][B7] [TRUST] Evaluating message based on last signer only.
1755023742: [PLUGIN][B7] [TRUST] Looking up direct trust from 'B6' to 'B7'
1755023742: [PLUGIN][B7] [TRUST] Found link from 'B6'. r=0, s=0. Direct trust is 0.500
1755023742: [PLUGIN][B7] [TRUST] ✅ Last signer 'B6' is trusted (0.500 >= 0.500). Accepting message.
1755023742: Received PUBLISH from dhruvubuntu.b6_to_b7 (d0, q0, r0, m0, 'groundfloor/kitchen', ... (205 bytes))
1755023742: [PLUGIN][B7] [TRUST] Evaluating message with signers: [ B0 B2 B4 B6 ]
1755023742: [PLUGIN][B7] [TRUST] Evaluating message based on last signer only.
1755023742: [PLUGIN][B7] [TRUST] Looking up direct trust from 'B6' to 'B7'
1755023742: [PLUGIN][B7] [TRUST] Found link from 'B6'. r=0, s=0. Direct trust is 0.500
1755023742: [PLUGIN][B7] [TRUST] ✅ Last signer 'B6' is trusted (0.500 >= 0.500). Accepting message.
1755023742: Received PUBLISH from dhruvubuntu.b6_to_b7 (d0, q0, r0, m0, 'groundfloor/kitchen', ... (205 bytes))
1755023742: [PLUGIN][B7] [TRUST] Evaluating message with signers: [ B0 B1 B4 B6 ]
1755023742: [PLUGIN][B7] [TRUST] Evaluating message based on last signer only.
1755023742: [PLUGIN][B7] [TRUST] Looking up direct trust from 'B6' to 'B7'
1755023742: [PLUGIN][B7] [TRUST] Found link from 'B6'. r=0, s=0. Direct trust is 0.500
1755023742: [PLUGIN][B7] [TRUST] ✅ Last signer 'B6' is trusted (0.500 >= 0.500). Accepting message.
1755023743: [PLUGIN][B7] [REFRESH] Periodic map refresh triggered.
1755023753: [PLUGIN][B7] [REFRESH] Periodic map refresh triggered.
1755023753: Received PUBLISH from dhruvubuntu.b6_to_b7 (d0, q0, r0, m0, 'groundfloor/kitchen', ... (205 bytes))
1755023753: [PLUGIN][B7] [TRUST] Evaluating message with signers: [ B0 B1 B4 B6 ]
1755023753: [PLUGIN][B7] [TRUST] Evaluating message based on last signer only.
1755023753: [PLUGIN][B7] [TRUST] Looking up direct trust from 'B6' to 'B7'
1755023753: [PLUGIN][B7] [TRUST] Found link from 'B6'. r=0, s=0. Direct trust is 0.500
1755023753: [PLUGIN][B7] [TRUST] ✅ Last signer 'B6' is trusted (0.500 >= 0.500). Accepting message.
1755023753: Received PUBLISH from dhruvubuntu.b6_to_b7 (d0, q0, r0, m0, 'groundfloor/kitchen', ... (205 bytes))
1755023753: [PLUGIN][B7] [TRUST] Evaluating message with signers: [ B0 B2 B5 B6 ]
1755023753: [PLUGIN][B7] [TRUST] Evaluating message based on last signer only.
1755023753: [PLUGIN][B7] [TRUST] Looking up direct trust from 'B6' to 'B7'
1755023753: [PLUGIN][B7] [TRUST] Found link from 'B6'. r=0, s=0. Direct trust is 0.500
1755023753: [PLUGIN][B7] [TRUST] ✅ Last signer 'B6' is trusted (0.500 >= 0.500). Accepting message.
1755023753: Received PUBLISH from dhruvubuntu.b6_to_b7 (d0, q0, r0, m0, 'groundfloor/kitchen', ... (205 bytes))
1755023753: [PLUGIN][B7] [TRUST] Evaluating message with signers: [ B0 B2 B4 B6 ]
1755023753: [PLUGIN][B7] [TRUST] Evaluating message based on last signer only.
1755023753: [PLUGIN][B7] [TRUST] Looking up direct trust from 'B6' to 'B7'
1755023753: [PLUGIN][B7] [TRUST] Found link from 'B6'. r=0, s=0. Direct trust is 0.500
1755023753: [PLUGIN][B7] [TRUST] ✅ Last signer 'B6' is trusted (0.500 >= 0.500). Accepting message.
1755023763: [PLUGIN][B7] [REFRESH] Periodic map refresh triggered.
1755023764: Received PUBLISH from dhruvubuntu.b6_to_b7 (d0, q0, r0, m0, 'groundfloor/kitchen', ... (205 bytes))
1755023764: [PLUGIN][B7] [TRUST] Evaluating message with signers: [ B0 B2 B5 B6 ]
1755023764: [PLUGIN][B7] [TRUST] Evaluating message based on last signer only.
1755023764: [PLUGIN][B7] [TRUST] Looking up direct trust from 'B6' to 'B7'
1755023764: [PLUGIN][B7] [TRUST] Found link from 'B6'. r=0, s=0. Direct trust is 0.500
1755023764: [PLUGIN][B7] [TRUST] ✅ Last signer 'B6' is trusted (0.500 >= 0.500). Accepting message.
1755023764: Received PUBLISH from dhruvubuntu.b6_to_b7 (d0, q0, r0, m0, 'groundfloor/kitchen', ... (205 bytes))
1755023764: [PLUGIN][B7] [TRUST] Evaluating message with signers: [ B0 B2 B4 B6 ]
1755023764: [PLUGIN][B7] [TRUST] Evaluating message based on last signer only.
1755023764: [PLUGIN][B7] [TRUST] Looking up direct trust from 'B6' to 'B7'
1755023764: [PLUGIN][B7] [TRUST] Found link from 'B6'. r=0, s=0. Direct trust is 0.500
1755023764: [PLUGIN][B7] [TRUST] ✅ Last signer 'B6' is trusted (0.500 >= 0.500). Accepting message.
1755023764: Received PUBLISH from dhruvubuntu.b6_to_b7 (d0, q0, r0, m0, 'groundfloor/kitchen', ... (205 bytes))
1755023764: [PLUGIN][B7] [TRUST] Evaluating message with signers: [ B0 B1 B4 B6 ]
1755023764: [PLUGIN][B7] [TRUST] Evaluating message based on last signer only.
1755023764: [PLUGIN][B7] [TRUST] Looking up direct trust from 'B6' to 'B7'
1755023764: [PLUGIN][B7] [TRUST] Found link from 'B6'. r=0, s=0. Direct trust is 0.500
1755023764: [PLUGIN][B7] [TRUST] ✅ Last signer 'B6' is trusted (0.500 >= 0.500). Accepting message.
1755023773: [PLUGIN][B7] [REFRESH] Periodic map refresh triggered.
1755023775: Received PUBLISH from dhruvubuntu.b6_to_b7 (d0, q0, r0, m0, 'groundfloor/kitchen', ... (205 bytes))
1755023775: [PLUGIN][B7] [TRUST] Evaluating message with signers: [ B0 B2 B4 B6 ]
1755023775: [PLUGIN][B7] [TRUST] Evaluating message based on last signer only.
1755023775: [PLUGIN][B7] [TRUST] Looking up direct trust from 'B6' to 'B7'
1755023775: [PLUGIN][B7] [TRUST] Found link from 'B6'. r=0, s=0. Direct trust is 0.500
1755023775: [PLUGIN][B7] [TRUST] ✅ Last signer 'B6' is trusted (0.500 >= 0.500). Accepting message.
1755023775: Received PUBLISH from dhruvubuntu.b6_to_b7 (d0, q0, r0, m0, 'groundfloor/kitchen', ... (205 bytes))
1755023775: [PLUGIN][B7] [TRUST] Evaluating message with signers: [ B0 B2 B5 B6 ]
1755023775: [PLUGIN][B7] [TRUST] Evaluating message based on last signer only.
1755023775: [PLUGIN][B7] [TRUST] Looking up direct trust from 'B6' to 'B7'
1755023775: [PLUGIN][B7] [TRUST] Found link from 'B6'. r=0, s=0. Direct trust is 0.500
1755023775: [PLUGIN][B7] [TRUST] ✅ Last signer 'B6' is trusted (0.500 >= 0.500). Accepting message.
1755023775: Received PUBLISH from dhruvubuntu.b6_to_b7 (d0, q0, r0, m0, 'groundfloor/kitchen', ... (205 bytes))
1755023775: [PLUGIN][B7] [TRUST] Evaluating message with signers: [ B0 B1 B4 B6 ]
1755023775: [PLUGIN][B7] [TRUST] Evaluating message based on last signer only.
1755023775: [PLUGIN][B7] [TRUST] Looking up direct trust from 'B6' to 'B7'
1755023775: [PLUGIN][B7] [TRUST] Found link from 'B6'. r=0, s=0. Direct trust is 0.500
1755023775: [PLUGIN][B7] [TRUST] ✅ Last signer 'B6' is trusted (0.500 >= 0.500). Accepting message.
1755023783: [PLUGIN][B7] [REFRESH] Periodic map refresh triggered.
1755023786: Received PUBLISH from dhruvubuntu.b6_to_b7 (d0, q0, r0, m0, 'groundfloor/kitchen', ... (205 bytes))
1755023786: [PLUGIN][B7] [TRUST] Evaluating message with signers: [ B0 B2 B5 B6 ]
1755023786: [PLUGIN][B7] [TRUST] Evaluating message based on last signer only.
1755023786: [PLUGIN][B7] [TRUST] Looking up direct trust from 'B6' to 'B7'
1755023786: [PLUGIN][B7] [TRUST] Found link from 'B6'. r=0, s=0. Direct trust is 0.500
1755023786: [PLUGIN][B7] [TRUST] ✅ Last signer 'B6' is trusted (0.500 >= 0.500). Accepting message.
1755023786: Received PUBLISH from dhruvubuntu.b6_to_b7 (d0, q0, r0, m0, 'groundfloor/kitchen', ... (205 bytes))
1755023786: [PLUGIN][B7] [TRUST] Evaluating message with signers: [ B0 B2 B4 B6 ]
1755023786: [PLUGIN][B7] [TRUST] Evaluating message based on last signer only.
1755023786: [PLUGIN][B7] [TRUST] Looking up direct trust from 'B6' to 'B7'
1755023786: [PLUGIN][B7] [TRUST] Found link from 'B6'. r=0, s=0. Direct trust is 0.500
1755023786: [PLUGIN][B7] [TRUST] ✅ Last signer 'B6' is trusted (0.500 >= 0.500). Accepting message.
1755023786: Received PUBLISH from dhruvubuntu.b6_to_b7 (d0, q0, r0, m0, 'groundfloor/kitchen', ... (205 bytes))
1755023786: [PLUGIN][B7] [TRUST] Evaluating message with signers: [ B0 B1 B4 B6 ]
1755023786: [PLUGIN][B7] [TRUST] Evaluating message based on last signer only.
1755023786: [PLUGIN][B7] [TRUST] Looking up direct trust from 'B6' to 'B7'
1755023786: [PLUGIN][B7] [TRUST] Found link from 'B6'. r=0, s=0. Direct trust is 0.500
1755023786: [PLUGIN][B7] [TRUST] ✅ Last signer 'B6' is trusted (0.500 >= 0.500). Accepting message.
1755023793: [PLUGIN][B7] [REFRESH] Periodic map refresh triggered.
1755023793: Received PINGREQ from dhruvubuntu.b6_to_b7
1755023793: Sending PINGRESP to dhruvubuntu.b6_to_b7
1755023798: Received PUBLISH from dhruvubuntu.b6_to_b7 (d0, q0, r0, m0, 'groundfloor/kitchen', ... (205 bytes))
1755023798: [PLUGIN][B7] [TRUST] Evaluating message with signers: [ B0 B2 B4 B6 ]
1755023798: [PLUGIN][B7] [TRUST] Evaluating message based on last signer only.
1755023798: [PLUGIN][B7] [TRUST] Looking up direct trust from 'B6' to 'B7'
1755023798: [PLUGIN][B7] [TRUST] Found link from 'B6'. r=0, s=0. Direct trust is 0.500
1755023798: [PLUGIN][B7] [TRUST] ✅ Last signer 'B6' is trusted (0.500 >= 0.500). Accepting message.
1755023798: Received PUBLISH from dhruvubuntu.b6_to_b7 (d0, q0, r0, m0, 'groundfloor/kitchen', ... (205 bytes))
1755023798: [PLUGIN][B7] [TRUST] Evaluating message with signers: [ B0 B2 B5 B6 ]
1755023798: [PLUGIN][B7] [TRUST] Evaluating message based on last signer only.
1755023798: [PLUGIN][B7] [TRUST] Looking up direct trust from 'B6' to 'B7'
1755023798: [PLUGIN][B7] [TRUST] Found link from 'B6'. r=0, s=0. Direct trust is 0.500
1755023798: [PLUGIN][B7] [TRUST] ✅ Last signer 'B6' is trusted (0.500 >= 0.500). Accepting message.
1755023798: Received PUBLISH from dhruvubuntu.b6_to_b7 (d0, q0, r0, m0, 'groundfloor/kitchen', ... (205 bytes))
1755023798: [PLUGIN][B7] [TRUST] Evaluating message with signers: [ B0 B1 B4 B6 ]
1755023798: [PLUGIN][B7] [TRUST] Evaluating message based on last signer only.
1755023798: [PLUGIN][B7] [TRUST] Looking up direct trust from 'B6' to 'B7'
1755023798: [PLUGIN][B7] [TRUST] Found link from 'B6'. r=0, s=0. Direct trust is 0.500
1755023798: [PLUGIN][B7] [TRUST] ✅ Last signer 'B6' is trusted (0.500 >= 0.500). Accepting message.
1755023803: [PLUGIN][B7] [REFRESH] Periodic map refresh triggered.
1755023809: Received PUBLISH from dhruvubuntu.b6_to_b7 (d0, q0, r0, m0, 'groundfloor/kitchen', ... (205 bytes))
1755023809: [PLUGIN][B7] [TRUST] Evaluating message with signers: [ B0 B2 B5 B6 ]
1755023809: [PLUGIN][B7] [TRUST] Evaluating message based on last signer only.
1755023809: [PLUGIN][B7] [TRUST] Looking up direct trust from 'B6' to 'B7'
1755023809: [PLUGIN][B7] [TRUST] Found link from 'B6'. r=0, s=0. Direct trust is 0.500
1755023809: [PLUGIN][B7] [TRUST] ✅ Last signer 'B6' is trusted (0.500 >= 0.500). Accepting message.
1755023809: Received PUBLISH from dhruvubuntu.b6_to_b7 (d0, q0, r0, m0, 'groundfloor/kitchen', ... (205 bytes))
1755023809: [PLUGIN][B7] [TRUST] Evaluating message with signers: [ B0 B2 B4 B6 ]
1755023809: [PLUGIN][B7] [TRUST] Evaluating message based on last signer only.
1755023809: [PLUGIN][B7] [TRUST] Looking up direct trust from 'B6' to 'B7'
1755023809: [PLUGIN][B7] [TRUST] Found link from 'B6'. r=0, s=0. Direct trust is 0.500
1755023809: [PLUGIN][B7] [TRUST] ✅ Last signer 'B6' is trusted (0.500 >= 0.500). Accepting message.
1755023809: Received PUBLISH from dhruvubuntu.b6_to_b7 (d0, q0, r0, m0, 'groundfloor/kitchen', ... (205 bytes))
1755023809: [PLUGIN][B7] [TRUST] Evaluating message with signers: [ B0 B1 B4 B6 ]
1755023809: [PLUGIN][B7] [TRUST] Evaluating message based on last signer only.
1755023809: [PLUGIN][B7] [TRUST] Looking up direct trust from 'B6' to 'B7'
1755023809: [PLUGIN][B7] [TRUST] Found link from 'B6'. r=0, s=0. Direct trust is 0.500
1755023809: [PLUGIN][B7] [TRUST] ✅ Last signer 'B6' is trusted (0.500 >= 0.500). Accepting message.
1755023813: [PLUGIN][B7] [REFRESH] Periodic map refresh triggered.
1755023820: Received PUBLISH from dhruvubuntu.b6_to_b7 (d0, q0, r0, m0, 'groundfloor/kitchen', ... (205 bytes))
1755023820: [PLUGIN][B7] [TRUST] Evaluating message with signers: [ B0 B2 B4 B6 ]
1755023820: [PLUGIN][B7] [TRUST] Evaluating message based on last signer only.
1755023820: [PLUGIN][B7] [TRUST] Looking up direct trust from 'B6' to 'B7'
1755023820: [PLUGIN][B7] [TRUST] Found link from 'B6'. r=0, s=0. Direct trust is 0.500
1755023820: [PLUGIN][B7] [TRUST] ✅ Last signer 'B6' is trusted (0.500 >= 0.500). Accepting message.
1755023820: Received PUBLISH from dhruvubuntu.b6_to_b7 (d0, q0, r0, m0, 'groundfloor/kitchen', ... (205 bytes))
1755023820: [PLUGIN][B7] [TRUST] Evaluating message with signers: [ B0 B2 B5 B6 ]
1755023820: [PLUGIN][B7] [TRUST] Evaluating message based on last signer only.
1755023820: [PLUGIN][B7] [TRUST] Looking up direct trust from 'B6' to 'B7'
1755023820: [PLUGIN][B7] [TRUST] Found link from 'B6'. r=0, s=0. Direct trust is 0.500
1755023820: [PLUGIN][B7] [TRUST] ✅ Last signer 'B6' is trusted (0.500 >= 0.500). Accepting message.
1755023820: Received PUBLISH from dhruvubuntu.b6_to_b7 (d0, q0, r0, m0, 'groundfloor/kitchen', ... (205 bytes))
1755023820: [PLUGIN][B7] [TRUST] Evaluating message with signers: [ B0 B1 B4 B6 ]
1755023820: [PLUGIN][B7] [TRUST] Evaluating message based on last signer only.
1755023820: [PLUGIN][B7] [TRUST] Looking up direct trust from 'B6' to 'B7'
1755023820: [PLUGIN][B7] [TRUST] Found link from 'B6'. r=0, s=0. Direct trust is 0.500
1755023820: [PLUGIN][B7] [TRUST] ✅ Last signer 'B6' is trusted (0.500 >= 0.500). Accepting message.
1755023823: [PLUGIN][B7] [REFRESH] Periodic map refresh triggered.
1755023831: Received PUBLISH from dhruvubuntu.b6_to_b7 (d0, q0, r0, m0, 'groundfloor/kitchen', ... (205 bytes))
1755023831: [PLUGIN][B7] [TRUST] Evaluating message with signers: [ B0 B2 B5 B6 ]
1755023831: [PLUGIN][B7] [TRUST] Evaluating message based on last signer only.
1755023831: [PLUGIN][B7] [TRUST] Looking up direct trust from 'B6' to 'B7'
1755023831: [PLUGIN][B7] [TRUST] Found link from 'B6'. r=0, s=0. Direct trust is 0.500
1755023831: [PLUGIN][B7] [TRUST] ✅ Last signer 'B6' is trusted (0.500 >= 0.500). Accepting message.
1755023831: Received PUBLISH from dhruvubuntu.b6_to_b7 (d0, q0, r0, m0, 'groundfloor/kitchen', ... (205 bytes))
1755023831: [PLUGIN][B7] [TRUST] Evaluating message with signers: [ B0 B2 B4 B6 ]
1755023831: [PLUGIN][B7] [TRUST] Evaluating message based on last signer only.
1755023831: [PLUGIN][B7] [TRUST] Looking up direct trust from 'B6' to 'B7'
1755023831: [PLUGIN][B7] [TRUST] Found link from 'B6'. r=0, s=0. Direct trust is 0.500
1755023831: [PLUGIN][B7] [TRUST] ✅ Last signer 'B6' is trusted (0.500 >= 0.500). Accepting message.
1755023831: Received PUBLISH from dhruvubuntu.b6_to_b7 (d0, q0, r0, m0, 'groundfloor/kitchen', ... (205 bytes))
1755023831: [PLUGIN][B7] [TRUST] Evaluating message with signers: [ B0 B1 B4 B6 ]
1755023831: [PLUGIN][B7] [TRUST] Evaluating message based on last signer only.
1755023831: [PLUGIN][B7] [TRUST] Looking up direct trust from 'B6' to 'B7'
1755023831: [PLUGIN][B7] [TRUST] Found link from 'B6'. r=0, s=0. Direct trust is 0.500
1755023831: [PLUGIN][B7] [TRUST] ✅ Last signer 'B6' is trusted (0.500 >= 0.500). Accepting message.
1755023833: [PLUGIN][B7] [REFRESH] Periodic map refresh triggered.
1755023842: Received PUBLISH from dhruvubuntu.b6_to_b7 (d0, q0, r0, m0, 'groundfloor/kitchen', ... (205 bytes))
1755023842: [PLUGIN][B7] [TRUST] Evaluating message with signers: [ B0 B2 B5 B6 ]
1755023842: [PLUGIN][B7] [TRUST] Evaluating message based on last signer only.
1755023842: [PLUGIN][B7] [TRUST] Looking up direct trust from 'B6' to 'B7'
1755023842: [PLUGIN][B7] [TRUST] Found link from 'B6'. r=0, s=0. Direct trust is 0.500
1755023842: [PLUGIN][B7] [TRUST] ✅ Last signer 'B6' is trusted (0.500 >= 0.500). Accepting message.
1755023842: Received PUBLISH from dhruvubuntu.b6_to_b7 (d0, q0, r0, m0, 'groundfloor/kitchen', ... (205 bytes))
1755023842: [PLUGIN][B7] [TRUST] Evaluating message with signers: [ B0 B2 B4 B6 ]
1755023842: [PLUGIN][B7] [TRUST] Evaluating message based on last signer only.
1755023842: [PLUGIN][B7] [TRUST] Looking up direct trust from 'B6' to 'B7'
1755023842: [PLUGIN][B7] [TRUST] Found link from 'B6'. r=0, s=0. Direct trust is 0.500
1755023842: [PLUGIN][B7] [TRUST] ✅ Last signer 'B6' is trusted (0.500 >= 0.500). Accepting message.
1755023842: Received PUBLISH from dhruvubuntu.b6_to_b7 (d0, q0, r0, m0, 'groundfloor/kitchen', ... (205 bytes))
1755023842: [PLUGIN][B7] [TRUST] Evaluating message with signers: [ B0 B1 B4 B6 ]
1755023842: [PLUGIN][B7] [TRUST] Evaluating message based on last signer only.
1755023842: [PLUGIN][B7] [TRUST] Looking up direct trust from 'B6' to 'B7'
1755023842: [PLUGIN][B7] [TRUST] Found link from 'B6'. r=0, s=0. Direct trust is 0.500
1755023842: [PLUGIN][B7] [TRUST] ✅ Last signer 'B6' is trusted (0.500 >= 0.500). Accepting message.
1755023843: [PLUGIN][B7] [REFRESH] Periodic map refresh triggered.
1755023853: Received PINGREQ from dhruvubuntu.b6_to_b7
1755023853: Sending PINGRESP to dhruvubuntu.b6_to_b7
1755023853: [PLUGIN][B7] [REFRESH] Periodic map refresh triggered.
1755023853: Received PUBLISH from dhruvubuntu.b6_to_b7 (d0, q0, r0, m0, 'groundfloor/kitchen', ... (205 bytes))
1755023853: [PLUGIN][B7] [TRUST] Evaluating message with signers: [ B0 B2 B5 B6 ]
1755023853: [PLUGIN][B7] [TRUST] Evaluating message based on last signer only.
1755023853: [PLUGIN][B7] [TRUST] Looking up direct trust from 'B6' to 'B7'
1755023853: [PLUGIN][B7] [TRUST] Found link from 'B6'. r=0, s=0. Direct trust is 0.500
1755023853: [PLUGIN][B7] [TRUST] ✅ Last signer 'B6' is trusted (0.500 >= 0.500). Accepting message.
1755023853: Received PUBLISH from dhruvubuntu.b6_to_b7 (d0, q0, r0, m0, 'groundfloor/kitchen', ... (205 bytes))
1755023853: [PLUGIN][B7] [TRUST] Evaluating message with signers: [ B0 B1 B4 B6 ]
1755023853: [PLUGIN][B7] [TRUST] Evaluating message based on last signer only.
1755023853: [PLUGIN][B7] [TRUST] Looking up direct trust from 'B6' to 'B7'
1755023853: [PLUGIN][B7] [TRUST] Found link from 'B6'. r=0, s=0. Direct trust is 0.500
1755023853: [PLUGIN][B7] [TRUST] ✅ Last signer 'B6' is trusted (0.500 >= 0.500). Accepting message.
1755023853: Received PUBLISH from dhruvubuntu.b6_to_b7 (d0, q0, r0, m0, 'groundfloor/kitchen', ... (205 bytes))
1755023853: [PLUGIN][B7] [TRUST] Evaluating message with signers: [ B0 B2 B4 B6 ]
1755023853: [PLUGIN][B7] [TRUST] Evaluating message based on last signer only.
1755023853: [PLUGIN][B7] [TRUST] Looking up direct trust from 'B6' to 'B7'
1755023853: [PLUGIN][B7] [TRUST] Found link from 'B6'. r=0, s=0. Direct trust is 0.500
1755023853: [PLUGIN][B7] [TRUST] ✅ Last signer 'B6' is trusted (0.500 >= 0.500). Accepting message.
1755023863: [PLUGIN][B7] [REFRESH] Periodic map refresh triggered.
1755023864: Received PUBLISH from dhruvubuntu.b6_to_b7 (d0, q0, r0, m0, 'groundfloor/kitchen', ... (205 bytes))
1755023864: [PLUGIN][B7] [TRUST] Evaluating message with signers: [ B0 B2 B5 B6 ]
1755023864: [PLUGIN][B7] [TRUST] Evaluating message based on last signer only.
1755023864: [PLUGIN][B7] [TRUST] Looking up direct trust from 'B6' to 'B7'
1755023864: [PLUGIN][B7] [TRUST] Found link from 'B6'. r=0, s=0. Direct trust is 0.500
1755023864: [PLUGIN][B7] [TRUST] ✅ Last signer 'B6' is trusted (0.500 >= 0.500). Accepting message.
1755023864: Received PUBLISH from dhruvubuntu.b6_to_b7 (d0, q0, r0, m0, 'groundfloor/kitchen', ... (205 bytes))
1755023864: [PLUGIN][B7] [TRUST] Evaluating message with signers: [ B0 B1 B4 B6 ]
1755023864: [PLUGIN][B7] [TRUST] Evaluating message based on last signer only.
1755023864: [PLUGIN][B7] [TRUST] Looking up direct trust from 'B6' to 'B7'
1755023864: [PLUGIN][B7] [TRUST] Found link from 'B6'. r=0, s=0. Direct trust is 0.500
1755023864: [PLUGIN][B7] [TRUST] ✅ Last signer 'B6' is trusted (0.500 >= 0.500). Accepting message.
1755023864: Received PUBLISH from dhruvubuntu.b6_to_b7 (d0, q0, r0, m0, 'groundfloor/kitchen', ... (205 bytes))
1755023864: [PLUGIN][B7] [TRUST] Evaluating message with signers: [ B0 B2 B4 B6 ]
1755023864: [PLUGIN][B7] [TRUST] Evaluating message based on last signer only.
1755023864: [PLUGIN][B7] [TRUST] Looking up direct trust from 'B6' to 'B7'
1755023864: [PLUGIN][B7] [TRUST] Found link from 'B6'. r=0, s=0. Direct trust is 0.500
1755023864: [PLUGIN][B7] [TRUST] ✅ Last signer 'B6' is trusted (0.500 >= 0.500). Accepting message.
1755023873: [PLUGIN][B7] [REFRESH] Periodic map refresh triggered.
1755023875: Received PUBLISH from dhruvubuntu.b6_to_b7 (d0, q0, r0, m0, 'groundfloor/kitchen', ... (205 bytes))
1755023875: [PLUGIN][B7] [TRUST] Evaluating message with signers: [ B0 B2 B4 B6 ]
1755023875: [PLUGIN][B7] [TRUST] Evaluating message based on last signer only.
1755023875: [PLUGIN][B7] [TRUST] Looking up direct trust from 'B6' to 'B7'
1755023875: [PLUGIN][B7] [TRUST] Found link from 'B6'. r=0, s=0. Direct trust is 0.500
1755023875: [PLUGIN][B7] [TRUST] ✅ Last signer 'B6' is trusted (0.500 >= 0.500). Accepting message.
1755023875: Received PUBLISH from dhruvubuntu.b6_to_b7 (d0, q0, r0, m0, 'groundfloor/kitchen', ... (205 bytes))
1755023875: [PLUGIN][B7] [TRUST] Evaluating message with signers: [ B0 B1 B4 B6 ]
1755023875: [PLUGIN][B7] [TRUST] Evaluating message based on last signer only.
1755023875: [PLUGIN][B7] [TRUST] Looking up direct trust from 'B6' to 'B7'
1755023875: [PLUGIN][B7] [TRUST] Found link from 'B6'. r=0, s=0. Direct trust is 0.500
1755023875: [PLUGIN][B7] [TRUST] ✅ Last signer 'B6' is trusted (0.500 >= 0.500). Accepting message.
1755023875: Received PUBLISH from dhruvubuntu.b6_to_b7 (d0, q0, r0, m0, 'groundfloor/kitchen', ... (205 bytes))
1755023875: [PLUGIN][B7] [TRUST] Evaluating message with signers: [ B0 B2 B5 B6 ]
1755023875: [PLUGIN][B7] [TRUST] Evaluating message based on last signer only.
1755023875: [PLUGIN][B7] [TRUST] Looking up direct trust from 'B6' to 'B7'
1755023875: [PLUGIN][B7] [TRUST] Found link from 'B6'. r=0, s=0. Direct trust is 0.500
1755023875: [PLUGIN][B7] [TRUST] ✅ Last signer 'B6' is trusted (0.500 >= 0.500). Accepting message.
1755023883: [PLUGIN][B7] [REFRESH] Periodic map refresh triggered.
1755023886: Received PUBLISH from dhruvubuntu.b6_to_b7 (d0, q0, r0, m0, 'groundfloor/kitchen', ... (205 bytes))
1755023886: [PLUGIN][B7] [TRUST] Evaluating message with signers: [ B0 B2 B5 B6 ]
1755023886: [PLUGIN][B7] [TRUST] Evaluating message based on last signer only.
1755023886: [PLUGIN][B7] [TRUST] Looking up direct trust from 'B6' to 'B7'
1755023886: [PLUGIN][B7] [TRUST] Found link from 'B6'. r=0, s=0. Direct trust is 0.500
1755023886: [PLUGIN][B7] [TRUST] ✅ Last signer 'B6' is trusted (0.500 >= 0.500). Accepting message.
1755023886: Received PUBLISH from dhruvubuntu.b6_to_b7 (d0, q0, r0, m0, 'groundfloor/kitchen', ... (205 bytes))
1755023886: [PLUGIN][B7] [TRUST] Evaluating message with signers: [ B0 B1 B4 B6 ]
1755023886: [PLUGIN][B7] [TRUST] Evaluating message based on last signer only.
1755023886: [PLUGIN][B7] [TRUST] Looking up direct trust from 'B6' to 'B7'
1755023886: [PLUGIN][B7] [TRUST] Found link from 'B6'. r=0, s=0. Direct trust is 0.500
1755023886: [PLUGIN][B7] [TRUST] ✅ Last signer 'B6' is trusted (0.500 >= 0.500). Accepting message.
1755023886: Received PUBLISH from dhruvubuntu.b6_to_b7 (d0, q0, r0, m0, 'groundfloor/kitchen', ... (205 bytes))
1755023886: [PLUGIN][B7] [TRUST] Evaluating message with signers: [ B0 B2 B4 B6 ]
1755023886: [PLUGIN][B7] [TRUST] Evaluating message based on last signer only.
1755023886: [PLUGIN][B7] [TRUST] Looking up direct trust from 'B6' to 'B7'
1755023886: [PLUGIN][B7] [TRUST] Found link from 'B6'. r=0, s=0. Direct trust is 0.500
1755023886: [PLUGIN][B7] [TRUST] ✅ Last signer 'B6' is trusted (0.500 >= 0.500). Accepting message.
1755023893: [PLUGIN][B7] [REFRESH] Periodic map refresh triggered.
1755023897: Received PUBLISH from dhruvubuntu.b6_to_b7 (d0, q0, r0, m0, 'groundfloor/kitchen', ... (205 bytes))
1755023897: [PLUGIN][B7] [TRUST] Evaluating message with signers: [ B0 B1 B4 B6 ]
1755023897: [PLUGIN][B7] [TRUST] Evaluating message based on last signer only.
1755023897: [PLUGIN][B7] [TRUST] Looking up direct trust from 'B6' to 'B7'
1755023897: [PLUGIN][B7] [TRUST] Found link from 'B6'. r=0, s=0. Direct trust is 0.500
1755023897: [PLUGIN][B7] [TRUST] ✅ Last signer 'B6' is trusted (0.500 >= 0.500). Accepting message.
1755023897: Received PUBLISH from dhruvubuntu.b6_to_b7 (d0, q0, r0, m0, 'groundfloor/kitchen', ... (205 bytes))
1755023897: [PLUGIN][B7] [TRUST] Evaluating message with signers: [ B0 B2 B5 B6 ]
1755023897: [PLUGIN][B7] [TRUST] Evaluating message based on last signer only.
1755023897: [PLUGIN][B7] [TRUST] Looking up direct trust from 'B6' to 'B7'
1755023897: [PLUGIN][B7] [TRUST] Found link from 'B6'. r=0, s=0. Direct trust is 0.500
1755023897: [PLUGIN][B7] [TRUST] ✅ Last signer 'B6' is trusted (0.500 >= 0.500). Accepting message.
1755023897: Received PUBLISH from dhruvubuntu.b6_to_b7 (d0, q0, r0, m0, 'groundfloor/kitchen', ... (205 bytes))
1755023897: [PLUGIN][B7] [TRUST] Evaluating message with signers: [ B0 B2 B4 B6 ]
1755023897: [PLUGIN][B7] [TRUST] Evaluating message based on last signer only.
1755023897: [PLUGIN][B7] [TRUST] Looking up direct trust from 'B6' to 'B7'
1755023897: [PLUGIN][B7] [TRUST] Found link from 'B6'. r=0, s=0. Direct trust is 0.500
1755023897: [PLUGIN][B7] [TRUST] ✅ Last signer 'B6' is trusted (0.500 >= 0.500). Accepting message.
1755023903: [PLUGIN][B7] [REFRESH] Periodic map refresh triggered.
1755023908: Received PUBLISH from dhruvubuntu.b6_to_b7 (d0, q0, r0, m0, 'groundfloor/kitchen', ... (205 bytes))
1755023908: [PLUGIN][B7] [TRUST] Evaluating message with signers: [ B0 B2 B5 B6 ]
1755023908: [PLUGIN][B7] [TRUST] Evaluating message based on last signer only.
1755023908: [PLUGIN][B7] [TRUST] Looking up direct trust from 'B6' to 'B7'
1755023908: [PLUGIN][B7] [TRUST] Found link from 'B6'. r=0, s=0. Direct trust is 0.500
1755023908: [PLUGIN][B7] [TRUST] ✅ Last signer 'B6' is trusted (0.500 >= 0.500). Accepting message.
1755023908: Received PUBLISH from dhruvubuntu.b6_to_b7 (d0, q0, r0, m0, 'groundfloor/kitchen', ... (205 bytes))
1755023908: [PLUGIN][B7] [TRUST] Evaluating message with signers: [ B0 B2 B4 B6 ]
1755023908: [PLUGIN][B7] [TRUST] Evaluating message based on last signer only.
1755023908: [PLUGIN][B7] [TRUST] Looking up direct trust from 'B6' to 'B7'
1755023908: [PLUGIN][B7] [TRUST] Found link from 'B6'. r=0, s=0. Direct trust is 0.500
1755023908: [PLUGIN][B7] [TRUST] ✅ Last signer 'B6' is trusted (0.500 >= 0.500). Accepting message.
1755023908: Received PUBLISH from dhruvubuntu.b6_to_b7 (d0, q0, r0, m0, 'groundfloor/kitchen', ... (205 bytes))
1755023908: [PLUGIN][B7] [TRUST] Evaluating message with signers: [ B0 B1 B4 B6 ]
1755023908: [PLUGIN][B7] [TRUST] Evaluating message based on last signer only.
1755023908: [PLUGIN][B7] [TRUST] Looking up direct trust from 'B6' to 'B7'
1755023908: [PLUGIN][B7] [TRUST] Found link from 'B6'. r=0, s=0. Direct trust is 0.500
1755023908: [PLUGIN][B7] [TRUST] ✅ Last signer 'B6' is trusted (0.500 >= 0.500). Accepting message.
1755023913: [PLUGIN][B7] [REFRESH] Periodic map refresh triggered.
1755023913: Received PINGREQ from dhruvubuntu.b6_to_b7
1755023913: Sending PINGRESP to dhruvubuntu.b6_to_b7
1755023919: Received PUBLISH from dhruvubuntu.b6_to_b7 (d0, q0, r0, m0, 'groundfloor/kitchen', ... (205 bytes))
1755023919: [PLUGIN][B7] [TRUST] Evaluating message with signers: [ B0 B1 B4 B6 ]
1755023919: [PLUGIN][B7] [TRUST] Evaluating message based on last signer only.
1755023919: [PLUGIN][B7] [TRUST] Looking up direct trust from 'B6' to 'B7'
1755023919: [PLUGIN][B7] [TRUST] Found link from 'B6'. r=0, s=0. Direct trust is 0.500
1755023919: [PLUGIN][B7] [TRUST] ✅ Last signer 'B6' is trusted (0.500 >= 0.500). Accepting message.
1755023919: Received PUBLISH from dhruvubuntu.b6_to_b7 (d0, q0, r0, m0, 'groundfloor/kitchen', ... (205 bytes))
1755023919: [PLUGIN][B7] [TRUST] Evaluating message with signers: [ B0 B2 B5 B6 ]
1755023919: [PLUGIN][B7] [TRUST] Evaluating message based on last signer only.
1755023919: [PLUGIN][B7] [TRUST] Looking up direct trust from 'B6' to 'B7'
1755023919: [PLUGIN][B7] [TRUST] Found link from 'B6'. r=0, s=0. Direct trust is 0.500
1755023919: [PLUGIN][B7] [TRUST] ✅ Last signer 'B6' is trusted (0.500 >= 0.500). Accepting message.
1755023919: Received PUBLISH from dhruvubuntu.b6_to_b7 (d0, q0, r0, m0, 'groundfloor/kitchen', ... (205 bytes))
1755023919: [PLUGIN][B7] [TRUST] Evaluating message with signers: [ B0 B2 B4 B6 ]
1755023919: [PLUGIN][B7] [TRUST] Evaluating message based on last signer only.
1755023919: [PLUGIN][B7] [TRUST] Looking up direct trust from 'B6' to 'B7'
1755023919: [PLUGIN][B7] [TRUST] Found link from 'B6'. r=0, s=0. Direct trust is 0.500
1755023919: [PLUGIN][B7] [TRUST] ✅ Last signer 'B6' is trusted (0.500 >= 0.500). Accepting message.
1755023923: [PLUGIN][B7] [REFRESH] Periodic map refresh triggered.
1755023930: Received PUBLISH from dhruvubuntu.b6_to_b7 (d0, q0, r0, m0, 'groundfloor/kitchen', ... (205 bytes))
1755023930: [PLUGIN][B7] [TRUST] Evaluating message with signers: [ B0 B2 B5 B6 ]
1755023930: [PLUGIN][B7] [TRUST] Evaluating message based on last signer only.
1755023930: [PLUGIN][B7] [TRUST] Looking up direct trust from 'B6' to 'B7'
1755023930: [PLUGIN][B7] [TRUST] Found link from 'B6'. r=0, s=0. Direct trust is 0.500
1755023930: [PLUGIN][B7] [TRUST] ✅ Last signer 'B6' is trusted (0.500 >= 0.500). Accepting message.
1755023930: Received PUBLISH from dhruvubuntu.b6_to_b7 (d0, q0, r0, m0, 'groundfloor/kitchen', ... (205 bytes))
1755023930: [PLUGIN][B7] [TRUST] Evaluating message with signers: [ B0 B2 B4 B6 ]
1755023930: [PLUGIN][B7] [TRUST] Evaluating message based on last signer only.
1755023930: [PLUGIN][B7] [TRUST] Looking up direct trust from 'B6' to 'B7'
1755023930: [PLUGIN][B7] [TRUST] Found link from 'B6'. r=0, s=0. Direct trust is 0.500
1755023930: [PLUGIN][B7] [TRUST] ✅ Last signer 'B6' is trusted (0.500 >= 0.500). Accepting message.
1755023930: Received PUBLISH from dhruvubuntu.b6_to_b7 (d0, q0, r0, m0, 'groundfloor/kitchen', ... (205 bytes))
1755023930: [PLUGIN][B7] [TRUST] Evaluating message with signers: [ B0 B1 B4 B6 ]
1755023930: [PLUGIN][B7] [TRUST] Evaluating message based on last signer only.
1755023930: [PLUGIN][B7] [TRUST] Looking up direct trust from 'B6' to 'B7'
1755023930: [PLUGIN][B7] [TRUST] Found link from 'B6'. r=0, s=0. Direct trust is 0.500
1755023930: [PLUGIN][B7] [TRUST] ✅ Last signer 'B6' is trusted (0.500 >= 0.500). Accepting message.
1755023933: [PLUGIN][B7] [REFRESH] Periodic map refresh triggered.
1755023941: Received PUBLISH from dhruvubuntu.b6_to_b7 (d0, q0, r0, m0, 'groundfloor/kitchen', ... (205 bytes))
1755023941: [PLUGIN][B7] [TRUST] Evaluating message with signers: [ B0 B1 B4 B6 ]
1755023941: [PLUGIN][B7] [TRUST] Evaluating message based on last signer only.
1755023941: [PLUGIN][B7] [TRUST] Looking up direct trust from 'B6' to 'B7'
1755023941: [PLUGIN][B7] [TRUST] Found link from 'B6'. r=0, s=0. Direct trust is 0.500
1755023941: [PLUGIN][B7] [TRUST] ✅ Last signer 'B6' is trusted (0.500 >= 0.500). Accepting message.
1755023941: Received PUBLISH from dhruvubuntu.b6_to_b7 (d0, q0, r0, m0, 'groundfloor/kitchen', ... (205 bytes))
1755023941: [PLUGIN][B7] [TRUST] Evaluating message with signers: [ B0 B2 B5 B6 ]
1755023941: [PLUGIN][B7] [TRUST] Evaluating message based on last signer only.
1755023941: [PLUGIN][B7] [TRUST] Looking up direct trust from 'B6' to 'B7'
1755023941: [PLUGIN][B7] [TRUST] Found link from 'B6'. r=0, s=0. Direct trust is 0.500
1755023941: [PLUGIN][B7] [TRUST] ✅ Last signer 'B6' is trusted (0.500 >= 0.500). Accepting message.
1755023941: Received PUBLISH from dhruvubuntu.b6_to_b7 (d0, q0, r0, m0, 'groundfloor/kitchen', ... (205 bytes))
1755023941: [PLUGIN][B7] [TRUST] Evaluating message with signers: [ B0 B2 B4 B6 ]
1755023941: [PLUGIN][B7] [TRUST] Evaluating message based on last signer only.
1755023941: [PLUGIN][B7] [TRUST] Looking up direct trust from 'B6' to 'B7'
1755023941: [PLUGIN][B7] [TRUST] Found link from 'B6'. r=0, s=0. Direct trust is 0.500
1755023941: [PLUGIN][B7] [TRUST] ✅ Last signer 'B6' is trusted (0.500 >= 0.500). Accepting message.
1755023943: [PLUGIN][B7] [REFRESH] Periodic map refresh triggered.
1755023953: [PLUGIN][B7] [REFRESH] Periodic map refresh triggered.
1755023955: Received PUBLISH from dhruvubuntu.b6_to_b7 (d0, q0, r0, m0, 'groundfloor/kitchen', ... (205 bytes))
1755023955: [PLUGIN][B7] [TRUST] Evaluating message with signers: [ B0 B2 B5 B6 ]
1755023955: [PLUGIN][B7] [TRUST] Evaluating message based on last signer only.
1755023955: [PLUGIN][B7] [TRUST] Looking up direct trust from 'B6' to 'B7'
1755023955: [PLUGIN][B7] [TRUST] Found link from 'B6'. r=0, s=0. Direct trust is 0.500
1755023955: [PLUGIN][B7] [TRUST] ✅ Last signer 'B6' is trusted (0.500 >= 0.500). Accepting message.
1755023955: Received PUBLISH from dhruvubuntu.b6_to_b7 (d0, q0, r0, m0, 'groundfloor/kitchen', ... (205 bytes))
1755023955: [PLUGIN][B7] [TRUST] Evaluating message with signers: [ B0 B2 B4 B6 ]
1755023955: [PLUGIN][B7] [TRUST] Evaluating message based on last signer only.
1755023955: [PLUGIN][B7] [TRUST] Looking up direct trust from 'B6' to 'B7'
1755023955: [PLUGIN][B7] [TRUST] Found link from 'B6'. r=0, s=0. Direct trust is 0.500
1755023955: [PLUGIN][B7] [TRUST] ✅ Last signer 'B6' is trusted (0.500 >= 0.500). Accepting message.
1755023955: Received PUBLISH from dhruvubuntu.b6_to_b7 (d0, q0, r0, m0, 'groundfloor/kitchen', ... (205 bytes))
1755023955: [PLUGIN][B7] [TRUST] Evaluating message with signers: [ B0 B1 B4 B6 ]
1755023955: [PLUGIN][B7] [TRUST] Evaluating message based on last signer only.
1755023955: [PLUGIN][B7] [TRUST] Looking up direct trust from 'B6' to 'B7'
1755023955: [PLUGIN][B7] [TRUST] Found link from 'B6'. r=0, s=0. Direct trust is 0.500
1755023955: [PLUGIN][B7] [TRUST] ✅ Last signer 'B6' is trusted (0.500 >= 0.500). Accepting message.
1755023963: [PLUGIN][B7] [REFRESH] Periodic map refresh triggered.
1755023966: Received PUBLISH from dhruvubuntu.b6_to_b7 (d0, q0, r0, m0, 'groundfloor/kitchen', ... (205 bytes))
1755023966: [PLUGIN][B7] [TRUST] Evaluating message with signers: [ B0 B2 B5 B6 ]
1755023966: [PLUGIN][B7] [TRUST] Evaluating message based on last signer only.
1755023966: [PLUGIN][B7] [TRUST] Looking up direct trust from 'B6' to 'B7'
1755023966: [PLUGIN][B7] [TRUST] Found link from 'B6'. r=0, s=0. Direct trust is 0.500
1755023966: [PLUGIN][B7] [TRUST] ✅ Last signer 'B6' is trusted (0.500 >= 0.500). Accepting message.
1755023966: Received PUBLISH from dhruvubuntu.b6_to_b7 (d0, q0, r0, m0, 'groundfloor/kitchen', ... (205 bytes))
1755023966: [PLUGIN][B7] [TRUST] Evaluating message with signers: [ B0 B2 B4 B6 ]
1755023966: [PLUGIN][B7] [TRUST] Evaluating message based on last signer only.
1755023966: [PLUGIN][B7] [TRUST] Looking up direct trust from 'B6' to 'B7'
1755023966: [PLUGIN][B7] [TRUST] Found link from 'B6'. r=0, s=0. Direct trust is 0.500
1755023966: [PLUGIN][B7] [TRUST] ✅ Last signer 'B6' is trusted (0.500 >= 0.500). Accepting message.
1755023966: Received PUBLISH from dhruvubuntu.b6_to_b7 (d0, q0, r0, m0, 'groundfloor/kitchen', ... (205 bytes))
1755023966: [PLUGIN][B7] [TRUST] Evaluating message with signers: [ B0 B1 B4 B6 ]
1755023966: [PLUGIN][B7] [TRUST] Evaluating message based on last signer only.
1755023966: [PLUGIN][B7] [TRUST] Looking up direct trust from 'B6' to 'B7'
1755023966: [PLUGIN][B7] [TRUST] Found link from 'B6'. r=0, s=0. Direct trust is 0.500
1755023966: [PLUGIN][B7] [TRUST] ✅ Last signer 'B6' is trusted (0.500 >= 0.500). Accepting message.
1755023973: Received PINGREQ from dhruvubuntu.b6_to_b7
1755023973: Sending PINGRESP to dhruvubuntu.b6_to_b7
1755023973: [PLUGIN][B7] [REFRESH] Periodic map refresh triggered.
1755023977: Received PUBLISH from dhruvubuntu.b6_to_b7 (d0, q0, r0, m0, 'groundfloor/kitchen', ... (205 bytes))
1755023977: [PLUGIN][B7] [TRUST] Evaluating message with signers: [ B0 B2 B4 B6 ]
1755023977: [PLUGIN][B7] [TRUST] Evaluating message based on last signer only.
1755023977: [PLUGIN][B7] [TRUST] Looking up direct trust from 'B6' to 'B7'
1755023977: [PLUGIN][B7] [TRUST] Found link from 'B6'. r=0, s=0. Direct trust is 0.500
1755023977: [PLUGIN][B7] [TRUST] ✅ Last signer 'B6' is trusted (0.500 >= 0.500). Accepting message.
1755023977: Received PUBLISH from dhruvubuntu.b6_to_b7 (d0, q0, r0, m0, 'groundfloor/kitchen', ... (205 bytes))
1755023977: [PLUGIN][B7] [TRUST] Evaluating message with signers: [ B0 B2 B5 B6 ]
1755023977: [PLUGIN][B7] [TRUST] Evaluating message based on last signer only.
1755023977: [PLUGIN][B7] [TRUST] Looking up direct trust from 'B6' to 'B7'
1755023977: [PLUGIN][B7] [TRUST] Found link from 'B6'. r=0, s=0. Direct trust is 0.500
1755023977: [PLUGIN][B7] [TRUST] ✅ Last signer 'B6' is trusted (0.500 >= 0.500). Accepting message.
1755023977: Received PUBLISH from dhruvubuntu.b6_to_b7 (d0, q0, r0, m0, 'groundfloor/kitchen', ... (205 bytes))
1755023977: [PLUGIN][B7] [TRUST] Evaluating message with signers: [ B0 B1 B4 B6 ]
1755023977: [PLUGIN][B7] [TRUST] Evaluating message based on last signer only.
1755023977: [PLUGIN][B7] [TRUST] Looking up direct trust from 'B6' to 'B7'
1755023977: [PLUGIN][B7] [TRUST] Found link from 'B6'. r=0, s=0. Direct trust is 0.500
1755023977: [PLUGIN][B7] [TRUST] ✅ Last signer 'B6' is trusted (0.500 >= 0.500). Accepting message.
1755023983: [PLUGIN][B7] [REFRESH] Periodic map refresh triggered.
1755023988: Received PUBLISH from dhruvubuntu.b6_to_b7 (d0, q0, r0, m0, 'groundfloor/kitchen', ... (205 bytes))
1755023988: [PLUGIN][B7] [TRUST] Evaluating message with signers: [ B0 B2 B4 B6 ]
1755023988: [PLUGIN][B7] [TRUST] Evaluating message based on last signer only.
1755023988: [PLUGIN][B7] [TRUST] Looking up direct trust from 'B6' to 'B7'
1755023988: [PLUGIN][B7] [TRUST] Found link from 'B6'. r=0, s=0. Direct trust is 0.500
1755023988: [PLUGIN][B7] [TRUST] ✅ Last signer 'B6' is trusted (0.500 >= 0.500). Accepting message.
1755023988: Received PUBLISH from dhruvubuntu.b6_to_b7 (d0, q0, r0, m0, 'groundfloor/kitchen', ... (205 bytes))
1755023988: [PLUGIN][B7] [TRUST] Evaluating message with signers: [ B0 B2 B5 B6 ]
1755023988: [PLUGIN][B7] [TRUST] Evaluating message based on last signer only.
1755023988: [PLUGIN][B7] [TRUST] Looking up direct trust from 'B6' to 'B7'
1755023988: [PLUGIN][B7] [TRUST] Found link from 'B6'. r=0, s=0. Direct trust is 0.500
1755023988: [PLUGIN][B7] [TRUST] ✅ Last signer 'B6' is trusted (0.500 >= 0.500). Accepting message.
1755023988: Received PUBLISH from dhruvubuntu.b6_to_b7 (d0, q0, r0, m0, 'groundfloor/kitchen', ... (205 bytes))
1755023988: [PLUGIN][B7] [TRUST] Evaluating message with signers: [ B0 B1 B4 B6 ]
1755023988: [PLUGIN][B7] [TRUST] Evaluating message based on last signer only.
1755023988: [PLUGIN][B7] [TRUST] Looking up direct trust from 'B6' to 'B7'
1755023988: [PLUGIN][B7] [TRUST] Found link from 'B6'. r=0, s=0. Direct trust is 0.500
1755023988: [PLUGIN][B7] [TRUST] ✅ Last signer 'B6' is trusted (0.500 >= 0.500). Accepting message.
1755023993: [PLUGIN][B7] [REFRESH] Periodic map refresh triggered.
1755023999: Received PUBLISH from dhruvubuntu.b6_to_b7 (d0, q0, r0, m0, 'groundfloor/kitchen', ... (205 bytes))
1755023999: [PLUGIN][B7] [TRUST] Evaluating message with signers: [ B0 B2 B4 B6 ]
1755023999: [PLUGIN][B7] [TRUST] Evaluating message based on last signer only.
1755023999: [PLUGIN][B7] [TRUST] Looking up direct trust from 'B6' to 'B7'
1755023999: [PLUGIN][B7] [TRUST] Found link from 'B6'. r=0, s=0. Direct trust is 0.500
1755023999: [PLUGIN][B7] [TRUST] ✅ Last signer 'B6' is trusted (0.500 >= 0.500). Accepting message.
1755023999: Received PUBLISH from dhruvubuntu.b6_to_b7 (d0, q0, r0, m0, 'groundfloor/kitchen', ... (205 bytes))
1755023999: [PLUGIN][B7] [TRUST] Evaluating message with signers: [ B0 B2 B5 B6 ]
1755023999: [PLUGIN][B7] [TRUST] Evaluating message based on last signer only.
1755023999: [PLUGIN][B7] [TRUST] Looking up direct trust from 'B6' to 'B7'
1755023999: [PLUGIN][B7] [TRUST] Found link from 'B6'. r=0, s=0. Direct trust is 0.500
1755023999: [PLUGIN][B7] [TRUST] ✅ Last signer 'B6' is trusted (0.500 >= 0.500). Accepting message.
1755023999: Received PUBLISH from dhruvubuntu.b6_to_b7 (d0, q0, r0, m0, 'groundfloor/kitchen', ... (205 bytes))
1755023999: [PLUGIN][B7] [TRUST] Evaluating message with signers: [ B0 B1 B4 B6 ]
1755023999: [PLUGIN][B7] [TRUST] Evaluating message based on last signer only.
1755023999: [PLUGIN][B7] [TRUST] Looking up direct trust from 'B6' to 'B7'
1755023999: [PLUGIN][B7] [TRUST] Found link from 'B6'. r=0, s=0. Direct trust is 0.500
1755023999: [PLUGIN][B7] [TRUST] ✅ Last signer 'B6' is trusted (0.500 >= 0.500). Accepting message.
1755024003: [PLUGIN][B7] [REFRESH] Periodic map refresh triggered.
1755024010: Received PUBLISH from dhruvubuntu.b6_to_b7 (d0, q0, r0, m0, 'groundfloor/kitchen', ... (205 bytes))
1755024010: [PLUGIN][B7] [TRUST] Evaluating message with signers: [ B0 B2 B5 B6 ]
1755024010: [PLUGIN][B7] [TRUST] Evaluating message based on last signer only.
1755024010: [PLUGIN][B7] [TRUST] Looking up direct trust from 'B6' to 'B7'
1755024010: [PLUGIN][B7] [TRUST] Found link from 'B6'. r=0, s=0. Direct trust is 0.500
1755024010: [PLUGIN][B7] [TRUST] ✅ Last signer 'B6' is trusted (0.500 >= 0.500). Accepting message.
1755024010: Received PUBLISH from dhruvubuntu.b6_to_b7 (d0, q0, r0, m0, 'groundfloor/kitchen', ... (205 bytes))
1755024010: [PLUGIN][B7] [TRUST] Evaluating message with signers: [ B0 B2 B4 B6 ]
1755024010: [PLUGIN][B7] [TRUST] Evaluating message based on last signer only.
1755024010: [PLUGIN][B7] [TRUST] Looking up direct trust from 'B6' to 'B7'
1755024010: [PLUGIN][B7] [TRUST] Found link from 'B6'. r=0, s=0. Direct trust is 0.500
1755024010: [PLUGIN][B7] [TRUST] ✅ Last signer 'B6' is trusted (0.500 >= 0.500). Accepting message.
1755024010: Received PUBLISH from dhruvubuntu.b6_to_b7 (d0, q0, r0, m0, 'groundfloor/kitchen', ... (205 bytes))
1755024010: [PLUGIN][B7] [TRUST] Evaluating message with signers: [ B0 B1 B4 B6 ]
1755024010: [PLUGIN][B7] [TRUST] Evaluating message based on last signer only.
1755024010: [PLUGIN][B7] [TRUST] Looking up direct trust from 'B6' to 'B7'
1755024010: [PLUGIN][B7] [TRUST] Found link from 'B6'. r=0, s=0. Direct trust is 0.500
1755024010: [PLUGIN][B7] [TRUST] ✅ Last signer 'B6' is trusted (0.500 >= 0.500). Accepting message.
1755024013: [PLUGIN][B7] [REFRESH] Periodic map refresh triggered.
1755024021: Received PUBLISH from dhruvubuntu.b6_to_b7 (d0, q0, r0, m0, 'groundfloor/kitchen', ... (205 bytes))
1755024021: [PLUGIN][B7] [TRUST] Evaluating message with signers: [ B0 B2 B5 B6 ]
1755024021: [PLUGIN][B7] [TRUST] Evaluating message based on last signer only.
1755024021: [PLUGIN][B7] [TRUST] Looking up direct trust from 'B6' to 'B7'
1755024021: [PLUGIN][B7] [TRUST] Found link from 'B6'. r=0, s=0. Direct trust is 0.500
1755024021: [PLUGIN][B7] [TRUST] ✅ Last signer 'B6' is trusted (0.500 >= 0.500). Accepting message.
1755024021: Received PUBLISH from dhruvubuntu.b6_to_b7 (d0, q0, r0, m0, 'groundfloor/kitchen', ... (205 bytes))
1755024021: [PLUGIN][B7] [TRUST] Evaluating message with signers: [ B0 B2 B4 B6 ]
1755024021: [PLUGIN][B7] [TRUST] Evaluating message based on last signer only.
1755024021: [PLUGIN][B7] [TRUST] Looking up direct trust from 'B6' to 'B7'
1755024021: [PLUGIN][B7] [TRUST] Found link from 'B6'. r=0, s=0. Direct trust is 0.500
1755024021: [PLUGIN][B7] [TRUST] ✅ Last signer 'B6' is trusted (0.500 >= 0.500). Accepting message.
1755024021: Received PUBLISH from dhruvubuntu.b6_to_b7 (d0, q0, r0, m0, 'groundfloor/kitchen', ... (205 bytes))
1755024021: [PLUGIN][B7] [TRUST] Evaluating message with signers: [ B0 B1 B4 B6 ]
1755024021: [PLUGIN][B7] [TRUST] Evaluating message based on last signer only.
1755024021: [PLUGIN][B7] [TRUST] Looking up direct trust from 'B6' to 'B7'
1755024021: [PLUGIN][B7] [TRUST] Found link from 'B6'. r=0, s=0. Direct trust is 0.500
1755024021: [PLUGIN][B7] [TRUST] ✅ Last signer 'B6' is trusted (0.500 >= 0.500). Accepting message.
1755024023: [PLUGIN][B7] [REFRESH] Periodic map refresh triggered.
1755024032: Received PUBLISH from dhruvubuntu.b6_to_b7 (d0, q0, r0, m0, 'groundfloor/kitchen', ... (205 bytes))
1755024032: [PLUGIN][B7] [TRUST] Evaluating message with signers: [ B0 B1 B4 B6 ]
1755024032: [PLUGIN][B7] [TRUST] Evaluating message based on last signer only.
1755024032: [PLUGIN][B7] [TRUST] Looking up direct trust from 'B6' to 'B7'
1755024032: [PLUGIN][B7] [TRUST] Found link from 'B6'. r=0, s=0. Direct trust is 0.500
1755024032: [PLUGIN][B7] [TRUST] ✅ Last signer 'B6' is trusted (0.500 >= 0.500). Accepting message.
1755024032: Received PUBLISH from dhruvubuntu.b6_to_b7 (d0, q0, r0, m0, 'groundfloor/kitchen', ... (205 bytes))
1755024032: [PLUGIN][B7] [TRUST] Evaluating message with signers: [ B0 B2 B5 B6 ]
1755024032: [PLUGIN][B7] [TRUST] Evaluating message based on last signer only.
1755024032: [PLUGIN][B7] [TRUST] Looking up direct trust from 'B6' to 'B7'
1755024032: [PLUGIN][B7] [TRUST] Found link from 'B6'. r=0, s=0. Direct trust is 0.500
1755024032: [PLUGIN][B7] [TRUST] ✅ Last signer 'B6' is trusted (0.500 >= 0.500). Accepting message.
1755024032: Received PUBLISH from dhruvubuntu.b6_to_b7 (d0, q0, r0, m0, 'groundfloor/kitchen', ... (205 bytes))
1755024032: [PLUGIN][B7] [TRUST] Evaluating message with signers: [ B0 B2 B4 B6 ]
1755024032: [PLUGIN][B7] [TRUST] Evaluating message based on last signer only.
1755024032: [PLUGIN][B7] [TRUST] Looking up direct trust from 'B6' to 'B7'
1755024032: [PLUGIN][B7] [TRUST] Found link from 'B6'. r=0, s=0. Direct trust is 0.500
1755024032: [PLUGIN][B7] [TRUST] ✅ Last signer 'B6' is trusted (0.500 >= 0.500). Accepting message.
1755024033: Received PINGREQ from dhruvubuntu.b6_to_b7
1755024033: Sending PINGRESP to dhruvubuntu.b6_to_b7
1755024033: [PLUGIN][B7] [REFRESH] Periodic map refresh triggered.
1755024043: [PLUGIN][B7] [REFRESH] Periodic map refresh triggered.
1755024043: Received PUBLISH from dhruvubuntu.b6_to_b7 (d0, q0, r0, m0, 'groundfloor/kitchen', ... (205 bytes))
1755024043: [PLUGIN][B7] [TRUST] Evaluating message with signers: [ B0 B2 B5 B6 ]
1755024043: [PLUGIN][B7] [TRUST] Evaluating message based on last signer only.
1755024043: [PLUGIN][B7] [TRUST] Looking up direct trust from 'B6' to 'B7'
1755024043: [PLUGIN][B7] [TRUST] Found link from 'B6'. r=0, s=0. Direct trust is 0.500
1755024043: [PLUGIN][B7] [TRUST] ✅ Last signer 'B6' is trusted (0.500 >= 0.500). Accepting message.
1755024043: Received PUBLISH from dhruvubuntu.b6_to_b7 (d0, q0, r0, m0, 'groundfloor/kitchen', ... (205 bytes))
1755024043: [PLUGIN][B7] [TRUST] Evaluating message with signers: [ B0 B2 B4 B6 ]
1755024043: [PLUGIN][B7] [TRUST] Evaluating message based on last signer only.
1755024043: [PLUGIN][B7] [TRUST] Looking up direct trust from 'B6' to 'B7'
1755024043: [PLUGIN][B7] [TRUST] Found link from 'B6'. r=0, s=0. Direct trust is 0.500
1755024043: [PLUGIN][B7] [TRUST] ✅ Last signer 'B6' is trusted (0.500 >= 0.500). Accepting message.
1755024043: Received PUBLISH from dhruvubuntu.b6_to_b7 (d0, q0, r0, m0, 'groundfloor/kitchen', ... (205 bytes))
1755024043: [PLUGIN][B7] [TRUST] Evaluating message with signers: [ B0 B1 B4 B6 ]
1755024043: [PLUGIN][B7] [TRUST] Evaluating message based on last signer only.
1755024043: [PLUGIN][B7] [TRUST] Looking up direct trust from 'B6' to 'B7'
1755024043: [PLUGIN][B7] [TRUST] Found link from 'B6'. r=0, s=0. Direct trust is 0.500
1755024043: [PLUGIN][B7] [TRUST] ✅ Last signer 'B6' is trusted (0.500 >= 0.500). Accepting message.
1755024053: [PLUGIN][B7] [REFRESH] Periodic map refresh triggered.
1755024054: Received PUBLISH from dhruvubuntu.b6_to_b7 (d0, q0, r0, m0, 'groundfloor/kitchen', ... (205 bytes))
1755024054: [PLUGIN][B7] [TRUST] Evaluating message with signers: [ B0 B2 B5 B6 ]
1755024054: [PLUGIN][B7] [TRUST] Evaluating message based on last signer only.
1755024054: [PLUGIN][B7] [TRUST] Looking up direct trust from 'B6' to 'B7'
1755024054: [PLUGIN][B7] [TRUST] Found link from 'B6'. r=0, s=0. Direct trust is 0.500
1755024054: [PLUGIN][B7] [TRUST] ✅ Last signer 'B6' is trusted (0.500 >= 0.500). Accepting message.
1755024054: Received PUBLISH from dhruvubuntu.b6_to_b7 (d0, q0, r0, m0, 'groundfloor/kitchen', ... (205 bytes))
1755024054: [PLUGIN][B7] [TRUST] Evaluating message with signers: [ B0 B2 B4 B6 ]
1755024054: [PLUGIN][B7] [TRUST] Evaluating message based on last signer only.
1755024054: [PLUGIN][B7] [TRUST] Looking up direct trust from 'B6' to 'B7'
1755024054: [PLUGIN][B7] [TRUST] Found link from 'B6'. r=0, s=0. Direct trust is 0.500
1755024054: [PLUGIN][B7] [TRUST] ✅ Last signer 'B6' is trusted (0.500 >= 0.500). Accepting message.
1755024054: Received PUBLISH from dhruvubuntu.b6_to_b7 (d0, q0, r0, m0, 'groundfloor/kitchen', ... (205 bytes))
1755024054: [PLUGIN][B7] [TRUST] Evaluating message with signers: [ B0 B1 B4 B6 ]
1755024054: [PLUGIN][B7] [TRUST] Evaluating message based on last signer only.
1755024054: [PLUGIN][B7] [TRUST] Looking up direct trust from 'B6' to 'B7'
1755024054: [PLUGIN][B7] [TRUST] Found link from 'B6'. r=0, s=0. Direct trust is 0.500
1755024054: [PLUGIN][B7] [TRUST] ✅ Last signer 'B6' is trusted (0.500 >= 0.500). Accepting message.
1755024063: [PLUGIN][B7] [REFRESH] Periodic map refresh triggered.
1755024065: Received PUBLISH from dhruvubuntu.b6_to_b7 (d0, q0, r0, m0, 'groundfloor/kitchen', ... (205 bytes))
1755024065: [PLUGIN][B7] [TRUST] Evaluating message with signers: [ B0 B2 B5 B6 ]
1755024065: [PLUGIN][B7] [TRUST] Evaluating message based on last signer only.
1755024065: [PLUGIN][B7] [TRUST] Looking up direct trust from 'B6' to 'B7'
1755024065: [PLUGIN][B7] [TRUST] Found link from 'B6'. r=0, s=0. Direct trust is 0.500
1755024065: [PLUGIN][B7] [TRUST] ✅ Last signer 'B6' is trusted (0.500 >= 0.500). Accepting message.
1755024065: Received PUBLISH from dhruvubuntu.b6_to_b7 (d0, q0, r0, m0, 'groundfloor/kitchen', ... (205 bytes))
1755024065: [PLUGIN][B7] [TRUST] Evaluating message with signers: [ B0 B2 B4 B6 ]
1755024065: [PLUGIN][B7] [TRUST] Evaluating message based on last signer only.
1755024065: [PLUGIN][B7] [TRUST] Looking up direct trust from 'B6' to 'B7'
1755024065: [PLUGIN][B7] [TRUST] Found link from 'B6'. r=0, s=0. Direct trust is 0.500
1755024065: [PLUGIN][B7] [TRUST] ✅ Last signer 'B6' is trusted (0.500 >= 0.500). Accepting message.
1755024065: Received PUBLISH from dhruvubuntu.b6_to_b7 (d0, q0, r0, m0, 'groundfloor/kitchen', ... (205 bytes))
1755024065: [PLUGIN][B7] [TRUST] Evaluating message with signers: [ B0 B1 B4 B6 ]
1755024065: [PLUGIN][B7] [TRUST] Evaluating message based on last signer only.
1755024065: [PLUGIN][B7] [TRUST] Looking up direct trust from 'B6' to 'B7'
1755024065: [PLUGIN][B7] [TRUST] Found link from 'B6'. r=0, s=0. Direct trust is 0.500
1755024065: [PLUGIN][B7] [TRUST] ✅ Last signer 'B6' is trusted (0.500 >= 0.500). Accepting message.
1755024073: [PLUGIN][B7] [REFRESH] Periodic map refresh triggered.
1755024076: Received PUBLISH from dhruvubuntu.b6_to_b7 (d0, q0, r0, m0, 'groundfloor/kitchen', ... (205 bytes))
1755024076: [PLUGIN][B7] [TRUST] Evaluating message with signers: [ B0 B2 B4 B6 ]
1755024076: [PLUGIN][B7] [TRUST] Evaluating message based on last signer only.
1755024076: [PLUGIN][B7] [TRUST] Looking up direct trust from 'B6' to 'B7'
1755024076: [PLUGIN][B7] [TRUST] Found link from 'B6'. r=0, s=0. Direct trust is 0.500
1755024076: [PLUGIN][B7] [TRUST] ✅ Last signer 'B6' is trusted (0.500 >= 0.500). Accepting message.
1755024076: Received PUBLISH from dhruvubuntu.b6_to_b7 (d0, q0, r0, m0, 'groundfloor/kitchen', ... (205 bytes))
1755024076: [PLUGIN][B7] [TRUST] Evaluating message with signers: [ B0 B2 B5 B6 ]
1755024076: [PLUGIN][B7] [TRUST] Evaluating message based on last signer only.
1755024076: [PLUGIN][B7] [TRUST] Looking up direct trust from 'B6' to 'B7'
1755024076: [PLUGIN][B7] [TRUST] Found link from 'B6'. r=0, s=0. Direct trust is 0.500
1755024076: [PLUGIN][B7] [TRUST] ✅ Last signer 'B6' is trusted (0.500 >= 0.500). Accepting message.
1755024076: Received PUBLISH from dhruvubuntu.b6_to_b7 (d0, q0, r0, m0, 'groundfloor/kitchen', ... (205 bytes))
1755024076: [PLUGIN][B7] [TRUST] Evaluating message with signers: [ B0 B1 B4 B6 ]
1755024076: [PLUGIN][B7] [TRUST] Evaluating message based on last signer only.
1755024076: [PLUGIN][B7] [TRUST] Looking up direct trust from 'B6' to 'B7'
1755024076: [PLUGIN][B7] [TRUST] Found link from 'B6'. r=0, s=0. Direct trust is 0.500
1755024076: [PLUGIN][B7] [TRUST] ✅ Last signer 'B6' is trusted (0.500 >= 0.500). Accepting message.
1755024083: [PLUGIN][B7] [REFRESH] Periodic map refresh triggered.
1755024087: Received PUBLISH from dhruvubuntu.b6_to_b7 (d0, q0, r0, m0, 'groundfloor/kitchen', ... (205 bytes))
1755024087: [PLUGIN][B7] [TRUST] Evaluating message with signers: [ B0 B2 B4 B6 ]
1755024087: [PLUGIN][B7] [TRUST] Evaluating message based on last signer only.
1755024087: [PLUGIN][B7] [TRUST] Looking up direct trust from 'B6' to 'B7'
1755024087: [PLUGIN][B7] [TRUST] Found link from 'B6'. r=0, s=0. Direct trust is 0.500
1755024087: [PLUGIN][B7] [TRUST] ✅ Last signer 'B6' is trusted (0.500 >= 0.500). Accepting message.
1755024087: Received PUBLISH from dhruvubuntu.b6_to_b7 (d0, q0, r0, m0, 'groundfloor/kitchen', ... (205 bytes))
1755024087: [PLUGIN][B7] [TRUST] Evaluating message with signers: [ B0 B2 B5 B6 ]
1755024087: [PLUGIN][B7] [TRUST] Evaluating message based on last signer only.
1755024087: [PLUGIN][B7] [TRUST] Looking up direct trust from 'B6' to 'B7'
1755024087: [PLUGIN][B7] [TRUST] Found link from 'B6'. r=0, s=0. Direct trust is 0.500
1755024087: [PLUGIN][B7] [TRUST] ✅ Last signer 'B6' is trusted (0.500 >= 0.500). Accepting message.
1755024087: Received PUBLISH from dhruvubuntu.b6_to_b7 (d0, q0, r0, m0, 'groundfloor/kitchen', ... (205 bytes))
1755024087: [PLUGIN][B7] [TRUST] Evaluating message with signers: [ B0 B1 B4 B6 ]
1755024087: [PLUGIN][B7] [TRUST] Evaluating message based on last signer only.
1755024087: [PLUGIN][B7] [TRUST] Looking up direct trust from 'B6' to 'B7'
1755024087: [PLUGIN][B7] [TRUST] Found link from 'B6'. r=0, s=0. Direct trust is 0.500
1755024087: [PLUGIN][B7] [TRUST] ✅ Last signer 'B6' is trusted (0.500 >= 0.500). Accepting message.
1755024093: [PLUGIN][B7] [REFRESH] Periodic map refresh triggered.
1755024093: Received PINGREQ from dhruvubuntu.b6_to_b7
1755024093: Sending PINGRESP to dhruvubuntu.b6_to_b7
1755024098: Received PUBLISH from dhruvubuntu.b6_to_b7 (d0, q0, r0, m0, 'groundfloor/kitchen', ... (205 bytes))
1755024098: [PLUGIN][B7] [TRUST] Evaluating message with signers: [ B0 B1 B4 B6 ]
1755024098: [PLUGIN][B7] [TRUST] Evaluating message based on last signer only.
1755024098: [PLUGIN][B7] [TRUST] Looking up direct trust from 'B6' to 'B7'
1755024098: [PLUGIN][B7] [TRUST] Found link from 'B6'. r=0, s=0. Direct trust is 0.500
1755024098: [PLUGIN][B7] [TRUST] ✅ Last signer 'B6' is trusted (0.500 >= 0.500). Accepting message.
1755024098: Received PUBLISH from dhruvubuntu.b6_to_b7 (d0, q0, r0, m0, 'groundfloor/kitchen', ... (205 bytes))
1755024098: [PLUGIN][B7] [TRUST] Evaluating message with signers: [ B0 B2 B5 B6 ]
1755024098: [PLUGIN][B7] [TRUST] Evaluating message based on last signer only.
1755024098: [PLUGIN][B7] [TRUST] Looking up direct trust from 'B6' to 'B7'
1755024098: [PLUGIN][B7] [TRUST] Found link from 'B6'. r=0, s=0. Direct trust is 0.500
1755024098: [PLUGIN][B7] [TRUST] ✅ Last signer 'B6' is trusted (0.500 >= 0.500). Accepting message.
1755024098: Received PUBLISH from dhruvubuntu.b6_to_b7 (d0, q0, r0, m0, 'groundfloor/kitchen', ... (205 bytes))
1755024098: [PLUGIN][B7] [TRUST] Evaluating message with signers: [ B0 B2 B4 B6 ]
1755024098: [PLUGIN][B7] [TRUST] Evaluating message based on last signer only.
1755024098: [PLUGIN][B7] [TRUST] Looking up direct trust from 'B6' to 'B7'
1755024098: [PLUGIN][B7] [TRUST] Found link from 'B6'. r=0, s=0. Direct trust is 0.500
1755024098: [PLUGIN][B7] [TRUST] ✅ Last signer 'B6' is trusted (0.500 >= 0.500). Accepting message.
1755024103: [PLUGIN][B7] [REFRESH] Periodic map refresh triggered.
1755024109: Received PUBLISH from dhruvubuntu.b6_to_b7 (d0, q0, r0, m0, 'groundfloor/kitchen', ... (205 bytes))
1755024109: [PLUGIN][B7] [TRUST] Evaluating message with signers: [ B0 B2 B4 B6 ]
1755024109: [PLUGIN][B7] [TRUST] Evaluating message based on last signer only.
1755024109: [PLUGIN][B7] [TRUST] Looking up direct trust from 'B6' to 'B7'
1755024109: [PLUGIN][B7] [TRUST] Found link from 'B6'. r=0, s=0. Direct trust is 0.500
1755024109: [PLUGIN][B7] [TRUST] ✅ Last signer 'B6' is trusted (0.500 >= 0.500). Accepting message.
1755024109: Received PUBLISH from dhruvubuntu.b6_to_b7 (d0, q0, r0, m0, 'groundfloor/kitchen', ... (205 bytes))
1755024109: [PLUGIN][B7] [TRUST] Evaluating message with signers: [ B0 B2 B5 B6 ]
1755024109: [PLUGIN][B7] [TRUST] Evaluating message based on last signer only.
1755024109: [PLUGIN][B7] [TRUST] Looking up direct trust from 'B6' to 'B7'
1755024109: [PLUGIN][B7] [TRUST] Found link from 'B6'. r=0, s=0. Direct trust is 0.500
1755024109: [PLUGIN][B7] [TRUST] ✅ Last signer 'B6' is trusted (0.500 >= 0.500). Accepting message.
1755024110: Received PUBLISH from dhruvubuntu.b6_to_b7 (d0, q0, r0, m0, 'groundfloor/kitchen', ... (205 bytes))
1755024110: [PLUGIN][B7] [TRUST] Evaluating message with signers: [ B0 B1 B4 B6 ]
1755024110: [PLUGIN][B7] [TRUST] Evaluating message based on last signer only.
1755024110: [PLUGIN][B7] [TRUST] Looking up direct trust from 'B6' to 'B7'
1755024110: [PLUGIN][B7] [TRUST] Found link from 'B6'. r=0, s=0. Direct trust is 0.500
1755024110: [PLUGIN][B7] [TRUST] ✅ Last signer 'B6' is trusted (0.500 >= 0.500). Accepting message.
1755024113: [PLUGIN][B7] [REFRESH] Periodic map refresh triggered.
1755024121: Received PUBLISH from dhruvubuntu.b6_to_b7 (d0, q0, r0, m0, 'groundfloor/kitchen', ... (205 bytes))
1755024121: [PLUGIN][B7] [TRUST] Evaluating message with signers: [ B0 B2 B5 B6 ]
1755024121: [PLUGIN][B7] [TRUST] Evaluating message based on last signer only.
1755024121: [PLUGIN][B7] [TRUST] Looking up direct trust from 'B6' to 'B7'
1755024121: [PLUGIN][B7] [TRUST] Found link from 'B6'. r=0, s=0. Direct trust is 0.500
1755024121: [PLUGIN][B7] [TRUST] ✅ Last signer 'B6' is trusted (0.500 >= 0.500). Accepting message.
1755024121: Received PUBLISH from dhruvubuntu.b6_to_b7 (d0, q0, r0, m0, 'groundfloor/kitchen', ... (205 bytes))
1755024121: [PLUGIN][B7] [TRUST] Evaluating message with signers: [ B0 B2 B4 B6 ]
1755024121: [PLUGIN][B7] [TRUST] Evaluating message based on last signer only.
1755024121: [PLUGIN][B7] [TRUST] Looking up direct trust from 'B6' to 'B7'
1755024121: [PLUGIN][B7] [TRUST] Found link from 'B6'. r=0, s=0. Direct trust is 0.500
1755024121: [PLUGIN][B7] [TRUST] ✅ Last signer 'B6' is trusted (0.500 >= 0.500). Accepting message.
1755024121: Received PUBLISH from dhruvubuntu.b6_to_b7 (d0, q0, r0, m0, 'groundfloor/kitchen', ... (205 bytes))
1755024121: [PLUGIN][B7] [TRUST] Evaluating message with signers: [ B0 B1 B4 B6 ]
1755024121: [PLUGIN][B7] [TRUST] Evaluating message based on last signer only.
1755024121: [PLUGIN][B7] [TRUST] Looking up direct trust from 'B6' to 'B7'
1755024121: [PLUGIN][B7] [TRUST] Found link from 'B6'. r=0, s=0. Direct trust is 0.500
1755024121: [PLUGIN][B7] [TRUST] ✅ Last signer 'B6' is trusted (0.500 >= 0.500). Accepting message.
1755024123: [PLUGIN][B7] [REFRESH] Periodic map refresh triggered.
1755024132: Received PUBLISH from dhruvubuntu.b6_to_b7 (d0, q0, r0, m0, 'groundfloor/kitchen', ... (205 bytes))
1755024132: [PLUGIN][B7] [TRUST] Evaluating message with signers: [ B0 B2 B5 B6 ]
1755024132: [PLUGIN][B7] [TRUST] Evaluating message based on last signer only.
1755024132: [PLUGIN][B7] [TRUST] Looking up direct trust from 'B6' to 'B7'
1755024132: [PLUGIN][B7] [TRUST] Found link from 'B6'. r=0, s=0. Direct trust is 0.500
1755024132: [PLUGIN][B7] [TRUST] ✅ Last signer 'B6' is trusted (0.500 >= 0.500). Accepting message.
1755024132: Received PUBLISH from dhruvubuntu.b6_to_b7 (d0, q0, r0, m0, 'groundfloor/kitchen', ... (205 bytes))
1755024132: [PLUGIN][B7] [TRUST] Evaluating message with signers: [ B0 B2 B4 B6 ]
1755024132: [PLUGIN][B7] [TRUST] Evaluating message based on last signer only.
1755024132: [PLUGIN][B7] [TRUST] Looking up direct trust from 'B6' to 'B7'
1755024132: [PLUGIN][B7] [TRUST] Found link from 'B6'. r=0, s=0. Direct trust is 0.500
1755024132: [PLUGIN][B7] [TRUST] ✅ Last signer 'B6' is trusted (0.500 >= 0.500). Accepting message.
1755024132: Received PUBLISH from dhruvubuntu.b6_to_b7 (d0, q0, r0, m0, 'groundfloor/kitchen', ... (205 bytes))
1755024132: [PLUGIN][B7] [TRUST] Evaluating message with signers: [ B0 B1 B4 B6 ]
1755024132: [PLUGIN][B7] [TRUST] Evaluating message based on last signer only.
1755024132: [PLUGIN][B7] [TRUST] Looking up direct trust from 'B6' to 'B7'
1755024132: [PLUGIN][B7] [TRUST] Found link from 'B6'. r=0, s=0. Direct trust is 0.500
1755024132: [PLUGIN][B7] [TRUST] ✅ Last signer 'B6' is trusted (0.500 >= 0.500). Accepting message.
1755024133: [PLUGIN][B7] [REFRESH] Periodic map refresh triggered.
1755024143: [PLUGIN][B7] [REFRESH] Periodic map refresh triggered.
1755024143: Received PUBLISH from dhruvubuntu.b6_to_b7 (d0, q0, r0, m0, 'groundfloor/kitchen', ... (205 bytes))
1755024143: [PLUGIN][B7] [TRUST] Evaluating message with signers: [ B0 B2 B5 B6 ]
1755024143: [PLUGIN][B7] [TRUST] Evaluating message based on last signer only.
1755024143: [PLUGIN][B7] [TRUST] Looking up direct trust from 'B6' to 'B7'
1755024143: [PLUGIN][B7] [TRUST] Found link from 'B6'. r=0, s=0. Direct trust is 0.500
1755024143: [PLUGIN][B7] [TRUST] ✅ Last signer 'B6' is trusted (0.500 >= 0.500). Accepting message.
1755024143: Received PUBLISH from dhruvubuntu.b6_to_b7 (d0, q0, r0, m0, 'groundfloor/kitchen', ... (205 bytes))
1755024143: [PLUGIN][B7] [TRUST] Evaluating message with signers: [ B0 B2 B4 B6 ]
1755024143: [PLUGIN][B7] [TRUST] Evaluating message based on last signer only.
1755024143: [PLUGIN][B7] [TRUST] Looking up direct trust from 'B6' to 'B7'
1755024143: [PLUGIN][B7] [TRUST] Found link from 'B6'. r=0, s=0. Direct trust is 0.500
1755024143: [PLUGIN][B7] [TRUST] ✅ Last signer 'B6' is trusted (0.500 >= 0.500). Accepting message.
1755024143: Received PUBLISH from dhruvubuntu.b6_to_b7 (d0, q0, r0, m0, 'groundfloor/kitchen', ... (205 bytes))
1755024143: [PLUGIN][B7] [TRUST] Evaluating message with signers: [ B0 B1 B4 B6 ]
1755024143: [PLUGIN][B7] [TRUST] Evaluating message based on last signer only.
1755024143: [PLUGIN][B7] [TRUST] Looking up direct trust from 'B6' to 'B7'
1755024143: [PLUGIN][B7] [TRUST] Found link from 'B6'. r=0, s=0. Direct trust is 0.500
1755024143: [PLUGIN][B7] [TRUST] ✅ Last signer 'B6' is trusted (0.500 >= 0.500). Accepting message.
1755024153: Received PINGREQ from dhruvubuntu.b6_to_b7
1755024153: Sending PINGRESP to dhruvubuntu.b6_to_b7
1755024153: [PLUGIN][B7] [REFRESH] Periodic map refresh triggered.
1755024154: Received PUBLISH from dhruvubuntu.b6_to_b7 (d0, q0, r0, m0, 'groundfloor/kitchen', ... (205 bytes))
1755024154: [PLUGIN][B7] [TRUST] Evaluating message with signers: [ B0 B2 B5 B6 ]
1755024154: [PLUGIN][B7] [TRUST] Evaluating message based on last signer only.
1755024154: [PLUGIN][B7] [TRUST] Looking up direct trust from 'B6' to 'B7'
1755024154: [PLUGIN][B7] [TRUST] Found link from 'B6'. r=0, s=0. Direct trust is 0.500
1755024154: [PLUGIN][B7] [TRUST] ✅ Last signer 'B6' is trusted (0.500 >= 0.500). Accepting message.
1755024154: Received PUBLISH from dhruvubuntu.b6_to_b7 (d0, q0, r0, m0, 'groundfloor/kitchen', ... (205 bytes))
1755024154: [PLUGIN][B7] [TRUST] Evaluating message with signers: [ B0 B2 B4 B6 ]
1755024154: [PLUGIN][B7] [TRUST] Evaluating message based on last signer only.
1755024154: [PLUGIN][B7] [TRUST] Looking up direct trust from 'B6' to 'B7'
1755024154: [PLUGIN][B7] [TRUST] Found link from 'B6'. r=0, s=0. Direct trust is 0.500
1755024154: [PLUGIN][B7] [TRUST] ✅ Last signer 'B6' is trusted (0.500 >= 0.500). Accepting message.
1755024154: Received PUBLISH from dhruvubuntu.b6_to_b7 (d0, q0, r0, m0, 'groundfloor/kitchen', ... (205 bytes))
1755024154: [PLUGIN][B7] [TRUST] Evaluating message with signers: [ B0 B1 B4 B6 ]
1755024154: [PLUGIN][B7] [TRUST] Evaluating message based on last signer only.
1755024154: [PLUGIN][B7] [TRUST] Looking up direct trust from 'B6' to 'B7'
1755024154: [PLUGIN][B7] [TRUST] Found link from 'B6'. r=0, s=0. Direct trust is 0.500
1755024154: [PLUGIN][B7] [TRUST] ✅ Last signer 'B6' is trusted (0.500 >= 0.500). Accepting message.
1755024163: [PLUGIN][B7] [REFRESH] Periodic map refresh triggered.
1755024165: Received PUBLISH from dhruvubuntu.b6_to_b7 (d0, q0, r0, m0, 'groundfloor/kitchen', ... (205 bytes))
1755024165: [PLUGIN][B7] [TRUST] Evaluating message with signers: [ B0 B2 B5 B6 ]
1755024165: [PLUGIN][B7] [TRUST] Evaluating message based on last signer only.
1755024165: [PLUGIN][B7] [TRUST] Looking up direct trust from 'B6' to 'B7'
1755024165: [PLUGIN][B7] [TRUST] Found link from 'B6'. r=0, s=0. Direct trust is 0.500
1755024165: [PLUGIN][B7] [TRUST] ✅ Last signer 'B6' is trusted (0.500 >= 0.500). Accepting message.
1755024165: Received PUBLISH from dhruvubuntu.b6_to_b7 (d0, q0, r0, m0, 'groundfloor/kitchen', ... (205 bytes))
1755024165: [PLUGIN][B7] [TRUST] Evaluating message with signers: [ B0 B2 B4 B6 ]
1755024165: [PLUGIN][B7] [TRUST] Evaluating message based on last signer only.
1755024165: [PLUGIN][B7] [TRUST] Looking up direct trust from 'B6' to 'B7'
1755024165: [PLUGIN][B7] [TRUST] Found link from 'B6'. r=0, s=0. Direct trust is 0.500
1755024165: [PLUGIN][B7] [TRUST] ✅ Last signer 'B6' is trusted (0.500 >= 0.500). Accepting message.
1755024165: Received PUBLISH from dhruvubuntu.b6_to_b7 (d0, q0, r0, m0, 'groundfloor/kitchen', ... (205 bytes))
1755024165: [PLUGIN][B7] [TRUST] Evaluating message with signers: [ B0 B1 B4 B6 ]
1755024165: [PLUGIN][B7] [TRUST] Evaluating message based on last signer only.
1755024165: [PLUGIN][B7] [TRUST] Looking up direct trust from 'B6' to 'B7'
1755024165: [PLUGIN][B7] [TRUST] Found link from 'B6'. r=0, s=0. Direct trust is 0.500
1755024165: [PLUGIN][B7] [TRUST] ✅ Last signer 'B6' is trusted (0.500 >= 0.500). Accepting message.
1755024173: [PLUGIN][B7] [REFRESH] Periodic map refresh triggered.
1755024183: [PLUGIN][B7] [REFRESH] Periodic map refresh triggered.
1755024193: [PLUGIN][B7] [REFRESH] Periodic map refresh triggered.
1755024198: Received PUBLISH from dhruvubuntu.b6_to_b7 (d0, q0, r0, m0, 'groundfloor/kitchen', ... (205 bytes))
1755024198: [PLUGIN][B7] [TRUST] Evaluating message with signers: [ B0 B2 B4 B6 ]
1755024198: [PLUGIN][B7] [TRUST] Evaluating message based on last signer only.
1755024198: [PLUGIN][B7] [TRUST] Looking up direct trust from 'B6' to 'B7'
1755024198: [PLUGIN][B7] [TRUST] Found link from 'B6'. r=0, s=0. Direct trust is 0.500
1755024198: [PLUGIN][B7] [TRUST] ✅ Last signer 'B6' is trusted (0.500 >= 0.500). Accepting message.
1755024198: Received PUBLISH from dhruvubuntu.b6_to_b7 (d0, q0, r0, m0, 'groundfloor/kitchen', ... (205 bytes))
1755024198: [PLUGIN][B7] [TRUST] Evaluating message with signers: [ B0 B2 B5 B6 ]
1755024198: [PLUGIN][B7] [TRUST] Evaluating message based on last signer only.
1755024198: [PLUGIN][B7] [TRUST] Looking up direct trust from 'B6' to 'B7'
1755024198: [PLUGIN][B7] [TRUST] Found link from 'B6'. r=0, s=0. Direct trust is 0.500
1755024198: [PLUGIN][B7] [TRUST] ✅ Last signer 'B6' is trusted (0.500 >= 0.500). Accepting message.
1755024198: Received PUBLISH from dhruvubuntu.b6_to_b7 (d0, q0, r0, m0, 'groundfloor/kitchen', ... (205 bytes))
1755024198: [PLUGIN][B7] [TRUST] Evaluating message with signers: [ B0 B1 B4 B6 ]
1755024198: [PLUGIN][B7] [TRUST] Evaluating message based on last signer only.
1755024198: [PLUGIN][B7] [TRUST] Looking up direct trust from 'B6' to 'B7'
1755024198: [PLUGIN][B7] [TRUST] Found link from 'B6'. r=0, s=0. Direct trust is 0.500
1755024198: [PLUGIN][B7] [TRUST] ✅ Last signer 'B6' is trusted (0.500 >= 0.500). Accepting message.
1755024203: [PLUGIN][B7] [REFRESH] Periodic map refresh triggered.
1755024209: Received PUBLISH from dhruvubuntu.b6_to_b7 (d0, q0, r0, m0, 'groundfloor/kitchen', ... (205 bytes))
1755024209: [PLUGIN][B7] [TRUST] Evaluating message with signers: [ B0 B1 B4 B6 ]
1755024209: [PLUGIN][B7] [TRUST] Evaluating message based on last signer only.
1755024209: [PLUGIN][B7] [TRUST] Looking up direct trust from 'B6' to 'B7'
1755024209: [PLUGIN][B7] [TRUST] Found link from 'B6'. r=0, s=0. Direct trust is 0.500
1755024209: [PLUGIN][B7] [TRUST] ✅ Last signer 'B6' is trusted (0.500 >= 0.500). Accepting message.
1755024209: Received PUBLISH from dhruvubuntu.b6_to_b7 (d0, q0, r0, m0, 'groundfloor/kitchen', ... (205 bytes))
1755024209: [PLUGIN][B7] [TRUST] Evaluating message with signers: [ B0 B2 B5 B6 ]
1755024209: [PLUGIN][B7] [TRUST] Evaluating message based on last signer only.
1755024209: [PLUGIN][B7] [TRUST] Looking up direct trust from 'B6' to 'B7'
1755024209: [PLUGIN][B7] [TRUST] Found link from 'B6'. r=0, s=0. Direct trust is 0.500
1755024209: [PLUGIN][B7] [TRUST] ✅ Last signer 'B6' is trusted (0.500 >= 0.500). Accepting message.
1755024209: Received PUBLISH from dhruvubuntu.b6_to_b7 (d0, q0, r0, m0, 'groundfloor/kitchen', ... (205 bytes))
1755024209: [PLUGIN][B7] [TRUST] Evaluating message with signers: [ B0 B2 B4 B6 ]
1755024209: [PLUGIN][B7] [TRUST] Evaluating message based on last signer only.
1755024209: [PLUGIN][B7] [TRUST] Looking up direct trust from 'B6' to 'B7'
1755024209: [PLUGIN][B7] [TRUST] Found link from 'B6'. r=0, s=0. Direct trust is 0.500
1755024209: [PLUGIN][B7] [TRUST] ✅ Last signer 'B6' is trusted (0.500 >= 0.500). Accepting message.
1755024213: Received PINGREQ from dhruvubuntu.b6_to_b7
1755024213: Sending PINGRESP to dhruvubuntu.b6_to_b7
1755024213: [PLUGIN][B7] [REFRESH] Periodic map refresh triggered.
1755024220: Received PUBLISH from dhruvubuntu.b6_to_b7 (d0, q0, r0, m0, 'groundfloor/kitchen', ... (205 bytes))
1755024220: [PLUGIN][B7] [TRUST] Evaluating message with signers: [ B0 B2 B5 B6 ]
1755024220: [PLUGIN][B7] [TRUST] Evaluating message based on last signer only.
1755024220: [PLUGIN][B7] [TRUST] Looking up direct trust from 'B6' to 'B7'
1755024220: [PLUGIN][B7] [TRUST] Found link from 'B6'. r=0, s=0. Direct trust is 0.500
1755024220: [PLUGIN][B7] [TRUST] ✅ Last signer 'B6' is trusted (0.500 >= 0.500). Accepting message.
1755024220: Received PUBLISH from dhruvubuntu.b6_to_b7 (d0, q0, r0, m0, 'groundfloor/kitchen', ... (205 bytes))
1755024220: [PLUGIN][B7] [TRUST] Evaluating message with signers: [ B0 B1 B4 B6 ]
1755024220: [PLUGIN][B7] [TRUST] Evaluating message based on last signer only.
1755024220: [PLUGIN][B7] [TRUST] Looking up direct trust from 'B6' to 'B7'
1755024220: [PLUGIN][B7] [TRUST] Found link from 'B6'. r=0, s=0. Direct trust is 0.500
1755024220: [PLUGIN][B7] [TRUST] ✅ Last signer 'B6' is trusted (0.500 >= 0.500). Accepting message.
1755024220: Received PUBLISH from dhruvubuntu.b6_to_b7 (d0, q0, r0, m0, 'groundfloor/kitchen', ... (205 bytes))
1755024220: [PLUGIN][B7] [TRUST] Evaluating message with signers: [ B0 B2 B4 B6 ]
1755024220: [PLUGIN][B7] [TRUST] Evaluating message based on last signer only.
1755024220: [PLUGIN][B7] [TRUST] Looking up direct trust from 'B6' to 'B7'
1755024220: [PLUGIN][B7] [TRUST] Found link from 'B6'. r=0, s=0. Direct trust is 0.500
1755024220: [PLUGIN][B7] [TRUST] ✅ Last signer 'B6' is trusted (0.500 >= 0.500). Accepting message.
1755024223: [PLUGIN][B7] [REFRESH] Periodic map refresh triggered.
1755024231: Received PUBLISH from dhruvubuntu.b6_to_b7 (d0, q0, r0, m0, 'groundfloor/kitchen', ... (205 bytes))
1755024231: [PLUGIN][B7] [TRUST] Evaluating message with signers: [ B0 B2 B5 B6 ]
1755024231: [PLUGIN][B7] [TRUST] Evaluating message based on last signer only.
1755024231: [PLUGIN][B7] [TRUST] Looking up direct trust from 'B6' to 'B7'
1755024231: [PLUGIN][B7] [TRUST] Found link from 'B6'. r=0, s=0. Direct trust is 0.500
1755024231: [PLUGIN][B7] [TRUST] ✅ Last signer 'B6' is trusted (0.500 >= 0.500). Accepting message.
1755024231: Received PUBLISH from dhruvubuntu.b6_to_b7 (d0, q0, r0, m0, 'groundfloor/kitchen', ... (205 bytes))
1755024231: [PLUGIN][B7] [TRUST] Evaluating message with signers: [ B0 B2 B4 B6 ]
1755024231: [PLUGIN][B7] [TRUST] Evaluating message based on last signer only.
1755024231: [PLUGIN][B7] [TRUST] Looking up direct trust from 'B6' to 'B7'
1755024231: [PLUGIN][B7] [TRUST] Found link from 'B6'. r=0, s=0. Direct trust is 0.500
1755024231: [PLUGIN][B7] [TRUST] ✅ Last signer 'B6' is trusted (0.500 >= 0.500). Accepting message.
1755024231: Received PUBLISH from dhruvubuntu.b6_to_b7 (d0, q0, r0, m0, 'groundfloor/kitchen', ... (205 bytes))
1755024231: [PLUGIN][B7] [TRUST] Evaluating message with signers: [ B0 B1 B4 B6 ]
1755024231: [PLUGIN][B7] [TRUST] Evaluating message based on last signer only.
1755024231: [PLUGIN][B7] [TRUST] Looking up direct trust from 'B6' to 'B7'
1755024231: [PLUGIN][B7] [TRUST] Found link from 'B6'. r=0, s=0. Direct trust is 0.500
1755024231: [PLUGIN][B7] [TRUST] ✅ Last signer 'B6' is trusted (0.500 >= 0.500). Accepting message.
1755024233: [PLUGIN][B7] [REFRESH] Periodic map refresh triggered.
1755024242: Received PUBLISH from dhruvubuntu.b6_to_b7 (d0, q0, r0, m0, 'groundfloor/kitchen', ... (205 bytes))
1755024242: [PLUGIN][B7] [TRUST] Evaluating message with signers: [ B0 B2 B5 B6 ]
1755024242: [PLUGIN][B7] [TRUST] Evaluating message based on last signer only.
1755024242: [PLUGIN][B7] [TRUST] Looking up direct trust from 'B6' to 'B7'
1755024242: [PLUGIN][B7] [TRUST] Found link from 'B6'. r=0, s=0. Direct trust is 0.500
1755024242: [PLUGIN][B7] [TRUST] ✅ Last signer 'B6' is trusted (0.500 >= 0.500). Accepting message.
1755024242: Received PUBLISH from dhruvubuntu.b6_to_b7 (d0, q0, r0, m0, 'groundfloor/kitchen', ... (205 bytes))
1755024242: [PLUGIN][B7] [TRUST] Evaluating message with signers: [ B0 B2 B4 B6 ]
1755024242: [PLUGIN][B7] [TRUST] Evaluating message based on last signer only.
1755024242: [PLUGIN][B7] [TRUST] Looking up direct trust from 'B6' to 'B7'
1755024242: [PLUGIN][B7] [TRUST] Found link from 'B6'. r=0, s=0. Direct trust is 0.500
1755024242: [PLUGIN][B7] [TRUST] ✅ Last signer 'B6' is trusted (0.500 >= 0.500). Accepting message.
1755024242: Received PUBLISH from dhruvubuntu.b6_to_b7 (d0, q0, r0, m0, 'groundfloor/kitchen', ... (205 bytes))
1755024242: [PLUGIN][B7] [TRUST] Evaluating message with signers: [ B0 B1 B4 B6 ]
1755024242: [PLUGIN][B7] [TRUST] Evaluating message based on last signer only.
1755024242: [PLUGIN][B7] [TRUST] Looking up direct trust from 'B6' to 'B7'
1755024242: [PLUGIN][B7] [TRUST] Found link from 'B6'. r=0, s=0. Direct trust is 0.500
1755024242: [PLUGIN][B7] [TRUST] ✅ Last signer 'B6' is trusted (0.500 >= 0.500). Accepting message.
1755024243: [PLUGIN][B7] [REFRESH] Periodic map refresh triggered.
1755024253: [PLUGIN][B7] [REFRESH] Periodic map refresh triggered.
1755024253: Received PUBLISH from dhruvubuntu.b6_to_b7 (d0, q0, r0, m0, 'groundfloor/kitchen', ... (205 bytes))
1755024253: [PLUGIN][B7] [TRUST] Evaluating message with signers: [ B0 B1 B4 B6 ]
1755024253: [PLUGIN][B7] [TRUST] Evaluating message based on last signer only.
1755024253: [PLUGIN][B7] [TRUST] Looking up direct trust from 'B6' to 'B7'
1755024253: [PLUGIN][B7] [TRUST] Found link from 'B6'. r=0, s=0. Direct trust is 0.500
1755024253: [PLUGIN][B7] [TRUST] ✅ Last signer 'B6' is trusted (0.500 >= 0.500). Accepting message.
1755024253: Received PUBLISH from dhruvubuntu.b6_to_b7 (d0, q0, r0, m0, 'groundfloor/kitchen', ... (205 bytes))
1755024253: [PLUGIN][B7] [TRUST] Evaluating message with signers: [ B0 B2 B5 B6 ]
1755024253: [PLUGIN][B7] [TRUST] Evaluating message based on last signer only.
1755024253: [PLUGIN][B7] [TRUST] Looking up direct trust from 'B6' to 'B7'
1755024253: [PLUGIN][B7] [TRUST] Found link from 'B6'. r=0, s=0. Direct trust is 0.500
1755024253: [PLUGIN][B7] [TRUST] ✅ Last signer 'B6' is trusted (0.500 >= 0.500). Accepting message.
1755024253: Received PUBLISH from dhruvubuntu.b6_to_b7 (d0, q0, r0, m0, 'groundfloor/kitchen', ... (205 bytes))
1755024253: [PLUGIN][B7] [TRUST] Evaluating message with signers: [ B0 B2 B4 B6 ]
1755024253: [PLUGIN][B7] [TRUST] Evaluating message based on last signer only.
1755024253: [PLUGIN][B7] [TRUST] Looking up direct trust from 'B6' to 'B7'
1755024253: [PLUGIN][B7] [TRUST] Found link from 'B6'. r=0, s=0. Direct trust is 0.500
1755024253: [PLUGIN][B7] [TRUST] ✅ Last signer 'B6' is trusted (0.500 >= 0.500). Accepting message.
1755024263: [PLUGIN][B7] [REFRESH] Periodic map refresh triggered.
1755024264: Received PUBLISH from dhruvubuntu.b6_to_b7 (d0, q0, r0, m0, 'groundfloor/kitchen', ... (205 bytes))
1755024264: [PLUGIN][B7] [TRUST] Evaluating message with signers: [ B0 B1 B4 B6 ]
1755024264: [PLUGIN][B7] [TRUST] Evaluating message based on last signer only.
1755024264: [PLUGIN][B7] [TRUST] Looking up direct trust from 'B6' to 'B7'
1755024264: [PLUGIN][B7] [TRUST] Found link from 'B6'. r=0, s=0. Direct trust is 0.500
1755024264: [PLUGIN][B7] [TRUST] ✅ Last signer 'B6' is trusted (0.500 >= 0.500). Accepting message.
1755024264: Received PUBLISH from dhruvubuntu.b6_to_b7 (d0, q0, r0, m0, 'groundfloor/kitchen', ... (205 bytes))
1755024264: [PLUGIN][B7] [TRUST] Evaluating message with signers: [ B0 B2 B5 B6 ]
1755024264: [PLUGIN][B7] [TRUST] Evaluating message based on last signer only.
1755024264: [PLUGIN][B7] [TRUST] Looking up direct trust from 'B6' to 'B7'
1755024264: [PLUGIN][B7] [TRUST] Found link from 'B6'. r=0, s=0. Direct trust is 0.500
1755024264: [PLUGIN][B7] [TRUST] ✅ Last signer 'B6' is trusted (0.500 >= 0.500). Accepting message.
1755024264: Received PUBLISH from dhruvubuntu.b6_to_b7 (d0, q0, r0, m0, 'groundfloor/kitchen', ... (205 bytes))
1755024264: [PLUGIN][B7] [TRUST] Evaluating message with signers: [ B0 B2 B4 B6 ]
1755024264: [PLUGIN][B7] [TRUST] Evaluating message based on last signer only.
1755024264: [PLUGIN][B7] [TRUST] Looking up direct trust from 'B6' to 'B7'
1755024264: [PLUGIN][B7] [TRUST] Found link from 'B6'. r=0, s=0. Direct trust is 0.500
1755024264: [PLUGIN][B7] [TRUST] ✅ Last signer 'B6' is trusted (0.500 >= 0.500). Accepting message.
1755024273: Received PINGREQ from dhruvubuntu.b6_to_b7
1755024273: Sending PINGRESP to dhruvubuntu.b6_to_b7
1755024273: [PLUGIN][B7] [REFRESH] Periodic map refresh triggered.
1755024275: Received PUBLISH from dhruvubuntu.b6_to_b7 (d0, q0, r0, m0, 'groundfloor/kitchen', ... (205 bytes))
1755024275: [PLUGIN][B7] [TRUST] Evaluating message with signers: [ B0 B2 B5 B6 ]
1755024275: [PLUGIN][B7] [TRUST] Evaluating message based on last signer only.
1755024275: [PLUGIN][B7] [TRUST] Looking up direct trust from 'B6' to 'B7'
1755024275: [PLUGIN][B7] [TRUST] Found link from 'B6'. r=0, s=0. Direct trust is 0.500
1755024275: [PLUGIN][B7] [TRUST] ✅ Last signer 'B6' is trusted (0.500 >= 0.500). Accepting message.
1755024275: Received PUBLISH from dhruvubuntu.b6_to_b7 (d0, q0, r0, m0, 'groundfloor/kitchen', ... (205 bytes))
1755024275: [PLUGIN][B7] [TRUST] Evaluating message with signers: [ B0 B2 B4 B6 ]
1755024275: [PLUGIN][B7] [TRUST] Evaluating message based on last signer only.
1755024275: [PLUGIN][B7] [TRUST] Looking up direct trust from 'B6' to 'B7'
1755024275: [PLUGIN][B7] [TRUST] Found link from 'B6'. r=0, s=0. Direct trust is 0.500
1755024275: [PLUGIN][B7] [TRUST] ✅ Last signer 'B6' is trusted (0.500 >= 0.500). Accepting message.
1755024275: Received PUBLISH from dhruvubuntu.b6_to_b7 (d0, q0, r0, m0, 'groundfloor/kitchen', ... (205 bytes))
1755024275: [PLUGIN][B7] [TRUST] Evaluating message with signers: [ B0 B1 B4 B6 ]
1755024275: [PLUGIN][B7] [TRUST] Evaluating message based on last signer only.
1755024275: [PLUGIN][B7] [TRUST] Looking up direct trust from 'B6' to 'B7'
1755024275: [PLUGIN][B7] [TRUST] Found link from 'B6'. r=0, s=0. Direct trust is 0.500
1755024275: [PLUGIN][B7] [TRUST] ✅ Last signer 'B6' is trusted (0.500 >= 0.500). Accepting message.
1755024283: [PLUGIN][B7] [REFRESH] Periodic map refresh triggered.
1755024286: Received PUBLISH from dhruvubuntu.b6_to_b7 (d0, q0, r0, m0, 'groundfloor/kitchen', ... (205 bytes))
1755024286: [PLUGIN][B7] [TRUST] Evaluating message with signers: [ B0 B1 B4 B6 ]
1755024286: [PLUGIN][B7] [TRUST] Evaluating message based on last signer only.
1755024286: [PLUGIN][B7] [TRUST] Looking up direct trust from 'B6' to 'B7'
1755024286: [PLUGIN][B7] [TRUST] Found link from 'B6'. r=0, s=0. Direct trust is 0.500
1755024286: [PLUGIN][B7] [TRUST] ✅ Last signer 'B6' is trusted (0.500 >= 0.500). Accepting message.
1755024286: Received PUBLISH from dhruvubuntu.b6_to_b7 (d0, q0, r0, m0, 'groundfloor/kitchen', ... (205 bytes))
1755024286: [PLUGIN][B7] [TRUST] Evaluating message with signers: [ B0 B2 B5 B6 ]
1755024286: [PLUGIN][B7] [TRUST] Evaluating message based on last signer only.
1755024286: [PLUGIN][B7] [TRUST] Looking up direct trust from 'B6' to 'B7'
1755024286: [PLUGIN][B7] [TRUST] Found link from 'B6'. r=0, s=0. Direct trust is 0.500
1755024286: [PLUGIN][B7] [TRUST] ✅ Last signer 'B6' is trusted (0.500 >= 0.500). Accepting message.
1755024286: Received PUBLISH from dhruvubuntu.b6_to_b7 (d0, q0, r0, m0, 'groundfloor/kitchen', ... (205 bytes))
1755024286: [PLUGIN][B7] [TRUST] Evaluating message with signers: [ B0 B2 B4 B6 ]
1755024286: [PLUGIN][B7] [TRUST] Evaluating message based on last signer only.
1755024286: [PLUGIN][B7] [TRUST] Looking up direct trust from 'B6' to 'B7'
1755024286: [PLUGIN][B7] [TRUST] Found link from 'B6'. r=0, s=0. Direct trust is 0.500
1755024286: [PLUGIN][B7] [TRUST] ✅ Last signer 'B6' is trusted (0.500 >= 0.500). Accepting message.
1755024293: [PLUGIN][B7] [REFRESH] Periodic map refresh triggered.
1755024297: Received PUBLISH from dhruvubuntu.b6_to_b7 (d0, q0, r0, m0, 'groundfloor/kitchen', ... (205 bytes))
1755024297: [PLUGIN][B7] [TRUST] Evaluating message with signers: [ B0 B2 B4 B6 ]
1755024297: [PLUGIN][B7] [TRUST] Evaluating message based on last signer only.
1755024297: [PLUGIN][B7] [TRUST] Looking up direct trust from 'B6' to 'B7'
1755024297: [PLUGIN][B7] [TRUST] Found link from 'B6'. r=0, s=0. Direct trust is 0.500
1755024297: [PLUGIN][B7] [TRUST] ✅ Last signer 'B6' is trusted (0.500 >= 0.500). Accepting message.
1755024297: Received PUBLISH from dhruvubuntu.b6_to_b7 (d0, q0, r0, m0, 'groundfloor/kitchen', ... (205 bytes))
1755024297: [PLUGIN][B7] [TRUST] Evaluating message with signers: [ B0 B2 B5 B6 ]
1755024297: [PLUGIN][B7] [TRUST] Evaluating message based on last signer only.
1755024297: [PLUGIN][B7] [TRUST] Looking up direct trust from 'B6' to 'B7'
1755024297: [PLUGIN][B7] [TRUST] Found link from 'B6'. r=0, s=0. Direct trust is 0.500
1755024297: [PLUGIN][B7] [TRUST] ✅ Last signer 'B6' is trusted (0.500 >= 0.500). Accepting message.
1755024297: Received PUBLISH from dhruvubuntu.b6_to_b7 (d0, q0, r0, m0, 'groundfloor/kitchen', ... (205 bytes))
1755024297: [PLUGIN][B7] [TRUST] Evaluating message with signers: [ B0 B1 B4 B6 ]
1755024297: [PLUGIN][B7] [TRUST] Evaluating message based on last signer only.
1755024297: [PLUGIN][B7] [TRUST] Looking up direct trust from 'B6' to 'B7'
1755024297: [PLUGIN][B7] [TRUST] Found link from 'B6'. r=0, s=0. Direct trust is 0.500
1755024297: [PLUGIN][B7] [TRUST] ✅ Last signer 'B6' is trusted (0.500 >= 0.500). Accepting message.
1755024303: [PLUGIN][B7] [REFRESH] Periodic map refresh triggered.
1755024308: Received PUBLISH from dhruvubuntu.b6_to_b7 (d0, q0, r0, m0, 'groundfloor/kitchen', ... (205 bytes))
1755024308: [PLUGIN][B7] [TRUST] Evaluating message with signers: [ B0 B2 B4 B6 ]
1755024308: [PLUGIN][B7] [TRUST] Evaluating message based on last signer only.
1755024308: [PLUGIN][B7] [TRUST] Looking up direct trust from 'B6' to 'B7'
1755024308: [PLUGIN][B7] [TRUST] Found link from 'B6'. r=0, s=0. Direct trust is 0.500
1755024308: [PLUGIN][B7] [TRUST] ✅ Last signer 'B6' is trusted (0.500 >= 0.500). Accepting message.
1755024308: Received PUBLISH from dhruvubuntu.b6_to_b7 (d0, q0, r0, m0, 'groundfloor/kitchen', ... (205 bytes))
1755024308: [PLUGIN][B7] [TRUST] Evaluating message with signers: [ B0 B2 B5 B6 ]
1755024308: [PLUGIN][B7] [TRUST] Evaluating message based on last signer only.
1755024308: [PLUGIN][B7] [TRUST] Looking up direct trust from 'B6' to 'B7'
1755024308: [PLUGIN][B7] [TRUST] Found link from 'B6'. r=0, s=0. Direct trust is 0.500
1755024308: [PLUGIN][B7] [TRUST] ✅ Last signer 'B6' is trusted (0.500 >= 0.500). Accepting message.
1755024308: Received PUBLISH from dhruvubuntu.b6_to_b7 (d0, q0, r0, m0, 'groundfloor/kitchen', ... (205 bytes))
1755024308: [PLUGIN][B7] [TRUST] Evaluating message with signers: [ B0 B1 B4 B6 ]
1755024308: [PLUGIN][B7] [TRUST] Evaluating message based on last signer only.
1755024308: [PLUGIN][B7] [TRUST] Looking up direct trust from 'B6' to 'B7'
1755024308: [PLUGIN][B7] [TRUST] Found link from 'B6'. r=0, s=0. Direct trust is 0.500
1755024308: [PLUGIN][B7] [TRUST] ✅ Last signer 'B6' is trusted (0.500 >= 0.500). Accepting message.
1755024313: [PLUGIN][B7] [REFRESH] Periodic map refresh triggered.
1755024319: Received PUBLISH from dhruvubuntu.b6_to_b7 (d0, q0, r0, m0, 'groundfloor/kitchen', ... (205 bytes))
1755024319: [PLUGIN][B7] [TRUST] Evaluating message with signers: [ B0 B2 B5 B6 ]
1755024319: [PLUGIN][B7] [TRUST] Evaluating message based on last signer only.
1755024319: [PLUGIN][B7] [TRUST] Looking up direct trust from 'B6' to 'B7'
1755024319: [PLUGIN][B7] [TRUST] Found link from 'B6'. r=0, s=0. Direct trust is 0.500
1755024319: [PLUGIN][B7] [TRUST] ✅ Last signer 'B6' is trusted (0.500 >= 0.500). Accepting message.
1755024319: Received PUBLISH from dhruvubuntu.b6_to_b7 (d0, q0, r0, m0, 'groundfloor/kitchen', ... (205 bytes))
1755024319: [PLUGIN][B7] [TRUST] Evaluating message with signers: [ B0 B2 B4 B6 ]
1755024319: [PLUGIN][B7] [TRUST] Evaluating message based on last signer only.
1755024319: [PLUGIN][B7] [TRUST] Looking up direct trust from 'B6' to 'B7'
1755024319: [PLUGIN][B7] [TRUST] Found link from 'B6'. r=0, s=0. Direct trust is 0.500
1755024319: [PLUGIN][B7] [TRUST] ✅ Last signer 'B6' is trusted (0.500 >= 0.500). Accepting message.
1755024319: Received PUBLISH from dhruvubuntu.b6_to_b7 (d0, q0, r0, m0, 'groundfloor/kitchen', ... (205 bytes))
1755024319: [PLUGIN][B7] [TRUST] Evaluating message with signers: [ B0 B1 B4 B6 ]
1755024319: [PLUGIN][B7] [TRUST] Evaluating message based on last signer only.
1755024319: [PLUGIN][B7] [TRUST] Looking up direct trust from 'B6' to 'B7'
1755024319: [PLUGIN][B7] [TRUST] Found link from 'B6'. r=0, s=0. Direct trust is 0.500
1755024319: [PLUGIN][B7] [TRUST] ✅ Last signer 'B6' is trusted (0.500 >= 0.500). Accepting message.
1755024323: [PLUGIN][B7] [REFRESH] Periodic map refresh triggered.
1755024330: Received PUBLISH from dhruvubuntu.b6_to_b7 (d0, q0, r0, m0, 'groundfloor/kitchen', ... (205 bytes))
1755024330: [PLUGIN][B7] [TRUST] Evaluating message with signers: [ B0 B2 B4 B6 ]
1755024330: [PLUGIN][B7] [TRUST] Evaluating message based on last signer only.
1755024330: [PLUGIN][B7] [TRUST] Looking up direct trust from 'B6' to 'B7'
1755024330: [PLUGIN][B7] [TRUST] Found link from 'B6'. r=0, s=0. Direct trust is 0.500
1755024330: [PLUGIN][B7] [TRUST] ✅ Last signer 'B6' is trusted (0.500 >= 0.500). Accepting message.
1755024330: Received PUBLISH from dhruvubuntu.b6_to_b7 (d0, q0, r0, m0, 'groundfloor/kitchen', ... (205 bytes))
1755024330: [PLUGIN][B7] [TRUST] Evaluating message with signers: [ B0 B1 B4 B6 ]
1755024330: [PLUGIN][B7] [TRUST] Evaluating message based on last signer only.
1755024330: [PLUGIN][B7] [TRUST] Looking up direct trust from 'B6' to 'B7'
1755024330: [PLUGIN][B7] [TRUST] Found link from 'B6'. r=0, s=0. Direct trust is 0.500
1755024330: [PLUGIN][B7] [TRUST] ✅ Last signer 'B6' is trusted (0.500 >= 0.500). Accepting message.
1755024330: Received PUBLISH from dhruvubuntu.b6_to_b7 (d0, q0, r0, m0, 'groundfloor/kitchen', ... (205 bytes))
1755024330: [PLUGIN][B7] [TRUST] Evaluating message with signers: [ B0 B2 B5 B6 ]
1755024330: [PLUGIN][B7] [TRUST] Evaluating message based on last signer only.
1755024330: [PLUGIN][B7] [TRUST] Looking up direct trust from 'B6' to 'B7'
1755024330: [PLUGIN][B7] [TRUST] Found link from 'B6'. r=0, s=0. Direct trust is 0.500
1755024330: [PLUGIN][B7] [TRUST] ✅ Last signer 'B6' is trusted (0.500 >= 0.500). Accepting message.
1755024333: [PLUGIN][B7] [REFRESH] Periodic map refresh triggered.
1755024333: Received PINGREQ from dhruvubuntu.b6_to_b7
1755024333: Sending PINGRESP to dhruvubuntu.b6_to_b7
1755024341: Received PUBLISH from dhruvubuntu.b6_to_b7 (d0, q0, r0, m0, 'groundfloor/kitchen', ... (205 bytes))
1755024341: [PLUGIN][B7] [TRUST] Evaluating message with signers: [ B0 B2 B5 B6 ]
1755024341: [PLUGIN][B7] [TRUST] Evaluating message based on last signer only.
1755024341: [PLUGIN][B7] [TRUST] Looking up direct trust from 'B6' to 'B7'
1755024341: [PLUGIN][B7] [TRUST] Found link from 'B6'. r=0, s=0. Direct trust is 0.500
1755024341: [PLUGIN][B7] [TRUST] ✅ Last signer 'B6' is trusted (0.500 >= 0.500). Accepting message.
1755024341: Received PUBLISH from dhruvubuntu.b6_to_b7 (d0, q0, r0, m0, 'groundfloor/kitchen', ... (205 bytes))
1755024341: [PLUGIN][B7] [TRUST] Evaluating message with signers: [ B0 B2 B4 B6 ]
1755024341: [PLUGIN][B7] [TRUST] Evaluating message based on last signer only.
1755024341: [PLUGIN][B7] [TRUST] Looking up direct trust from 'B6' to 'B7'
1755024341: [PLUGIN][B7] [TRUST] Found link from 'B6'. r=0, s=0. Direct trust is 0.500
1755024341: [PLUGIN][B7] [TRUST] ✅ Last signer 'B6' is trusted (0.500 >= 0.500). Accepting message.
1755024341: Received PUBLISH from dhruvubuntu.b6_to_b7 (d0, q0, r0, m0, 'groundfloor/kitchen', ... (205 bytes))
1755024341: [PLUGIN][B7] [TRUST] Evaluating message with signers: [ B0 B1 B4 B6 ]
1755024341: [PLUGIN][B7] [TRUST] Evaluating message based on last signer only.
1755024341: [PLUGIN][B7] [TRUST] Looking up direct trust from 'B6' to 'B7'
1755024341: [PLUGIN][B7] [TRUST] Found link from 'B6'. r=0, s=0. Direct trust is 0.500
1755024341: [PLUGIN][B7] [TRUST] ✅ Last signer 'B6' is trusted (0.500 >= 0.500). Accepting message.
1755024343: [PLUGIN][B7] [REFRESH] Periodic map refresh triggered.
1755024352: Received PUBLISH from dhruvubuntu.b6_to_b7 (d0, q0, r0, m0, 'groundfloor/kitchen', ... (205 bytes))
1755024352: [PLUGIN][B7] [TRUST] Evaluating message with signers: [ B0 B2 B5 B6 ]
1755024352: [PLUGIN][B7] [TRUST] Evaluating message based on last signer only.
1755024352: [PLUGIN][B7] [TRUST] Looking up direct trust from 'B6' to 'B7'
1755024352: [PLUGIN][B7] [TRUST] Found link from 'B6'. r=0, s=0. Direct trust is 0.500
1755024352: [PLUGIN][B7] [TRUST] ✅ Last signer 'B6' is trusted (0.500 >= 0.500). Accepting message.
1755024352: Received PUBLISH from dhruvubuntu.b6_to_b7 (d0, q0, r0, m0, 'groundfloor/kitchen', ... (205 bytes))
1755024352: [PLUGIN][B7] [TRUST] Evaluating message with signers: [ B0 B1 B4 B6 ]
1755024352: [PLUGIN][B7] [TRUST] Evaluating message based on last signer only.
1755024352: [PLUGIN][B7] [TRUST] Looking up direct trust from 'B6' to 'B7'
1755024352: [PLUGIN][B7] [TRUST] Found link from 'B6'. r=0, s=0. Direct trust is 0.500
1755024352: [PLUGIN][B7] [TRUST] ✅ Last signer 'B6' is trusted (0.500 >= 0.500). Accepting message.
1755024352: Received PUBLISH from dhruvubuntu.b6_to_b7 (d0, q0, r0, m0, 'groundfloor/kitchen', ... (205 bytes))
1755024352: [PLUGIN][B7] [TRUST] Evaluating message with signers: [ B0 B2 B4 B6 ]
1755024352: [PLUGIN][B7] [TRUST] Evaluating message based on last signer only.
1755024352: [PLUGIN][B7] [TRUST] Looking up direct trust from 'B6' to 'B7'
1755024352: [PLUGIN][B7] [TRUST] Found link from 'B6'. r=0, s=0. Direct trust is 0.500
1755024352: [PLUGIN][B7] [TRUST] ✅ Last signer 'B6' is trusted (0.500 >= 0.500). Accepting message.
1755024353: [PLUGIN][B7] [REFRESH] Periodic map refresh triggered.
1755024363: [PLUGIN][B7] [REFRESH] Periodic map refresh triggered.
1755024363: Received PUBLISH from dhruvubuntu.b6_to_b7 (d0, q0, r0, m0, 'groundfloor/kitchen', ... (205 bytes))
1755024363: [PLUGIN][B7] [TRUST] Evaluating message with signers: [ B0 B2 B5 B6 ]
1755024363: [PLUGIN][B7] [TRUST] Evaluating message based on last signer only.
1755024363: [PLUGIN][B7] [TRUST] Looking up direct trust from 'B6' to 'B7'
1755024363: [PLUGIN][B7] [TRUST] Found link from 'B6'. r=0, s=0. Direct trust is 0.500
1755024363: [PLUGIN][B7] [TRUST] ✅ Last signer 'B6' is trusted (0.500 >= 0.500). Accepting message.
1755024363: Received PUBLISH from dhruvubuntu.b6_to_b7 (d0, q0, r0, m0, 'groundfloor/kitchen', ... (205 bytes))
1755024363: [PLUGIN][B7] [TRUST] Evaluating message with signers: [ B0 B2 B4 B6 ]
1755024363: [PLUGIN][B7] [TRUST] Evaluating message based on last signer only.
1755024363: [PLUGIN][B7] [TRUST] Looking up direct trust from 'B6' to 'B7'
1755024363: [PLUGIN][B7] [TRUST] Found link from 'B6'. r=0, s=0. Direct trust is 0.500
1755024363: [PLUGIN][B7] [TRUST] ✅ Last signer 'B6' is trusted (0.500 >= 0.500). Accepting message.
1755024363: Received PUBLISH from dhruvubuntu.b6_to_b7 (d0, q0, r0, m0, 'groundfloor/kitchen', ... (205 bytes))
1755024363: [PLUGIN][B7] [TRUST] Evaluating message with signers: [ B0 B1 B4 B6 ]
1755024363: [PLUGIN][B7] [TRUST] Evaluating message based on last signer only.
1755024363: [PLUGIN][B7] [TRUST] Looking up direct trust from 'B6' to 'B7'
1755024363: [PLUGIN][B7] [TRUST] Found link from 'B6'. r=0, s=0. Direct trust is 0.500
1755024363: [PLUGIN][B7] [TRUST] ✅ Last signer 'B6' is trusted (0.500 >= 0.500). Accepting message.
1755024373: [PLUGIN][B7] [REFRESH] Periodic map refresh triggered.
1755024374: Received PUBLISH from dhruvubuntu.b6_to_b7 (d0, q0, r0, m0, 'groundfloor/kitchen', ... (205 bytes))
1755024374: [PLUGIN][B7] [TRUST] Evaluating message with signers: [ B0 B2 B5 B6 ]
1755024374: [PLUGIN][B7] [TRUST] Evaluating message based on last signer only.
1755024374: [PLUGIN][B7] [TRUST] Looking up direct trust from 'B6' to 'B7'
1755024374: [PLUGIN][B7] [TRUST] Found link from 'B6'. r=0, s=0. Direct trust is 0.500
1755024374: [PLUGIN][B7] [TRUST] ✅ Last signer 'B6' is trusted (0.500 >= 0.500). Accepting message.
1755024375: Received PUBLISH from dhruvubuntu.b6_to_b7 (d0, q0, r0, m0, 'groundfloor/kitchen', ... (205 bytes))
1755024375: [PLUGIN][B7] [TRUST] Evaluating message with signers: [ B0 B2 B4 B6 ]
1755024375: [PLUGIN][B7] [TRUST] Evaluating message based on last signer only.
1755024375: [PLUGIN][B7] [TRUST] Looking up direct trust from 'B6' to 'B7'
1755024375: [PLUGIN][B7] [TRUST] Found link from 'B6'. r=0, s=0. Direct trust is 0.500
1755024375: [PLUGIN][B7] [TRUST] ✅ Last signer 'B6' is trusted (0.500 >= 0.500). Accepting message.
1755024375: Received PUBLISH from dhruvubuntu.b6_to_b7 (d0, q0, r0, m0, 'groundfloor/kitchen', ... (205 bytes))
1755024375: [PLUGIN][B7] [TRUST] Evaluating message with signers: [ B0 B1 B4 B6 ]
1755024375: [PLUGIN][B7] [TRUST] Evaluating message based on last signer only.
1755024375: [PLUGIN][B7] [TRUST] Looking up direct trust from 'B6' to 'B7'
1755024375: [PLUGIN][B7] [TRUST] Found link from 'B6'. r=0, s=0. Direct trust is 0.500
1755024375: [PLUGIN][B7] [TRUST] ✅ Last signer 'B6' is trusted (0.500 >= 0.500). Accepting message.
1755024383: [PLUGIN][B7] [REFRESH] Periodic map refresh triggered.
1755024386: Received PUBLISH from dhruvubuntu.b6_to_b7 (d0, q0, r0, m0, 'groundfloor/kitchen', ... (205 bytes))
1755024386: [PLUGIN][B7] [TRUST] Evaluating message with signers: [ B0 B1 B4 B6 ]
1755024386: [PLUGIN][B7] [TRUST] Evaluating message based on last signer only.
1755024386: [PLUGIN][B7] [TRUST] Looking up direct trust from 'B6' to 'B7'
1755024386: [PLUGIN][B7] [TRUST] Found link from 'B6'. r=0, s=0. Direct trust is 0.500
1755024386: [PLUGIN][B7] [TRUST] ✅ Last signer 'B6' is trusted (0.500 >= 0.500). Accepting message.
1755024386: Received PUBLISH from dhruvubuntu.b6_to_b7 (d0, q0, r0, m0, 'groundfloor/kitchen', ... (205 bytes))
1755024386: [PLUGIN][B7] [TRUST] Evaluating message with signers: [ B0 B2 B4 B6 ]
1755024386: [PLUGIN][B7] [TRUST] Evaluating message based on last signer only.
1755024386: [PLUGIN][B7] [TRUST] Looking up direct trust from 'B6' to 'B7'
1755024386: [PLUGIN][B7] [TRUST] Found link from 'B6'. r=0, s=0. Direct trust is 0.500
1755024386: [PLUGIN][B7] [TRUST] ✅ Last signer 'B6' is trusted (0.500 >= 0.500). Accepting message.
1755024386: Received PUBLISH from dhruvubuntu.b6_to_b7 (d0, q0, r0, m0, 'groundfloor/kitchen', ... (205 bytes))
1755024386: [PLUGIN][B7] [TRUST] Evaluating message with signers: [ B0 B2 B5 B6 ]
1755024386: [PLUGIN][B7] [TRUST] Evaluating message based on last signer only.
1755024386: [PLUGIN][B7] [TRUST] Looking up direct trust from 'B6' to 'B7'
1755024386: [PLUGIN][B7] [TRUST] Found link from 'B6'. r=0, s=0. Direct trust is 0.500
1755024386: [PLUGIN][B7] [TRUST] ✅ Last signer 'B6' is trusted (0.500 >= 0.500). Accepting message.
1755024393: Received PINGREQ from dhruvubuntu.b6_to_b7
1755024393: Sending PINGRESP to dhruvubuntu.b6_to_b7
1755024393: [PLUGIN][B7] [REFRESH] Periodic map refresh triggered.
1755024397: Received PUBLISH from dhruvubuntu.b6_to_b7 (d0, q0, r0, m0, 'groundfloor/kitchen', ... (205 bytes))
1755024397: [PLUGIN][B7] [TRUST] Evaluating message with signers: [ B0 B2 B5 B6 ]
1755024397: [PLUGIN][B7] [TRUST] Evaluating message based on last signer only.
1755024397: [PLUGIN][B7] [TRUST] Looking up direct trust from 'B6' to 'B7'
1755024397: [PLUGIN][B7] [TRUST] Found link from 'B6'. r=0, s=0. Direct trust is 0.500
1755024397: [PLUGIN][B7] [TRUST] ✅ Last signer 'B6' is trusted (0.500 >= 0.500). Accepting message.
1755024397: Received PUBLISH from dhruvubuntu.b6_to_b7 (d0, q0, r0, m0, 'groundfloor/kitchen', ... (205 bytes))
1755024397: [PLUGIN][B7] [TRUST] Evaluating message with signers: [ B0 B2 B4 B6 ]
1755024397: [PLUGIN][B7] [TRUST] Evaluating message based on last signer only.
1755024397: [PLUGIN][B7] [TRUST] Looking up direct trust from 'B6' to 'B7'
1755024397: [PLUGIN][B7] [TRUST] Found link from 'B6'. r=0, s=0. Direct trust is 0.500
1755024397: [PLUGIN][B7] [TRUST] ✅ Last signer 'B6' is trusted (0.500 >= 0.500). Accepting message.
1755024397: Received PUBLISH from dhruvubuntu.b6_to_b7 (d0, q0, r0, m0, 'groundfloor/kitchen', ... (205 bytes))
1755024397: [PLUGIN][B7] [TRUST] Evaluating message with signers: [ B0 B1 B4 B6 ]
1755024397: [PLUGIN][B7] [TRUST] Evaluating message based on last signer only.
1755024397: [PLUGIN][B7] [TRUST] Looking up direct trust from 'B6' to 'B7'
1755024397: [PLUGIN][B7] [TRUST] Found link from 'B6'. r=0, s=0. Direct trust is 0.500
1755024397: [PLUGIN][B7] [TRUST] ✅ Last signer 'B6' is trusted (0.500 >= 0.500). Accepting message.
1755024403: [PLUGIN][B7] [REFRESH] Periodic map refresh triggered.
1755024408: Received PUBLISH from dhruvubuntu.b6_to_b7 (d0, q0, r0, m0, 'groundfloor/kitchen', ... (205 bytes))
1755024408: [PLUGIN][B7] [TRUST] Evaluating message with signers: [ B0 B2 B5 B6 ]
1755024408: [PLUGIN][B7] [TRUST] Evaluating message based on last signer only.
1755024408: [PLUGIN][B7] [TRUST] Looking up direct trust from 'B6' to 'B7'
1755024408: [PLUGIN][B7] [TRUST] Found link from 'B6'. r=0, s=0. Direct trust is 0.500
1755024408: [PLUGIN][B7] [TRUST] ✅ Last signer 'B6' is trusted (0.500 >= 0.500). Accepting message.
1755024408: Received PUBLISH from dhruvubuntu.b6_to_b7 (d0, q0, r0, m0, 'groundfloor/kitchen', ... (205 bytes))
1755024408: [PLUGIN][B7] [TRUST] Evaluating message with signers: [ B0 B2 B4 B6 ]
1755024408: [PLUGIN][B7] [TRUST] Evaluating message based on last signer only.
1755024408: [PLUGIN][B7] [TRUST] Looking up direct trust from 'B6' to 'B7'
1755024408: [PLUGIN][B7] [TRUST] Found link from 'B6'. r=0, s=0. Direct trust is 0.500
1755024408: [PLUGIN][B7] [TRUST] ✅ Last signer 'B6' is trusted (0.500 >= 0.500). Accepting message.
1755024408: Received PUBLISH from dhruvubuntu.b6_to_b7 (d0, q0, r0, m0, 'groundfloor/kitchen', ... (205 bytes))
1755024408: [PLUGIN][B7] [TRUST] Evaluating message with signers: [ B0 B1 B4 B6 ]
1755024408: [PLUGIN][B7] [TRUST] Evaluating message based on last signer only.
1755024408: [PLUGIN][B7] [TRUST] Looking up direct trust from 'B6' to 'B7'
1755024408: [PLUGIN][B7] [TRUST] Found link from 'B6'. r=0, s=0. Direct trust is 0.500
1755024408: [PLUGIN][B7] [TRUST] ✅ Last signer 'B6' is trusted (0.500 >= 0.500). Accepting message.
1755024413: [PLUGIN][B7] [REFRESH] Periodic map refresh triggered.
1755024419: Received PUBLISH from dhruvubuntu.b6_to_b7 (d0, q0, r0, m0, 'groundfloor/kitchen', ... (205 bytes))
1755024419: [PLUGIN][B7] [TRUST] Evaluating message with signers: [ B0 B2 B4 B6 ]
1755024419: [PLUGIN][B7] [TRUST] Evaluating message based on last signer only.
1755024419: [PLUGIN][B7] [TRUST] Looking up direct trust from 'B6' to 'B7'
1755024419: [PLUGIN][B7] [TRUST] Found link from 'B6'. r=0, s=0. Direct trust is 0.500
1755024419: [PLUGIN][B7] [TRUST] ✅ Last signer 'B6' is trusted (0.500 >= 0.500). Accepting message.
1755024419: Received PUBLISH from dhruvubuntu.b6_to_b7 (d0, q0, r0, m0, 'groundfloor/kitchen', ... (205 bytes))
1755024419: [PLUGIN][B7] [TRUST] Evaluating message with signers: [ B0 B2 B5 B6 ]
1755024419: [PLUGIN][B7] [TRUST] Evaluating message based on last signer only.
1755024419: [PLUGIN][B7] [TRUST] Looking up direct trust from 'B6' to 'B7'
1755024419: [PLUGIN][B7] [TRUST] Found link from 'B6'. r=0, s=0. Direct trust is 0.500
1755024419: [PLUGIN][B7] [TRUST] ✅ Last signer 'B6' is trusted (0.500 >= 0.500). Accepting message.
1755024419: Received PUBLISH from dhruvubuntu.b6_to_b7 (d0, q0, r0, m0, 'groundfloor/kitchen', ... (205 bytes))
1755024419: [PLUGIN][B7] [TRUST] Evaluating message with signers: [ B0 B1 B4 B6 ]
1755024419: [PLUGIN][B7] [TRUST] Evaluating message based on last signer only.
1755024419: [PLUGIN][B7] [TRUST] Looking up direct trust from 'B6' to 'B7'
1755024419: [PLUGIN][B7] [TRUST] Found link from 'B6'. r=0, s=0. Direct trust is 0.500
1755024419: [PLUGIN][B7] [TRUST] ✅ Last signer 'B6' is trusted (0.500 >= 0.500). Accepting message.
1755024423: [PLUGIN][B7] [REFRESH] Periodic map refresh triggered.
1755024430: Received PUBLISH from dhruvubuntu.b6_to_b7 (d0, q0, r0, m0, 'groundfloor/kitchen', ... (205 bytes))
1755024430: [PLUGIN][B7] [TRUST] Evaluating message with signers: [ B0 B1 B4 B6 ]
1755024430: [PLUGIN][B7] [TRUST] Evaluating message based on last signer only.
1755024430: [PLUGIN][B7] [TRUST] Looking up direct trust from 'B6' to 'B7'
1755024430: [PLUGIN][B7] [TRUST] Found link from 'B6'. r=0, s=0. Direct trust is 0.500
1755024430: [PLUGIN][B7] [TRUST] ✅ Last signer 'B6' is trusted (0.500 >= 0.500). Accepting message.
1755024430: Received PUBLISH from dhruvubuntu.b6_to_b7 (d0, q0, r0, m0, 'groundfloor/kitchen', ... (205 bytes))
1755024430: [PLUGIN][B7] [TRUST] Evaluating message with signers: [ B0 B2 B5 B6 ]
1755024430: [PLUGIN][B7] [TRUST] Evaluating message based on last signer only.
1755024430: [PLUGIN][B7] [TRUST] Looking up direct trust from 'B6' to 'B7'
1755024430: [PLUGIN][B7] [TRUST] Found link from 'B6'. r=0, s=0. Direct trust is 0.500
1755024430: [PLUGIN][B7] [TRUST] ✅ Last signer 'B6' is trusted (0.500 >= 0.500). Accepting message.
1755024430: Received PUBLISH from dhruvubuntu.b6_to_b7 (d0, q0, r0, m0, 'groundfloor/kitchen', ... (205 bytes))
1755024430: [PLUGIN][B7] [TRUST] Evaluating message with signers: [ B0 B2 B4 B6 ]
1755024430: [PLUGIN][B7] [TRUST] Evaluating message based on last signer only.
1755024430: [PLUGIN][B7] [TRUST] Looking up direct trust from 'B6' to 'B7'
1755024430: [PLUGIN][B7] [TRUST] Found link from 'B6'. r=0, s=0. Direct trust is 0.500
1755024430: [PLUGIN][B7] [TRUST] ✅ Last signer 'B6' is trusted (0.500 >= 0.500). Accepting message.
1755024433: [PLUGIN][B7] [REFRESH] Periodic map refresh triggered.
1755024441: Received PUBLISH from dhruvubuntu.b6_to_b7 (d0, q0, r0, m0, 'groundfloor/kitchen', ... (205 bytes))
1755024441: [PLUGIN][B7] [TRUST] Evaluating message with signers: [ B0 B2 B5 B6 ]
1755024441: [PLUGIN][B7] [TRUST] Evaluating message based on last signer only.
1755024441: [PLUGIN][B7] [TRUST] Looking up direct trust from 'B6' to 'B7'
1755024441: [PLUGIN][B7] [TRUST] Found link from 'B6'. r=0, s=0. Direct trust is 0.500
1755024441: [PLUGIN][B7] [TRUST] ✅ Last signer 'B6' is trusted (0.500 >= 0.500). Accepting message.
1755024441: Received PUBLISH from dhruvubuntu.b6_to_b7 (d0, q0, r0, m0, 'groundfloor/kitchen', ... (205 bytes))
1755024441: [PLUGIN][B7] [TRUST] Evaluating message with signers: [ B0 B2 B4 B6 ]
1755024441: [PLUGIN][B7] [TRUST] Evaluating message based on last signer only.
1755024441: [PLUGIN][B7] [TRUST] Looking up direct trust from 'B6' to 'B7'
1755024441: [PLUGIN][B7] [TRUST] Found link from 'B6'. r=0, s=0. Direct trust is 0.500
1755024441: [PLUGIN][B7] [TRUST] ✅ Last signer 'B6' is trusted (0.500 >= 0.500). Accepting message.
1755024441: Received PUBLISH from dhruvubuntu.b6_to_b7 (d0, q0, r0, m0, 'groundfloor/kitchen', ... (205 bytes))
1755024441: [PLUGIN][B7] [TRUST] Evaluating message with signers: [ B0 B1 B4 B6 ]
1755024441: [PLUGIN][B7] [TRUST] Evaluating message based on last signer only.
1755024441: [PLUGIN][B7] [TRUST] Looking up direct trust from 'B6' to 'B7'
1755024441: [PLUGIN][B7] [TRUST] Found link from 'B6'. r=0, s=0. Direct trust is 0.500
1755024441: [PLUGIN][B7] [TRUST] ✅ Last signer 'B6' is trusted (0.500 >= 0.500). Accepting message.
1755024443: [PLUGIN][B7] [REFRESH] Periodic map refresh triggered.
1755024452: Received PUBLISH from dhruvubuntu.b6_to_b7 (d0, q0, r0, m0, 'groundfloor/kitchen', ... (205 bytes))
1755024452: [PLUGIN][B7] [TRUST] Evaluating message with signers: [ B0 B2 B5 B6 ]
1755024452: [PLUGIN][B7] [TRUST] Evaluating message based on last signer only.
1755024452: [PLUGIN][B7] [TRUST] Looking up direct trust from 'B6' to 'B7'
1755024452: [PLUGIN][B7] [TRUST] Found link from 'B6'. r=0, s=0. Direct trust is 0.500
1755024452: [PLUGIN][B7] [TRUST] ✅ Last signer 'B6' is trusted (0.500 >= 0.500). Accepting message.
1755024452: Received PUBLISH from dhruvubuntu.b6_to_b7 (d0, q0, r0, m0, 'groundfloor/kitchen', ... (205 bytes))
1755024452: [PLUGIN][B7] [TRUST] Evaluating message with signers: [ B0 B2 B4 B6 ]
1755024452: [PLUGIN][B7] [TRUST] Evaluating message based on last signer only.
1755024452: [PLUGIN][B7] [TRUST] Looking up direct trust from 'B6' to 'B7'
1755024452: [PLUGIN][B7] [TRUST] Found link from 'B6'. r=0, s=0. Direct trust is 0.500
1755024452: [PLUGIN][B7] [TRUST] ✅ Last signer 'B6' is trusted (0.500 >= 0.500). Accepting message.
1755024452: Received PUBLISH from dhruvubuntu.b6_to_b7 (d0, q0, r0, m0, 'groundfloor/kitchen', ... (205 bytes))
1755024452: [PLUGIN][B7] [TRUST] Evaluating message with signers: [ B0 B1 B4 B6 ]
1755024452: [PLUGIN][B7] [TRUST] Evaluating message based on last signer only.
1755024452: [PLUGIN][B7] [TRUST] Looking up direct trust from 'B6' to 'B7'
1755024452: [PLUGIN][B7] [TRUST] Found link from 'B6'. r=0, s=0. Direct trust is 0.500
1755024452: [PLUGIN][B7] [TRUST] ✅ Last signer 'B6' is trusted (0.500 >= 0.500). Accepting message.
1755024453: Received PINGREQ from dhruvubuntu.b6_to_b7
1755024453: Sending PINGRESP to dhruvubuntu.b6_to_b7
1755024453: [PLUGIN][B7] [REFRESH] Periodic map refresh triggered.
1755024463: [PLUGIN][B7] [REFRESH] Periodic map refresh triggered.
1755024463: Received PUBLISH from dhruvubuntu.b6_to_b7 (d0, q0, r0, m0, 'groundfloor/kitchen', ... (205 bytes))
1755024463: [PLUGIN][B7] [TRUST] Evaluating message with signers: [ B0 B1 B4 B6 ]
1755024463: [PLUGIN][B7] [TRUST] Evaluating message based on last signer only.
1755024463: [PLUGIN][B7] [TRUST] Looking up direct trust from 'B6' to 'B7'
1755024463: [PLUGIN][B7] [TRUST] Found link from 'B6'. r=0, s=0. Direct trust is 0.500
1755024463: [PLUGIN][B7] [TRUST] ✅ Last signer 'B6' is trusted (0.500 >= 0.500). Accepting message.
1755024463: Received PUBLISH from dhruvubuntu.b6_to_b7 (d0, q0, r0, m0, 'groundfloor/kitchen', ... (205 bytes))
1755024463: [PLUGIN][B7] [TRUST] Evaluating message with signers: [ B0 B2 B5 B6 ]
1755024463: [PLUGIN][B7] [TRUST] Evaluating message based on last signer only.
1755024463: [PLUGIN][B7] [TRUST] Looking up direct trust from 'B6' to 'B7'
1755024463: [PLUGIN][B7] [TRUST] Found link from 'B6'. r=0, s=0. Direct trust is 0.500
1755024463: [PLUGIN][B7] [TRUST] ✅ Last signer 'B6' is trusted (0.500 >= 0.500). Accepting message.
1755024463: Received PUBLISH from dhruvubuntu.b6_to_b7 (d0, q0, r0, m0, 'groundfloor/kitchen', ... (205 bytes))
1755024463: [PLUGIN][B7] [TRUST] Evaluating message with signers: [ B0 B2 B4 B6 ]
1755024463: [PLUGIN][B7] [TRUST] Evaluating message based on last signer only.
1755024463: [PLUGIN][B7] [TRUST] Looking up direct trust from 'B6' to 'B7'
1755024463: [PLUGIN][B7] [TRUST] Found link from 'B6'. r=0, s=0. Direct trust is 0.500
1755024463: [PLUGIN][B7] [TRUST] ✅ Last signer 'B6' is trusted (0.500 >= 0.500). Accepting message.
1755024473: [PLUGIN][B7] [REFRESH] Periodic map refresh triggered.
1755024474: Received PUBLISH from dhruvubuntu.b6_to_b7 (d0, q0, r0, m0, 'groundfloor/kitchen', ... (205 bytes))
1755024474: [PLUGIN][B7] [TRUST] Evaluating message with signers: [ B0 B2 B4 B6 ]
1755024474: [PLUGIN][B7] [TRUST] Evaluating message based on last signer only.
1755024474: [PLUGIN][B7] [TRUST] Looking up direct trust from 'B6' to 'B7'
1755024474: [PLUGIN][B7] [TRUST] Found link from 'B6'. r=0, s=0. Direct trust is 0.500
1755024474: [PLUGIN][B7] [TRUST] ✅ Last signer 'B6' is trusted (0.500 >= 0.500). Accepting message.
1755024474: Received PUBLISH from dhruvubuntu.b6_to_b7 (d0, q0, r0, m0, 'groundfloor/kitchen', ... (205 bytes))
1755024474: [PLUGIN][B7] [TRUST] Evaluating message with signers: [ B0 B2 B5 B6 ]
1755024474: [PLUGIN][B7] [TRUST] Evaluating message based on last signer only.
1755024474: [PLUGIN][B7] [TRUST] Looking up direct trust from 'B6' to 'B7'
1755024474: [PLUGIN][B7] [TRUST] Found link from 'B6'. r=0, s=0. Direct trust is 0.500
1755024474: [PLUGIN][B7] [TRUST] ✅ Last signer 'B6' is trusted (0.500 >= 0.500). Accepting message.
1755024474: Received PUBLISH from dhruvubuntu.b6_to_b7 (d0, q0, r0, m0, 'groundfloor/kitchen', ... (205 bytes))
1755024474: [PLUGIN][B7] [TRUST] Evaluating message with signers: [ B0 B1 B4 B6 ]
1755024474: [PLUGIN][B7] [TRUST] Evaluating message based on last signer only.
1755024474: [PLUGIN][B7] [TRUST] Looking up direct trust from 'B6' to 'B7'
1755024474: [PLUGIN][B7] [TRUST] Found link from 'B6'. r=0, s=0. Direct trust is 0.500
1755024474: [PLUGIN][B7] [TRUST] ✅ Last signer 'B6' is trusted (0.500 >= 0.500). Accepting message.
1755024483: [PLUGIN][B7] [REFRESH] Periodic map refresh triggered.
1755024485: Received PUBLISH from dhruvubuntu.b6_to_b7 (d0, q0, r0, m0, 'groundfloor/kitchen', ... (205 bytes))
1755024485: [PLUGIN][B7] [TRUST] Evaluating message with signers: [ B0 B2 B5 B6 ]
1755024485: [PLUGIN][B7] [TRUST] Evaluating message based on last signer only.
1755024485: [PLUGIN][B7] [TRUST] Looking up direct trust from 'B6' to 'B7'
1755024485: [PLUGIN][B7] [TRUST] Found link from 'B6'. r=0, s=0. Direct trust is 0.500
1755024485: [PLUGIN][B7] [TRUST] ✅ Last signer 'B6' is trusted (0.500 >= 0.500). Accepting message.
1755024485: Received PUBLISH from dhruvubuntu.b6_to_b7 (d0, q0, r0, m0, 'groundfloor/kitchen', ... (205 bytes))
1755024485: [PLUGIN][B7] [TRUST] Evaluating message with signers: [ B0 B2 B4 B6 ]
1755024485: [PLUGIN][B7] [TRUST] Evaluating message based on last signer only.
1755024485: [PLUGIN][B7] [TRUST] Looking up direct trust from 'B6' to 'B7'
1755024485: [PLUGIN][B7] [TRUST] Found link from 'B6'. r=0, s=0. Direct trust is 0.500
1755024485: [PLUGIN][B7] [TRUST] ✅ Last signer 'B6' is trusted (0.500 >= 0.500). Accepting message.
1755024485: Received PUBLISH from dhruvubuntu.b6_to_b7 (d0, q0, r0, m0, 'groundfloor/kitchen', ... (205 bytes))
1755024485: [PLUGIN][B7] [TRUST] Evaluating message with signers: [ B0 B1 B4 B6 ]
1755024485: [PLUGIN][B7] [TRUST] Evaluating message based on last signer only.
1755024485: [PLUGIN][B7] [TRUST] Looking up direct trust from 'B6' to 'B7'
1755024485: [PLUGIN][B7] [TRUST] Found link from 'B6'. r=0, s=0. Direct trust is 0.500
1755024485: [PLUGIN][B7] [TRUST] ✅ Last signer 'B6' is trusted (0.500 >= 0.500). Accepting message.
1755024493: [PLUGIN][B7] [REFRESH] Periodic map refresh triggered.
1755024496: Received PUBLISH from dhruvubuntu.b6_to_b7 (d0, q0, r0, m0, 'groundfloor/kitchen', ... (205 bytes))
1755024496: [PLUGIN][B7] [TRUST] Evaluating message with signers: [ B0 B2 B4 B6 ]
1755024496: [PLUGIN][B7] [TRUST] Evaluating message based on last signer only.
1755024496: [PLUGIN][B7] [TRUST] Looking up direct trust from 'B6' to 'B7'
1755024496: [PLUGIN][B7] [TRUST] Found link from 'B6'. r=0, s=0. Direct trust is 0.500
1755024496: [PLUGIN][B7] [TRUST] ✅ Last signer 'B6' is trusted (0.500 >= 0.500). Accepting message.
1755024496: Received PUBLISH from dhruvubuntu.b6_to_b7 (d0, q0, r0, m0, 'groundfloor/kitchen', ... (205 bytes))
1755024496: [PLUGIN][B7] [TRUST] Evaluating message with signers: [ B0 B2 B5 B6 ]
1755024496: [PLUGIN][B7] [TRUST] Evaluating message based on last signer only.
1755024496: [PLUGIN][B7] [TRUST] Looking up direct trust from 'B6' to 'B7'
1755024496: [PLUGIN][B7] [TRUST] Found link from 'B6'. r=0, s=0. Direct trust is 0.500
1755024496: [PLUGIN][B7] [TRUST] ✅ Last signer 'B6' is trusted (0.500 >= 0.500). Accepting message.
1755024496: Received PUBLISH from dhruvubuntu.b6_to_b7 (d0, q0, r0, m0, 'groundfloor/kitchen', ... (205 bytes))
1755024496: [PLUGIN][B7] [TRUST] Evaluating message with signers: [ B0 B1 B4 B6 ]
1755024496: [PLUGIN][B7] [TRUST] Evaluating message based on last signer only.
1755024496: [PLUGIN][B7] [TRUST] Looking up direct trust from 'B6' to 'B7'
1755024496: [PLUGIN][B7] [TRUST] Found link from 'B6'. r=0, s=0. Direct trust is 0.500
1755024496: [PLUGIN][B7] [TRUST] ✅ Last signer 'B6' is trusted (0.500 >= 0.500). Accepting message.
1755024503: [PLUGIN][B7] [REFRESH] Periodic map refresh triggered.
1755024507: Received PUBLISH from dhruvubuntu.b6_to_b7 (d0, q0, r0, m0, 'groundfloor/kitchen', ... (205 bytes))
1755024507: [PLUGIN][B7] [TRUST] Evaluating message with signers: [ B0 B1 B4 B6 ]
1755024507: [PLUGIN][B7] [TRUST] Evaluating message based on last signer only.
1755024507: [PLUGIN][B7] [TRUST] Looking up direct trust from 'B6' to 'B7'
1755024507: [PLUGIN][B7] [TRUST] Found link from 'B6'. r=0, s=0. Direct trust is 0.500
1755024507: [PLUGIN][B7] [TRUST] ✅ Last signer 'B6' is trusted (0.500 >= 0.500). Accepting message.
1755024507: Received PUBLISH from dhruvubuntu.b6_to_b7 (d0, q0, r0, m0, 'groundfloor/kitchen', ... (205 bytes))
1755024507: [PLUGIN][B7] [TRUST] Evaluating message with signers: [ B0 B2 B4 B6 ]
1755024507: [PLUGIN][B7] [TRUST] Evaluating message based on last signer only.
1755024507: [PLUGIN][B7] [TRUST] Looking up direct trust from 'B6' to 'B7'
1755024507: [PLUGIN][B7] [TRUST] Found link from 'B6'. r=0, s=0. Direct trust is 0.500
1755024507: [PLUGIN][B7] [TRUST] ✅ Last signer 'B6' is trusted (0.500 >= 0.500). Accepting message.
1755024507: Received PUBLISH from dhruvubuntu.b6_to_b7 (d0, q0, r0, m0, 'groundfloor/kitchen', ... (205 bytes))
1755024507: [PLUGIN][B7] [TRUST] Evaluating message with signers: [ B0 B2 B5 B6 ]
1755024507: [PLUGIN][B7] [TRUST] Evaluating message based on last signer only.
1755024507: [PLUGIN][B7] [TRUST] Looking up direct trust from 'B6' to 'B7'
1755024507: [PLUGIN][B7] [TRUST] Found link from 'B6'. r=0, s=0. Direct trust is 0.500
1755024507: [PLUGIN][B7] [TRUST] ✅ Last signer 'B6' is trusted (0.500 >= 0.500). Accepting message.
1755024513: Received PINGREQ from dhruvubuntu.b6_to_b7
1755024513: Sending PINGRESP to dhruvubuntu.b6_to_b7
1755024513: [PLUGIN][B7] [REFRESH] Periodic map refresh triggered.
1755024518: Received PUBLISH from dhruvubuntu.b6_to_b7 (d0, q0, r0, m0, 'groundfloor/kitchen', ... (205 bytes))
1755024518: [PLUGIN][B7] [TRUST] Evaluating message with signers: [ B0 B2 B5 B6 ]
1755024518: [PLUGIN][B7] [TRUST] Evaluating message based on last signer only.
1755024518: [PLUGIN][B7] [TRUST] Looking up direct trust from 'B6' to 'B7'
1755024518: [PLUGIN][B7] [TRUST] Found link from 'B6'. r=0, s=0. Direct trust is 0.500
1755024518: [PLUGIN][B7] [TRUST] ✅ Last signer 'B6' is trusted (0.500 >= 0.500). Accepting message.
1755024518: Received PUBLISH from dhruvubuntu.b6_to_b7 (d0, q0, r0, m0, 'groundfloor/kitchen', ... (205 bytes))
1755024518: [PLUGIN][B7] [TRUST] Evaluating message with signers: [ B0 B2 B4 B6 ]
1755024518: [PLUGIN][B7] [TRUST] Evaluating message based on last signer only.
1755024518: [PLUGIN][B7] [TRUST] Looking up direct trust from 'B6' to 'B7'
1755024518: [PLUGIN][B7] [TRUST] Found link from 'B6'. r=0, s=0. Direct trust is 0.500
1755024518: [PLUGIN][B7] [TRUST] ✅ Last signer 'B6' is trusted (0.500 >= 0.500). Accepting message.
1755024518: Received PUBLISH from dhruvubuntu.b6_to_b7 (d0, q0, r0, m0, 'groundfloor/kitchen', ... (205 bytes))
1755024518: [PLUGIN][B7] [TRUST] Evaluating message with signers: [ B0 B1 B4 B6 ]
1755024518: [PLUGIN][B7] [TRUST] Evaluating message based on last signer only.
1755024518: [PLUGIN][B7] [TRUST] Looking up direct trust from 'B6' to 'B7'
1755024518: [PLUGIN][B7] [TRUST] Found link from 'B6'. r=0, s=0. Direct trust is 0.500
1755024518: [PLUGIN][B7] [TRUST] ✅ Last signer 'B6' is trusted (0.500 >= 0.500). Accepting message.
1755024523: [PLUGIN][B7] [REFRESH] Periodic map refresh triggered.
1755024529: Received PUBLISH from dhruvubuntu.b6_to_b7 (d0, q0, r0, m0, 'groundfloor/kitchen', ... (205 bytes))
1755024529: [PLUGIN][B7] [TRUST] Evaluating message with signers: [ B0 B2 B4 B6 ]
1755024529: [PLUGIN][B7] [TRUST] Evaluating message based on last signer only.
1755024529: [PLUGIN][B7] [TRUST] Looking up direct trust from 'B6' to 'B7'
1755024529: [PLUGIN][B7] [TRUST] Found link from 'B6'. r=0, s=0. Direct trust is 0.500
1755024529: [PLUGIN][B7] [TRUST] ✅ Last signer 'B6' is trusted (0.500 >= 0.500). Accepting message.
1755024529: Received PUBLISH from dhruvubuntu.b6_to_b7 (d0, q0, r0, m0, 'groundfloor/kitchen', ... (205 bytes))
1755024529: [PLUGIN][B7] [TRUST] Evaluating message with signers: [ B0 B2 B5 B6 ]
1755024529: [PLUGIN][B7] [TRUST] Evaluating message based on last signer only.
1755024529: [PLUGIN][B7] [TRUST] Looking up direct trust from 'B6' to 'B7'
1755024529: [PLUGIN][B7] [TRUST] Found link from 'B6'. r=0, s=0. Direct trust is 0.500
1755024529: [PLUGIN][B7] [TRUST] ✅ Last signer 'B6' is trusted (0.500 >= 0.500). Accepting message.
1755024529: Received PUBLISH from dhruvubuntu.b6_to_b7 (d0, q0, r0, m0, 'groundfloor/kitchen', ... (205 bytes))
1755024529: [PLUGIN][B7] [TRUST] Evaluating message with signers: [ B0 B1 B4 B6 ]
1755024529: [PLUGIN][B7] [TRUST] Evaluating message based on last signer only.
1755024529: [PLUGIN][B7] [TRUST] Looking up direct trust from 'B6' to 'B7'
1755024529: [PLUGIN][B7] [TRUST] Found link from 'B6'. r=0, s=0. Direct trust is 0.500
1755024529: [PLUGIN][B7] [TRUST] ✅ Last signer 'B6' is trusted (0.500 >= 0.500). Accepting message.
1755024533: [PLUGIN][B7] [REFRESH] Periodic map refresh triggered.
1755024540: Received PUBLISH from dhruvubuntu.b6_to_b7 (d0, q0, r0, m0, 'groundfloor/kitchen', ... (205 bytes))
1755024540: [PLUGIN][B7] [TRUST] Evaluating message with signers: [ B0 B2 B5 B6 ]
1755024540: [PLUGIN][B7] [TRUST] Evaluating message based on last signer only.
1755024540: [PLUGIN][B7] [TRUST] Looking up direct trust from 'B6' to 'B7'
1755024540: [PLUGIN][B7] [TRUST] Found link from 'B6'. r=0, s=0. Direct trust is 0.500
1755024540: [PLUGIN][B7] [TRUST] ✅ Last signer 'B6' is trusted (0.500 >= 0.500). Accepting message.
1755024540: Received PUBLISH from dhruvubuntu.b6_to_b7 (d0, q0, r0, m0, 'groundfloor/kitchen', ... (205 bytes))
1755024540: [PLUGIN][B7] [TRUST] Evaluating message with signers: [ B0 B2 B4 B6 ]
1755024540: [PLUGIN][B7] [TRUST] Evaluating message based on last signer only.
1755024540: [PLUGIN][B7] [TRUST] Looking up direct trust from 'B6' to 'B7'
1755024540: [PLUGIN][B7] [TRUST] Found link from 'B6'. r=0, s=0. Direct trust is 0.500
1755024540: [PLUGIN][B7] [TRUST] ✅ Last signer 'B6' is trusted (0.500 >= 0.500). Accepting message.
1755024540: Received PUBLISH from dhruvubuntu.b6_to_b7 (d0, q0, r0, m0, 'groundfloor/kitchen', ... (205 bytes))
1755024540: [PLUGIN][B7] [TRUST] Evaluating message with signers: [ B0 B1 B4 B6 ]
1755024540: [PLUGIN][B7] [TRUST] Evaluating message based on last signer only.
1755024540: [PLUGIN][B7] [TRUST] Looking up direct trust from 'B6' to 'B7'
1755024540: [PLUGIN][B7] [TRUST] Found link from 'B6'. r=0, s=0. Direct trust is 0.500
1755024540: [PLUGIN][B7] [TRUST] ✅ Last signer 'B6' is trusted (0.500 >= 0.500). Accepting message.
1755024543: [PLUGIN][B7] [REFRESH] Periodic map refresh triggered.
1755024551: Received PUBLISH from dhruvubuntu.b6_to_b7 (d0, q0, r0, m0, 'groundfloor/kitchen', ... (205 bytes))
1755024551: [PLUGIN][B7] [TRUST] Evaluating message with signers: [ B0 B2 B5 B6 ]
1755024551: [PLUGIN][B7] [TRUST] Evaluating message based on last signer only.
1755024551: [PLUGIN][B7] [TRUST] Looking up direct trust from 'B6' to 'B7'
1755024551: [PLUGIN][B7] [TRUST] Found link from 'B6'. r=0, s=0. Direct trust is 0.500
1755024551: [PLUGIN][B7] [TRUST] ✅ Last signer 'B6' is trusted (0.500 >= 0.500). Accepting message.
1755024551: Received PUBLISH from dhruvubuntu.b6_to_b7 (d0, q0, r0, m0, 'groundfloor/kitchen', ... (205 bytes))
1755024551: [PLUGIN][B7] [TRUST] Evaluating message with signers: [ B0 B1 B4 B6 ]
1755024551: [PLUGIN][B7] [TRUST] Evaluating message based on last signer only.
1755024551: [PLUGIN][B7] [TRUST] Looking up direct trust from 'B6' to 'B7'
1755024551: [PLUGIN][B7] [TRUST] Found link from 'B6'. r=0, s=0. Direct trust is 0.500
1755024551: [PLUGIN][B7] [TRUST] ✅ Last signer 'B6' is trusted (0.500 >= 0.500). Accepting message.
1755024551: Received PUBLISH from dhruvubuntu.b6_to_b7 (d0, q0, r0, m0, 'groundfloor/kitchen', ... (205 bytes))
1755024551: [PLUGIN][B7] [TRUST] Evaluating message with signers: [ B0 B2 B4 B6 ]
1755024551: [PLUGIN][B7] [TRUST] Evaluating message based on last signer only.
1755024551: [PLUGIN][B7] [TRUST] Looking up direct trust from 'B6' to 'B7'
1755024551: [PLUGIN][B7] [TRUST] Found link from 'B6'. r=0, s=0. Direct trust is 0.500
1755024551: [PLUGIN][B7] [TRUST] ✅ Last signer 'B6' is trusted (0.500 >= 0.500). Accepting message.
1755024553: [PLUGIN][B7] [REFRESH] Periodic map refresh triggered.
1755024562: Received PUBLISH from dhruvubuntu.b6_to_b7 (d0, q0, r0, m0, 'groundfloor/kitchen', ... (205 bytes))
1755024562: [PLUGIN][B7] [TRUST] Evaluating message with signers: [ B0 B2 B5 B6 ]
1755024562: [PLUGIN][B7] [TRUST] Evaluating message based on last signer only.
1755024562: [PLUGIN][B7] [TRUST] Looking up direct trust from 'B6' to 'B7'
1755024562: [PLUGIN][B7] [TRUST] Found link from 'B6'. r=0, s=0. Direct trust is 0.500
1755024562: [PLUGIN][B7] [TRUST] ✅ Last signer 'B6' is trusted (0.500 >= 0.500). Accepting message.
1755024562: Received PUBLISH from dhruvubuntu.b6_to_b7 (d0, q0, r0, m0, 'groundfloor/kitchen', ... (205 bytes))
1755024562: [PLUGIN][B7] [TRUST] Evaluating message with signers: [ B0 B2 B4 B6 ]
1755024562: [PLUGIN][B7] [TRUST] Evaluating message based on last signer only.
1755024562: [PLUGIN][B7] [TRUST] Looking up direct trust from 'B6' to 'B7'
1755024562: [PLUGIN][B7] [TRUST] Found link from 'B6'. r=0, s=0. Direct trust is 0.500
1755024562: [PLUGIN][B7] [TRUST] ✅ Last signer 'B6' is trusted (0.500 >= 0.500). Accepting message.
1755024562: Received PUBLISH from dhruvubuntu.b6_to_b7 (d0, q0, r0, m0, 'groundfloor/kitchen', ... (205 bytes))
1755024562: [PLUGIN][B7] [TRUST] Evaluating message with signers: [ B0 B1 B4 B6 ]
1755024562: [PLUGIN][B7] [TRUST] Evaluating message based on last signer only.
1755024562: [PLUGIN][B7] [TRUST] Looking up direct trust from 'B6' to 'B7'
1755024562: [PLUGIN][B7] [TRUST] Found link from 'B6'. r=0, s=0. Direct trust is 0.500
1755024562: [PLUGIN][B7] [TRUST] ✅ Last signer 'B6' is trusted (0.500 >= 0.500). Accepting message.
1755024563: [PLUGIN][B7] [REFRESH] Periodic map refresh triggered.
1755024573: [PLUGIN][B7] [REFRESH] Periodic map refresh triggered.
1755024573: Received PINGREQ from dhruvubuntu.b6_to_b7
1755024573: Sending PINGRESP to dhruvubuntu.b6_to_b7
1755024573: Received PUBLISH from dhruvubuntu.b6_to_b7 (d0, q0, r0, m0, 'groundfloor/kitchen', ... (205 bytes))
1755024573: [PLUGIN][B7] [TRUST] Evaluating message with signers: [ B0 B2 B5 B6 ]
1755024573: [PLUGIN][B7] [TRUST] Evaluating message based on last signer only.
1755024573: [PLUGIN][B7] [TRUST] Looking up direct trust from 'B6' to 'B7'
1755024573: [PLUGIN][B7] [TRUST] Found link from 'B6'. r=0, s=0. Direct trust is 0.500
1755024573: [PLUGIN][B7] [TRUST] ✅ Last signer 'B6' is trusted (0.500 >= 0.500). Accepting message.
1755024573: Received PUBLISH from dhruvubuntu.b6_to_b7 (d0, q0, r0, m0, 'groundfloor/kitchen', ... (205 bytes))
1755024573: [PLUGIN][B7] [TRUST] Evaluating message with signers: [ B0 B2 B4 B6 ]
1755024573: [PLUGIN][B7] [TRUST] Evaluating message based on last signer only.
1755024573: [PLUGIN][B7] [TRUST] Looking up direct trust from 'B6' to 'B7'
1755024573: [PLUGIN][B7] [TRUST] Found link from 'B6'. r=0, s=0. Direct trust is 0.500
1755024573: [PLUGIN][B7] [TRUST] ✅ Last signer 'B6' is trusted (0.500 >= 0.500). Accepting message.
1755024573: Received PUBLISH from dhruvubuntu.b6_to_b7 (d0, q0, r0, m0, 'groundfloor/kitchen', ... (205 bytes))
1755024573: [PLUGIN][B7] [TRUST] Evaluating message with signers: [ B0 B1 B4 B6 ]
1755024573: [PLUGIN][B7] [TRUST] Evaluating message based on last signer only.
1755024573: [PLUGIN][B7] [TRUST] Looking up direct trust from 'B6' to 'B7'
1755024573: [PLUGIN][B7] [TRUST] Found link from 'B6'. r=0, s=0. Direct trust is 0.500
1755024573: [PLUGIN][B7] [TRUST] ✅ Last signer 'B6' is trusted (0.500 >= 0.500). Accepting message.
1755024583: [PLUGIN][B7] [REFRESH] Periodic map refresh triggered.
1755024584: Received PUBLISH from dhruvubuntu.b6_to_b7 (d0, q0, r0, m0, 'groundfloor/kitchen', ... (205 bytes))
1755024584: [PLUGIN][B7] [TRUST] Evaluating message with signers: [ B0 B2 B5 B6 ]
1755024584: [PLUGIN][B7] [TRUST] Evaluating message based on last signer only.
1755024584: [PLUGIN][B7] [TRUST] Looking up direct trust from 'B6' to 'B7'
1755024584: [PLUGIN][B7] [TRUST] Found link from 'B6'. r=0, s=0. Direct trust is 0.500
1755024584: [PLUGIN][B7] [TRUST] ✅ Last signer 'B6' is trusted (0.500 >= 0.500). Accepting message.
1755024584: Received PUBLISH from dhruvubuntu.b6_to_b7 (d0, q0, r0, m0, 'groundfloor/kitchen', ... (205 bytes))
1755024584: [PLUGIN][B7] [TRUST] Evaluating message with signers: [ B0 B2 B4 B6 ]
1755024584: [PLUGIN][B7] [TRUST] Evaluating message based on last signer only.
1755024584: [PLUGIN][B7] [TRUST] Looking up direct trust from 'B6' to 'B7'
1755024584: [PLUGIN][B7] [TRUST] Found link from 'B6'. r=0, s=0. Direct trust is 0.500
1755024584: [PLUGIN][B7] [TRUST] ✅ Last signer 'B6' is trusted (0.500 >= 0.500). Accepting message.
1755024584: Received PUBLISH from dhruvubuntu.b6_to_b7 (d0, q0, r0, m0, 'groundfloor/kitchen', ... (205 bytes))
1755024584: [PLUGIN][B7] [TRUST] Evaluating message with signers: [ B0 B1 B4 B6 ]
1755024584: [PLUGIN][B7] [TRUST] Evaluating message based on last signer only.
1755024584: [PLUGIN][B7] [TRUST] Looking up direct trust from 'B6' to 'B7'
1755024584: [PLUGIN][B7] [TRUST] Found link from 'B6'. r=0, s=0. Direct trust is 0.500
1755024584: [PLUGIN][B7] [TRUST] ✅ Last signer 'B6' is trusted (0.500 >= 0.500). Accepting message.
1755024593: [PLUGIN][B7] [REFRESH] Periodic map refresh triggered.
1755024595: Received PUBLISH from dhruvubuntu.b6_to_b7 (d0, q0, r0, m0, 'groundfloor/kitchen', ... (205 bytes))
1755024595: [PLUGIN][B7] [TRUST] Evaluating message with signers: [ B0 B2 B5 B6 ]
1755024595: [PLUGIN][B7] [TRUST] Evaluating message based on last signer only.
1755024595: [PLUGIN][B7] [TRUST] Looking up direct trust from 'B6' to 'B7'
1755024595: [PLUGIN][B7] [TRUST] Found link from 'B6'. r=0, s=0. Direct trust is 0.500
1755024595: [PLUGIN][B7] [TRUST] ✅ Last signer 'B6' is trusted (0.500 >= 0.500). Accepting message.
1755024595: Received PUBLISH from dhruvubuntu.b6_to_b7 (d0, q0, r0, m0, 'groundfloor/kitchen', ... (205 bytes))
1755024595: [PLUGIN][B7] [TRUST] Evaluating message with signers: [ B0 B2 B4 B6 ]
1755024595: [PLUGIN][B7] [TRUST] Evaluating message based on last signer only.
1755024595: [PLUGIN][B7] [TRUST] Looking up direct trust from 'B6' to 'B7'
1755024595: [PLUGIN][B7] [TRUST] Found link from 'B6'. r=0, s=0. Direct trust is 0.500
1755024595: [PLUGIN][B7] [TRUST] ✅ Last signer 'B6' is trusted (0.500 >= 0.500). Accepting message.
1755024595: Received PUBLISH from dhruvubuntu.b6_to_b7 (d0, q0, r0, m0, 'groundfloor/kitchen', ... (205 bytes))
1755024595: [PLUGIN][B7] [TRUST] Evaluating message with signers: [ B0 B1 B4 B6 ]
1755024595: [PLUGIN][B7] [TRUST] Evaluating message based on last signer only.
1755024595: [PLUGIN][B7] [TRUST] Looking up direct trust from 'B6' to 'B7'
1755024595: [PLUGIN][B7] [TRUST] Found link from 'B6'. r=0, s=0. Direct trust is 0.500
1755024595: [PLUGIN][B7] [TRUST] ✅ Last signer 'B6' is trusted (0.500 >= 0.500). Accepting message.
1755024603: [PLUGIN][B7] [REFRESH] Periodic map refresh triggered.
1755024606: Received PUBLISH from dhruvubuntu.b6_to_b7 (d0, q0, r0, m0, 'groundfloor/kitchen', ... (205 bytes))
1755024606: [PLUGIN][B7] [TRUST] Evaluating message with signers: [ B0 B2 B4 B6 ]
1755024606: [PLUGIN][B7] [TRUST] Evaluating message based on last signer only.
1755024606: [PLUGIN][B7] [TRUST] Looking up direct trust from 'B6' to 'B7'
1755024606: [PLUGIN][B7] [TRUST] Found link from 'B6'. r=0, s=0. Direct trust is 0.500
1755024606: [PLUGIN][B7] [TRUST] ✅ Last signer 'B6' is trusted (0.500 >= 0.500). Accepting message.
1755024606: Received PUBLISH from dhruvubuntu.b6_to_b7 (d0, q0, r0, m0, 'groundfloor/kitchen', ... (205 bytes))
1755024606: [PLUGIN][B7] [TRUST] Evaluating message with signers: [ B0 B2 B5 B6 ]
1755024606: [PLUGIN][B7] [TRUST] Evaluating message based on last signer only.
1755024606: [PLUGIN][B7] [TRUST] Looking up direct trust from 'B6' to 'B7'
1755024606: [PLUGIN][B7] [TRUST] Found link from 'B6'. r=0, s=0. Direct trust is 0.500
1755024606: [PLUGIN][B7] [TRUST] ✅ Last signer 'B6' is trusted (0.500 >= 0.500). Accepting message.
1755024606: Received PUBLISH from dhruvubuntu.b6_to_b7 (d0, q0, r0, m0, 'groundfloor/kitchen', ... (205 bytes))
1755024606: [PLUGIN][B7] [TRUST] Evaluating message with signers: [ B0 B1 B4 B6 ]
1755024606: [PLUGIN][B7] [TRUST] Evaluating message based on last signer only.
1755024606: [PLUGIN][B7] [TRUST] Looking up direct trust from 'B6' to 'B7'
1755024606: [PLUGIN][B7] [TRUST] Found link from 'B6'. r=0, s=0. Direct trust is 0.500
1755024606: [PLUGIN][B7] [TRUST] ✅ Last signer 'B6' is trusted (0.500 >= 0.500). Accepting message.
1755024613: [PLUGIN][B7] [REFRESH] Periodic map refresh triggered.
1755024617: Received PUBLISH from dhruvubuntu.b6_to_b7 (d0, q0, r0, m0, 'groundfloor/kitchen', ... (205 bytes))
1755024617: [PLUGIN][B7] [TRUST] Evaluating message with signers: [ B0 B2 B5 B6 ]
1755024617: [PLUGIN][B7] [TRUST] Evaluating message based on last signer only.
1755024617: [PLUGIN][B7] [TRUST] Looking up direct trust from 'B6' to 'B7'
1755024617: [PLUGIN][B7] [TRUST] Found link from 'B6'. r=0, s=0. Direct trust is 0.500
1755024617: [PLUGIN][B7] [TRUST] ✅ Last signer 'B6' is trusted (0.500 >= 0.500). Accepting message.
1755024617: Received PUBLISH from dhruvubuntu.b6_to_b7 (d0, q0, r0, m0, 'groundfloor/kitchen', ... (205 bytes))
1755024617: [PLUGIN][B7] [TRUST] Evaluating message with signers: [ B0 B2 B4 B6 ]
1755024617: [PLUGIN][B7] [TRUST] Evaluating message based on last signer only.
1755024617: [PLUGIN][B7] [TRUST] Looking up direct trust from 'B6' to 'B7'
1755024617: [PLUGIN][B7] [TRUST] Found link from 'B6'. r=0, s=0. Direct trust is 0.500
1755024617: [PLUGIN][B7] [TRUST] ✅ Last signer 'B6' is trusted (0.500 >= 0.500). Accepting message.
1755024618: Received PUBLISH from dhruvubuntu.b6_to_b7 (d0, q0, r0, m0, 'groundfloor/kitchen', ... (205 bytes))
1755024618: [PLUGIN][B7] [TRUST] Evaluating message with signers: [ B0 B1 B4 B6 ]
1755024618: [PLUGIN][B7] [TRUST] Evaluating message based on last signer only.
1755024618: [PLUGIN][B7] [TRUST] Looking up direct trust from 'B6' to 'B7'
1755024618: [PLUGIN][B7] [TRUST] Found link from 'B6'. r=0, s=0. Direct trust is 0.500
1755024618: [PLUGIN][B7] [TRUST] ✅ Last signer 'B6' is trusted (0.500 >= 0.500). Accepting message.
1755024623: [PLUGIN][B7] [REFRESH] Periodic map refresh triggered.
1755024629: Received PUBLISH from dhruvubuntu.b6_to_b7 (d0, q0, r0, m0, 'groundfloor/kitchen', ... (205 bytes))
1755024629: [PLUGIN][B7] [TRUST] Evaluating message with signers: [ B0 B1 B4 B6 ]
1755024629: [PLUGIN][B7] [TRUST] Evaluating message based on last signer only.
1755024629: [PLUGIN][B7] [TRUST] Looking up direct trust from 'B6' to 'B7'
1755024629: [PLUGIN][B7] [TRUST] Found link from 'B6'. r=0, s=0. Direct trust is 0.500
1755024629: [PLUGIN][B7] [TRUST] ✅ Last signer 'B6' is trusted (0.500 >= 0.500). Accepting message.
1755024629: Received PUBLISH from dhruvubuntu.b6_to_b7 (d0, q0, r0, m0, 'groundfloor/kitchen', ... (205 bytes))
1755024629: [PLUGIN][B7] [TRUST] Evaluating message with signers: [ B0 B2 B4 B6 ]
1755024629: [PLUGIN][B7] [TRUST] Evaluating message based on last signer only.
1755024629: [PLUGIN][B7] [TRUST] Looking up direct trust from 'B6' to 'B7'
1755024629: [PLUGIN][B7] [TRUST] Found link from 'B6'. r=0, s=0. Direct trust is 0.500
1755024629: [PLUGIN][B7] [TRUST] ✅ Last signer 'B6' is trusted (0.500 >= 0.500). Accepting message.
1755024629: Received PUBLISH from dhruvubuntu.b6_to_b7 (d0, q0, r0, m0, 'groundfloor/kitchen', ... (205 bytes))
1755024629: [PLUGIN][B7] [TRUST] Evaluating message with signers: [ B0 B2 B5 B6 ]
1755024629: [PLUGIN][B7] [TRUST] Evaluating message based on last signer only.
1755024629: [PLUGIN][B7] [TRUST] Looking up direct trust from 'B6' to 'B7'
1755024629: [PLUGIN][B7] [TRUST] Found link from 'B6'. r=0, s=0. Direct trust is 0.500
1755024629: [PLUGIN][B7] [TRUST] ✅ Last signer 'B6' is trusted (0.500 >= 0.500). Accepting message.
1755024633: Received PINGREQ from dhruvubuntu.b6_to_b7
1755024633: Sending PINGRESP to dhruvubuntu.b6_to_b7
1755024633: [PLUGIN][B7] [REFRESH] Periodic map refresh triggered.
1755024640: Received PUBLISH from dhruvubuntu.b6_to_b7 (d0, q0, r0, m0, 'groundfloor/kitchen', ... (205 bytes))
1755024640: [PLUGIN][B7] [TRUST] Evaluating message with signers: [ B0 B2 B5 B6 ]
1755024640: [PLUGIN][B7] [TRUST] Evaluating message based on last signer only.
1755024640: [PLUGIN][B7] [TRUST] Looking up direct trust from 'B6' to 'B7'
1755024640: [PLUGIN][B7] [TRUST] Found link from 'B6'. r=0, s=0. Direct trust is 0.500
1755024640: [PLUGIN][B7] [TRUST] ✅ Last signer 'B6' is trusted (0.500 >= 0.500). Accepting message.
1755024640: Received PUBLISH from dhruvubuntu.b6_to_b7 (d0, q0, r0, m0, 'groundfloor/kitchen', ... (205 bytes))
1755024640: [PLUGIN][B7] [TRUST] Evaluating message with signers: [ B0 B2 B4 B6 ]
1755024640: [PLUGIN][B7] [TRUST] Evaluating message based on last signer only.
1755024640: [PLUGIN][B7] [TRUST] Looking up direct trust from 'B6' to 'B7'
1755024640: [PLUGIN][B7] [TRUST] Found link from 'B6'. r=0, s=0. Direct trust is 0.500
1755024640: [PLUGIN][B7] [TRUST] ✅ Last signer 'B6' is trusted (0.500 >= 0.500). Accepting message.
1755024640: Received PUBLISH from dhruvubuntu.b6_to_b7 (d0, q0, r0, m0, 'groundfloor/kitchen', ... (205 bytes))
1755024640: [PLUGIN][B7] [TRUST] Evaluating message with signers: [ B0 B1 B4 B6 ]
1755024640: [PLUGIN][B7] [TRUST] Evaluating message based on last signer only.
1755024640: [PLUGIN][B7] [TRUST] Looking up direct trust from 'B6' to 'B7'
1755024640: [PLUGIN][B7] [TRUST] Found link from 'B6'. r=0, s=0. Direct trust is 0.500
1755024640: [PLUGIN][B7] [TRUST] ✅ Last signer 'B6' is trusted (0.500 >= 0.500). Accepting message.
1755024643: [PLUGIN][B7] [REFRESH] Periodic map refresh triggered.
1755024651: Received PUBLISH from dhruvubuntu.b6_to_b7 (d0, q0, r0, m0, 'groundfloor/kitchen', ... (205 bytes))
1755024651: [PLUGIN][B7] [TRUST] Evaluating message with signers: [ B0 B2 B4 B6 ]
1755024651: [PLUGIN][B7] [TRUST] Evaluating message based on last signer only.
1755024651: [PLUGIN][B7] [TRUST] Looking up direct trust from 'B6' to 'B7'
1755024651: [PLUGIN][B7] [TRUST] Found link from 'B6'. r=0, s=0. Direct trust is 0.500
1755024651: [PLUGIN][B7] [TRUST] ✅ Last signer 'B6' is trusted (0.500 >= 0.500). Accepting message.
1755024651: Received PUBLISH from dhruvubuntu.b6_to_b7 (d0, q0, r0, m0, 'groundfloor/kitchen', ... (205 bytes))
1755024651: [PLUGIN][B7] [TRUST] Evaluating message with signers: [ B0 B2 B5 B6 ]
1755024651: [PLUGIN][B7] [TRUST] Evaluating message based on last signer only.
1755024651: [PLUGIN][B7] [TRUST] Looking up direct trust from 'B6' to 'B7'
1755024651: [PLUGIN][B7] [TRUST] Found link from 'B6'. r=0, s=0. Direct trust is 0.500
1755024651: [PLUGIN][B7] [TRUST] ✅ Last signer 'B6' is trusted (0.500 >= 0.500). Accepting message.
1755024651: Received PUBLISH from dhruvubuntu.b6_to_b7 (d0, q0, r0, m0, 'groundfloor/kitchen', ... (205 bytes))
1755024651: [PLUGIN][B7] [TRUST] Evaluating message with signers: [ B0 B1 B4 B6 ]
1755024651: [PLUGIN][B7] [TRUST] Evaluating message based on last signer only.
1755024651: [PLUGIN][B7] [TRUST] Looking up direct trust from 'B6' to 'B7'
1755024651: [PLUGIN][B7] [TRUST] Found link from 'B6'. r=0, s=0. Direct trust is 0.500
1755024651: [PLUGIN][B7] [TRUST] ✅ Last signer 'B6' is trusted (0.500 >= 0.500). Accepting message.
1755024653: [PLUGIN][B7] [REFRESH] Periodic map refresh triggered.
1755024662: Received PUBLISH from dhruvubuntu.b6_to_b7 (d0, q0, r0, m0, 'groundfloor/kitchen', ... (205 bytes))
1755024662: [PLUGIN][B7] [TRUST] Evaluating message with signers: [ B0 B2 B5 B6 ]
1755024662: [PLUGIN][B7] [TRUST] Evaluating message based on last signer only.
1755024662: [PLUGIN][B7] [TRUST] Looking up direct trust from 'B6' to 'B7'
1755024662: [PLUGIN][B7] [TRUST] Found link from 'B6'. r=0, s=0. Direct trust is 0.500
1755024662: [PLUGIN][B7] [TRUST] ✅ Last signer 'B6' is trusted (0.500 >= 0.500). Accepting message.
1755024662: Received PUBLISH from dhruvubuntu.b6_to_b7 (d0, q0, r0, m0, 'groundfloor/kitchen', ... (205 bytes))
1755024662: [PLUGIN][B7] [TRUST] Evaluating message with signers: [ B0 B1 B4 B6 ]
1755024662: [PLUGIN][B7] [TRUST] Evaluating message based on last signer only.
1755024662: [PLUGIN][B7] [TRUST] Looking up direct trust from 'B6' to 'B7'
1755024662: [PLUGIN][B7] [TRUST] Found link from 'B6'. r=0, s=0. Direct trust is 0.500
1755024662: [PLUGIN][B7] [TRUST] ✅ Last signer 'B6' is trusted (0.500 >= 0.500). Accepting message.
1755024662: Received PUBLISH from dhruvubuntu.b6_to_b7 (d0, q0, r0, m0, 'groundfloor/kitchen', ... (205 bytes))
1755024662: [PLUGIN][B7] [TRUST] Evaluating message with signers: [ B0 B2 B4 B6 ]
1755024662: [PLUGIN][B7] [TRUST] Evaluating message based on last signer only.
1755024662: [PLUGIN][B7] [TRUST] Looking up direct trust from 'B6' to 'B7'
1755024662: [PLUGIN][B7] [TRUST] Found link from 'B6'. r=0, s=0. Direct trust is 0.500
1755024662: [PLUGIN][B7] [TRUST] ✅ Last signer 'B6' is trusted (0.500 >= 0.500). Accepting message.
1755024663: [PLUGIN][B7] [REFRESH] Periodic map refresh triggered.
1755024673: [PLUGIN][B7] [REFRESH] Periodic map refresh triggered.
1755024673: Received PUBLISH from dhruvubuntu.b6_to_b7 (d0, q0, r0, m0, 'groundfloor/kitchen', ... (205 bytes))
1755024673: [PLUGIN][B7] [TRUST] Evaluating message with signers: [ B0 B2 B4 B6 ]
1755024673: [PLUGIN][B7] [TRUST] Evaluating message based on last signer only.
1755024673: [PLUGIN][B7] [TRUST] Looking up direct trust from 'B6' to 'B7'
1755024673: [PLUGIN][B7] [TRUST] Found link from 'B6'. r=0, s=0. Direct trust is 0.500
1755024673: [PLUGIN][B7] [TRUST] ✅ Last signer 'B6' is trusted (0.500 >= 0.500). Accepting message.
1755024673: Received PUBLISH from dhruvubuntu.b6_to_b7 (d0, q0, r0, m0, 'groundfloor/kitchen', ... (205 bytes))
1755024673: [PLUGIN][B7] [TRUST] Evaluating message with signers: [ B0 B2 B5 B6 ]
1755024673: [PLUGIN][B7] [TRUST] Evaluating message based on last signer only.
1755024673: [PLUGIN][B7] [TRUST] Looking up direct trust from 'B6' to 'B7'
1755024673: [PLUGIN][B7] [TRUST] Found link from 'B6'. r=0, s=0. Direct trust is 0.500
1755024673: [PLUGIN][B7] [TRUST] ✅ Last signer 'B6' is trusted (0.500 >= 0.500). Accepting message.
1755024673: Received PUBLISH from dhruvubuntu.b6_to_b7 (d0, q0, r0, m0, 'groundfloor/kitchen', ... (205 bytes))
1755024673: [PLUGIN][B7] [TRUST] Evaluating message with signers: [ B0 B1 B4 B6 ]
1755024673: [PLUGIN][B7] [TRUST] Evaluating message based on last signer only.
1755024673: [PLUGIN][B7] [TRUST] Looking up direct trust from 'B6' to 'B7'
1755024673: [PLUGIN][B7] [TRUST] Found link from 'B6'. r=0, s=0. Direct trust is 0.500
1755024673: [PLUGIN][B7] [TRUST] ✅ Last signer 'B6' is trusted (0.500 >= 0.500). Accepting message.
1755024683: [PLUGIN][B7] [REFRESH] Periodic map refresh triggered.
1755024684: Received PUBLISH from dhruvubuntu.b6_to_b7 (d0, q0, r0, m0, 'groundfloor/kitchen', ... (205 bytes))
1755024684: [PLUGIN][B7] [TRUST] Evaluating message with signers: [ B0 B2 B5 B6 ]
1755024684: [PLUGIN][B7] [TRUST] Evaluating message based on last signer only.
1755024684: [PLUGIN][B7] [TRUST] Looking up direct trust from 'B6' to 'B7'
1755024684: [PLUGIN][B7] [TRUST] Found link from 'B6'. r=0, s=0. Direct trust is 0.500
1755024684: [PLUGIN][B7] [TRUST] ✅ Last signer 'B6' is trusted (0.500 >= 0.500). Accepting message.
1755024684: Received PUBLISH from dhruvubuntu.b6_to_b7 (d0, q0, r0, m0, 'groundfloor/kitchen', ... (205 bytes))
1755024684: [PLUGIN][B7] [TRUST] Evaluating message with signers: [ B0 B2 B4 B6 ]
1755024684: [PLUGIN][B7] [TRUST] Evaluating message based on last signer only.
1755024684: [PLUGIN][B7] [TRUST] Looking up direct trust from 'B6' to 'B7'
1755024684: [PLUGIN][B7] [TRUST] Found link from 'B6'. r=0, s=0. Direct trust is 0.500
1755024684: [PLUGIN][B7] [TRUST] ✅ Last signer 'B6' is trusted (0.500 >= 0.500). Accepting message.
1755024684: Received PUBLISH from dhruvubuntu.b6_to_b7 (d0, q0, r0, m0, 'groundfloor/kitchen', ... (205 bytes))
1755024684: [PLUGIN][B7] [TRUST] Evaluating message with signers: [ B0 B1 B4 B6 ]
1755024684: [PLUGIN][B7] [TRUST] Evaluating message based on last signer only.
1755024684: [PLUGIN][B7] [TRUST] Looking up direct trust from 'B6' to 'B7'
1755024684: [PLUGIN][B7] [TRUST] Found link from 'B6'. r=0, s=0. Direct trust is 0.500
1755024684: [PLUGIN][B7] [TRUST] ✅ Last signer 'B6' is trusted (0.500 >= 0.500). Accepting message.
1755024693: Received PINGREQ from dhruvubuntu.b6_to_b7
1755024693: Sending PINGRESP to dhruvubuntu.b6_to_b7
1755024693: [PLUGIN][B7] [REFRESH] Periodic map refresh triggered.
1755024695: Received PUBLISH from dhruvubuntu.b6_to_b7 (d0, q0, r0, m0, 'groundfloor/kitchen', ... (205 bytes))
1755024695: [PLUGIN][B7] [TRUST] Evaluating message with signers: [ B0 B2 B5 B6 ]
1755024695: [PLUGIN][B7] [TRUST] Evaluating message based on last signer only.
1755024695: [PLUGIN][B7] [TRUST] Looking up direct trust from 'B6' to 'B7'
1755024695: [PLUGIN][B7] [TRUST] Found link from 'B6'. r=0, s=0. Direct trust is 0.500
1755024695: [PLUGIN][B7] [TRUST] ✅ Last signer 'B6' is trusted (0.500 >= 0.500). Accepting message.
1755024695: Received PUBLISH from dhruvubuntu.b6_to_b7 (d0, q0, r0, m0, 'groundfloor/kitchen', ... (205 bytes))
1755024695: [PLUGIN][B7] [TRUST] Evaluating message with signers: [ B0 B2 B4 B6 ]
1755024695: [PLUGIN][B7] [TRUST] Evaluating message based on last signer only.
1755024695: [PLUGIN][B7] [TRUST] Looking up direct trust from 'B6' to 'B7'
1755024695: [PLUGIN][B7] [TRUST] Found link from 'B6'. r=0, s=0. Direct trust is 0.500
1755024695: [PLUGIN][B7] [TRUST] ✅ Last signer 'B6' is trusted (0.500 >= 0.500). Accepting message.
1755024695: Received PUBLISH from dhruvubuntu.b6_to_b7 (d0, q0, r0, m0, 'groundfloor/kitchen', ... (205 bytes))
1755024695: [PLUGIN][B7] [TRUST] Evaluating message with signers: [ B0 B1 B4 B6 ]
1755024695: [PLUGIN][B7] [TRUST] Evaluating message based on last signer only.
1755024695: [PLUGIN][B7] [TRUST] Looking up direct trust from 'B6' to 'B7'
1755024695: [PLUGIN][B7] [TRUST] Found link from 'B6'. r=0, s=0. Direct trust is 0.500
1755024695: [PLUGIN][B7] [TRUST] ✅ Last signer 'B6' is trusted (0.500 >= 0.500). Accepting message.
1755024703: [PLUGIN][B7] [REFRESH] Periodic map refresh triggered.
1755024706: Received PUBLISH from dhruvubuntu.b6_to_b7 (d0, q0, r0, m0, 'groundfloor/kitchen', ... (205 bytes))
1755024706: [PLUGIN][B7] [TRUST] Evaluating message with signers: [ B0 B1 B4 B6 ]
1755024706: [PLUGIN][B7] [TRUST] Evaluating message based on last signer only.
1755024706: [PLUGIN][B7] [TRUST] Looking up direct trust from 'B6' to 'B7'
1755024706: [PLUGIN][B7] [TRUST] Found link from 'B6'. r=0, s=0. Direct trust is 0.500
1755024706: [PLUGIN][B7] [TRUST] ✅ Last signer 'B6' is trusted (0.500 >= 0.500). Accepting message.
1755024706: Received PUBLISH from dhruvubuntu.b6_to_b7 (d0, q0, r0, m0, 'groundfloor/kitchen', ... (205 bytes))
1755024706: [PLUGIN][B7] [TRUST] Evaluating message with signers: [ B0 B2 B5 B6 ]
1755024706: [PLUGIN][B7] [TRUST] Evaluating message based on last signer only.
1755024706: [PLUGIN][B7] [TRUST] Looking up direct trust from 'B6' to 'B7'
1755024706: [PLUGIN][B7] [TRUST] Found link from 'B6'. r=0, s=0. Direct trust is 0.500
1755024706: [PLUGIN][B7] [TRUST] ✅ Last signer 'B6' is trusted (0.500 >= 0.500). Accepting message.
1755024706: Received PUBLISH from dhruvubuntu.b6_to_b7 (d0, q0, r0, m0, 'groundfloor/kitchen', ... (205 bytes))
1755024706: [PLUGIN][B7] [TRUST] Evaluating message with signers: [ B0 B2 B4 B6 ]
1755024706: [PLUGIN][B7] [TRUST] Evaluating message based on last signer only.
1755024706: [PLUGIN][B7] [TRUST] Looking up direct trust from 'B6' to 'B7'
1755024706: [PLUGIN][B7] [TRUST] Found link from 'B6'. r=0, s=0. Direct trust is 0.500
1755024706: [PLUGIN][B7] [TRUST] ✅ Last signer 'B6' is trusted (0.500 >= 0.500). Accepting message.
1755024713: [PLUGIN][B7] [REFRESH] Periodic map refresh triggered.
1755024717: Received PUBLISH from dhruvubuntu.b6_to_b7 (d0, q0, r0, m0, 'groundfloor/kitchen', ... (205 bytes))
1755024717: [PLUGIN][B7] [TRUST] Evaluating message with signers: [ B0 B1 B4 B6 ]
1755024717: [PLUGIN][B7] [TRUST] Evaluating message based on last signer only.
1755024717: [PLUGIN][B7] [TRUST] Looking up direct trust from 'B6' to 'B7'
1755024717: [PLUGIN][B7] [TRUST] Found link from 'B6'. r=0, s=0. Direct trust is 0.500
1755024717: [PLUGIN][B7] [TRUST] ✅ Last signer 'B6' is trusted (0.500 >= 0.500). Accepting message.
1755024717: Received PUBLISH from dhruvubuntu.b6_to_b7 (d0, q0, r0, m0, 'groundfloor/kitchen', ... (205 bytes))
1755024717: [PLUGIN][B7] [TRUST] Evaluating message with signers: [ B0 B2 B5 B6 ]
1755024717: [PLUGIN][B7] [TRUST] Evaluating message based on last signer only.
1755024717: [PLUGIN][B7] [TRUST] Looking up direct trust from 'B6' to 'B7'
1755024717: [PLUGIN][B7] [TRUST] Found link from 'B6'. r=0, s=0. Direct trust is 0.500
1755024717: [PLUGIN][B7] [TRUST] ✅ Last signer 'B6' is trusted (0.500 >= 0.500). Accepting message.
1755024717: Received PUBLISH from dhruvubuntu.b6_to_b7 (d0, q0, r0, m0, 'groundfloor/kitchen', ... (205 bytes))
1755024717: [PLUGIN][B7] [TRUST] Evaluating message with signers: [ B0 B2 B4 B6 ]
1755024717: [PLUGIN][B7] [TRUST] Evaluating message based on last signer only.
1755024717: [PLUGIN][B7] [TRUST] Looking up direct trust from 'B6' to 'B7'
1755024717: [PLUGIN][B7] [TRUST] Found link from 'B6'. r=0, s=0. Direct trust is 0.500
1755024717: [PLUGIN][B7] [TRUST] ✅ Last signer 'B6' is trusted (0.500 >= 0.500). Accepting message.
1755024723: [PLUGIN][B7] [REFRESH] Periodic map refresh triggered.
1755024728: Received PUBLISH from dhruvubuntu.b6_to_b7 (d0, q0, r0, m0, 'groundfloor/kitchen', ... (205 bytes))
1755024728: [PLUGIN][B7] [TRUST] Evaluating message with signers: [ B0 B2 B4 B6 ]
1755024728: [PLUGIN][B7] [TRUST] Evaluating message based on last signer only.
1755024728: [PLUGIN][B7] [TRUST] Looking up direct trust from 'B6' to 'B7'
1755024728: [PLUGIN][B7] [TRUST] Found link from 'B6'. r=0, s=0. Direct trust is 0.500
1755024728: [PLUGIN][B7] [TRUST] ✅ Last signer 'B6' is trusted (0.500 >= 0.500). Accepting message.
1755024728: Received PUBLISH from dhruvubuntu.b6_to_b7 (d0, q0, r0, m0, 'groundfloor/kitchen', ... (205 bytes))
1755024728: [PLUGIN][B7] [TRUST] Evaluating message with signers: [ B0 B2 B5 B6 ]
1755024728: [PLUGIN][B7] [TRUST] Evaluating message based on last signer only.
1755024728: [PLUGIN][B7] [TRUST] Looking up direct trust from 'B6' to 'B7'
1755024728: [PLUGIN][B7] [TRUST] Found link from 'B6'. r=0, s=0. Direct trust is 0.500
1755024728: [PLUGIN][B7] [TRUST] ✅ Last signer 'B6' is trusted (0.500 >= 0.500). Accepting message.
1755024728: Received PUBLISH from dhruvubuntu.b6_to_b7 (d0, q0, r0, m0, 'groundfloor/kitchen', ... (205 bytes))
1755024728: [PLUGIN][B7] [TRUST] Evaluating message with signers: [ B0 B1 B4 B6 ]
1755024728: [PLUGIN][B7] [TRUST] Evaluating message based on last signer only.
1755024728: [PLUGIN][B7] [TRUST] Looking up direct trust from 'B6' to 'B7'
1755024728: [PLUGIN][B7] [TRUST] Found link from 'B6'. r=0, s=0. Direct trust is 0.500
1755024728: [PLUGIN][B7] [TRUST] ✅ Last signer 'B6' is trusted (0.500 >= 0.500). Accepting message.
1755024733: [PLUGIN][B7] [REFRESH] Periodic map refresh triggered.
1755024739: Received PUBLISH from dhruvubuntu.b6_to_b7 (d0, q0, r0, m0, 'groundfloor/kitchen', ... (205 bytes))
1755024739: [PLUGIN][B7] [TRUST] Evaluating message with signers: [ B0 B2 B5 B6 ]
1755024739: [PLUGIN][B7] [TRUST] Evaluating message based on last signer only.
1755024739: [PLUGIN][B7] [TRUST] Looking up direct trust from 'B6' to 'B7'
1755024739: [PLUGIN][B7] [TRUST] Found link from 'B6'. r=0, s=0. Direct trust is 0.500
1755024739: [PLUGIN][B7] [TRUST] ✅ Last signer 'B6' is trusted (0.500 >= 0.500). Accepting message.
1755024739: Received PUBLISH from dhruvubuntu.b6_to_b7 (d0, q0, r0, m0, 'groundfloor/kitchen', ... (205 bytes))
1755024739: [PLUGIN][B7] [TRUST] Evaluating message with signers: [ B0 B1 B4 B6 ]
1755024739: [PLUGIN][B7] [TRUST] Evaluating message based on last signer only.
1755024739: [PLUGIN][B7] [TRUST] Looking up direct trust from 'B6' to 'B7'
1755024739: [PLUGIN][B7] [TRUST] Found link from 'B6'. r=0, s=0. Direct trust is 0.500
1755024739: [PLUGIN][B7] [TRUST] ✅ Last signer 'B6' is trusted (0.500 >= 0.500). Accepting message.
1755024739: Received PUBLISH from dhruvubuntu.b6_to_b7 (d0, q0, r0, m0, 'groundfloor/kitchen', ... (205 bytes))
1755024739: [PLUGIN][B7] [TRUST] Evaluating message with signers: [ B0 B2 B4 B6 ]
1755024739: [PLUGIN][B7] [TRUST] Evaluating message based on last signer only.
1755024739: [PLUGIN][B7] [TRUST] Looking up direct trust from 'B6' to 'B7'
1755024739: [PLUGIN][B7] [TRUST] Found link from 'B6'. r=0, s=0. Direct trust is 0.500
1755024739: [PLUGIN][B7] [TRUST] ✅ Last signer 'B6' is trusted (0.500 >= 0.500). Accepting message.
1755024743: [PLUGIN][B7] [REFRESH] Periodic map refresh triggered.
1755024753: [PLUGIN][B7] [REFRESH] Periodic map refresh triggered.
1755024753: Received PINGREQ from dhruvubuntu.b6_to_b7
1755024753: Sending PINGRESP to dhruvubuntu.b6_to_b7
1755024756: Received PUBLISH from dhruvubuntu.b6_to_b7 (d0, q0, r0, m0, 'groundfloor/kitchen', ... (205 bytes))
1755024756: [PLUGIN][B7] [TRUST] Evaluating message with signers: [ B0 B2 B5 B6 ]
1755024756: [PLUGIN][B7] [TRUST] Evaluating message based on last signer only.
1755024756: [PLUGIN][B7] [TRUST] Looking up direct trust from 'B6' to 'B7'
1755024756: [PLUGIN][B7] [TRUST] Found link from 'B6'. r=0, s=0. Direct trust is 0.500
1755024756: [PLUGIN][B7] [TRUST] ✅ Last signer 'B6' is trusted (0.500 >= 0.500). Accepting message.
1755024756: Received PUBLISH from dhruvubuntu.b6_to_b7 (d0, q0, r0, m0, 'groundfloor/kitchen', ... (205 bytes))
1755024756: [PLUGIN][B7] [TRUST] Evaluating message with signers: [ B0 B1 B4 B6 ]
1755024756: [PLUGIN][B7] [TRUST] Evaluating message based on last signer only.
1755024756: [PLUGIN][B7] [TRUST] Looking up direct trust from 'B6' to 'B7'
1755024756: [PLUGIN][B7] [TRUST] Found link from 'B6'. r=0, s=0. Direct trust is 0.500
1755024756: [PLUGIN][B7] [TRUST] ✅ Last signer 'B6' is trusted (0.500 >= 0.500). Accepting message.
1755024756: Received PUBLISH from dhruvubuntu.b6_to_b7 (d0, q0, r0, m0, 'groundfloor/kitchen', ... (205 bytes))
1755024756: [PLUGIN][B7] [TRUST] Evaluating message with signers: [ B0 B2 B4 B6 ]
1755024756: [PLUGIN][B7] [TRUST] Evaluating message based on last signer only.
1755024756: [PLUGIN][B7] [TRUST] Looking up direct trust from 'B6' to 'B7'
1755024756: [PLUGIN][B7] [TRUST] Found link from 'B6'. r=0, s=0. Direct trust is 0.500
1755024756: [PLUGIN][B7] [TRUST] ✅ Last signer 'B6' is trusted (0.500 >= 0.500). Accepting message.
1755024763: [PLUGIN][B7] [REFRESH] Periodic map refresh triggered.
1755024767: Received PUBLISH from dhruvubuntu.b6_to_b7 (d0, q0, r0, m0, 'groundfloor/kitchen', ... (205 bytes))
1755024767: [PLUGIN][B7] [TRUST] Evaluating message with signers: [ B0 B2 B4 B6 ]
1755024767: [PLUGIN][B7] [TRUST] Evaluating message based on last signer only.
1755024767: [PLUGIN][B7] [TRUST] Looking up direct trust from 'B6' to 'B7'
1755024767: [PLUGIN][B7] [TRUST] Found link from 'B6'. r=0, s=0. Direct trust is 0.500
1755024767: [PLUGIN][B7] [TRUST] ✅ Last signer 'B6' is trusted (0.500 >= 0.500). Accepting message.
1755024767: Received PUBLISH from dhruvubuntu.b6_to_b7 (d0, q0, r0, m0, 'groundfloor/kitchen', ... (205 bytes))
1755024767: [PLUGIN][B7] [TRUST] Evaluating message with signers: [ B0 B2 B5 B6 ]
1755024767: [PLUGIN][B7] [TRUST] Evaluating message based on last signer only.
1755024767: [PLUGIN][B7] [TRUST] Looking up direct trust from 'B6' to 'B7'
1755024767: [PLUGIN][B7] [TRUST] Found link from 'B6'. r=0, s=0. Direct trust is 0.500
1755024767: [PLUGIN][B7] [TRUST] ✅ Last signer 'B6' is trusted (0.500 >= 0.500). Accepting message.
1755024767: Received PUBLISH from dhruvubuntu.b6_to_b7 (d0, q0, r0, m0, 'groundfloor/kitchen', ... (205 bytes))
1755024767: [PLUGIN][B7] [TRUST] Evaluating message with signers: [ B0 B1 B4 B6 ]
1755024767: [PLUGIN][B7] [TRUST] Evaluating message based on last signer only.
1755024767: [PLUGIN][B7] [TRUST] Looking up direct trust from 'B6' to 'B7'
1755024767: [PLUGIN][B7] [TRUST] Found link from 'B6'. r=0, s=0. Direct trust is 0.500
1755024767: [PLUGIN][B7] [TRUST] ✅ Last signer 'B6' is trusted (0.500 >= 0.500). Accepting message.
1755024773: [PLUGIN][B7] [REFRESH] Periodic map refresh triggered.
1755024778: Received PUBLISH from dhruvubuntu.b6_to_b7 (d0, q0, r0, m0, 'groundfloor/kitchen', ... (205 bytes))
1755024778: [PLUGIN][B7] [TRUST] Evaluating message with signers: [ B0 B2 B5 B6 ]
1755024778: [PLUGIN][B7] [TRUST] Evaluating message based on last signer only.
1755024778: [PLUGIN][B7] [TRUST] Looking up direct trust from 'B6' to 'B7'
1755024778: [PLUGIN][B7] [TRUST] Found link from 'B6'. r=0, s=0. Direct trust is 0.500
1755024778: [PLUGIN][B7] [TRUST] ✅ Last signer 'B6' is trusted (0.500 >= 0.500). Accepting message.
1755024778: Received PUBLISH from dhruvubuntu.b6_to_b7 (d0, q0, r0, m0, 'groundfloor/kitchen', ... (205 bytes))
1755024778: [PLUGIN][B7] [TRUST] Evaluating message with signers: [ B0 B2 B4 B6 ]
1755024778: [PLUGIN][B7] [TRUST] Evaluating message based on last signer only.
1755024778: [PLUGIN][B7] [TRUST] Looking up direct trust from 'B6' to 'B7'
1755024778: [PLUGIN][B7] [TRUST] Found link from 'B6'. r=0, s=0. Direct trust is 0.500
1755024778: [PLUGIN][B7] [TRUST] ✅ Last signer 'B6' is trusted (0.500 >= 0.500). Accepting message.
1755024778: Received PUBLISH from dhruvubuntu.b6_to_b7 (d0, q0, r0, m0, 'groundfloor/kitchen', ... (205 bytes))
1755024778: [PLUGIN][B7] [TRUST] Evaluating message with signers: [ B0 B1 B4 B6 ]
1755024778: [PLUGIN][B7] [TRUST] Evaluating message based on last signer only.
1755024778: [PLUGIN][B7] [TRUST] Looking up direct trust from 'B6' to 'B7'
1755024778: [PLUGIN][B7] [TRUST] Found link from 'B6'. r=0, s=0. Direct trust is 0.500
1755024778: [PLUGIN][B7] [TRUST] ✅ Last signer 'B6' is trusted (0.500 >= 0.500). Accepting message.
1755024783: [PLUGIN][B7] [REFRESH] Periodic map refresh triggered.
1755024793: [PLUGIN][B7] [REFRESH] Periodic map refresh triggered.
1755024803: [PLUGIN][B7] [REFRESH] Periodic map refresh triggered.
1755024813: Received PINGREQ from dhruvubuntu.b6_to_b7
1755024813: Sending PINGRESP to dhruvubuntu.b6_to_b7
1755024813: [PLUGIN][B7] [REFRESH] Periodic map refresh triggered.
1755024823: [PLUGIN][B7] [REFRESH] Periodic map refresh triggered.
1755024833: [PLUGIN][B7] [REFRESH] Periodic map refresh triggered.
1755024843: [PLUGIN][B7] [REFRESH] Periodic map refresh triggered.
1755024853: [PLUGIN][B7] [REFRESH] Periodic map refresh triggered.
1755024863: [PLUGIN][B7] [REFRESH] Periodic map refresh triggered.
1755024865: Received PUBLISH from dhruvubuntu.b6_to_b7 (d0, q0, r0, m0, 'groundfloor/kitchen', ... (205 bytes))
1755024865: [PLUGIN][B7] [TRUST] Evaluating message with signers: [ B0 B2 B5 B6 ]
1755024865: [PLUGIN][B7] [TRUST] Evaluating message based on last signer only.
1755024865: [PLUGIN][B7] [TRUST] Looking up direct trust from 'B6' to 'B7'
1755024865: [PLUGIN][B7] [TRUST] Found link from 'B6'. r=0, s=0. Direct trust is 0.500
1755024865: [PLUGIN][B7] [TRUST] ✅ Last signer 'B6' is trusted (0.500 >= 0.500). Accepting message.
1755024865: Received PUBLISH from dhruvubuntu.b6_to_b7 (d0, q0, r0, m0, 'groundfloor/kitchen', ... (205 bytes))
1755024865: [PLUGIN][B7] [TRUST] Evaluating message with signers: [ B0 B1 B4 B6 ]
1755024865: [PLUGIN][B7] [TRUST] Evaluating message based on last signer only.
1755024865: [PLUGIN][B7] [TRUST] Looking up direct trust from 'B6' to 'B7'
1755024865: [PLUGIN][B7] [TRUST] Found link from 'B6'. r=0, s=0. Direct trust is 0.500
1755024865: [PLUGIN][B7] [TRUST] ✅ Last signer 'B6' is trusted (0.500 >= 0.500). Accepting message.
1755024865: Received PUBLISH from dhruvubuntu.b6_to_b7 (d0, q0, r0, m0, 'groundfloor/kitchen', ... (205 bytes))
1755024865: [PLUGIN][B7] [TRUST] Evaluating message with signers: [ B0 B2 B4 B6 ]
1755024865: [PLUGIN][B7] [TRUST] Evaluating message based on last signer only.
1755024865: [PLUGIN][B7] [TRUST] Looking up direct trust from 'B6' to 'B7'
1755024865: [PLUGIN][B7] [TRUST] Found link from 'B6'. r=0, s=0. Direct trust is 0.500
1755024865: [PLUGIN][B7] [TRUST] ✅ Last signer 'B6' is trusted (0.500 >= 0.500). Accepting message.
1755024873: [PLUGIN][B7] [REFRESH] Periodic map refresh triggered.
1755024873: Received PINGREQ from dhruvubuntu.b6_to_b7
1755024873: Sending PINGRESP to dhruvubuntu.b6_to_b7
1755024883: [PLUGIN][B7] [REFRESH] Periodic map refresh triggered.
1755024893: [PLUGIN][B7] [REFRESH] Periodic map refresh triggered.
1755024903: [PLUGIN][B7] [REFRESH] Periodic map refresh triggered.
1755024913: [PLUGIN][B7] [REFRESH] Periodic map refresh triggered.
1755024915: Received PUBLISH from dhruvubuntu.b6_to_b7 (d0, q0, r0, m0, 'groundfloor/kitchen', ... (205 bytes))
1755024915: [PLUGIN][B7] [TRUST] Evaluating message with signers: [ B0 B2 B5 B6 ]
1755024915: [PLUGIN][B7] [TRUST] Evaluating message based on last signer only.
1755024915: [PLUGIN][B7] [TRUST] Looking up direct trust from 'B6' to 'B7'
1755024915: [PLUGIN][B7] [TRUST] Found link from 'B6'. r=0, s=0. Direct trust is 0.500
1755024915: [PLUGIN][B7] [TRUST] ✅ Last signer 'B6' is trusted (0.500 >= 0.500). Accepting message.
1755024915: Received PUBLISH from dhruvubuntu.b6_to_b7 (d0, q0, r0, m0, 'groundfloor/kitchen', ... (205 bytes))
1755024915: [PLUGIN][B7] [TRUST] Evaluating message with signers: [ B0 B2 B4 B6 ]
1755024915: [PLUGIN][B7] [TRUST] Evaluating message based on last signer only.
1755024915: [PLUGIN][B7] [TRUST] Looking up direct trust from 'B6' to 'B7'
1755024915: [PLUGIN][B7] [TRUST] Found link from 'B6'. r=0, s=0. Direct trust is 0.500
1755024915: [PLUGIN][B7] [TRUST] ✅ Last signer 'B6' is trusted (0.500 >= 0.500). Accepting message.
1755024915: Received PUBLISH from dhruvubuntu.b6_to_b7 (d0, q0, r0, m0, 'groundfloor/kitchen', ... (205 bytes))
1755024915: [PLUGIN][B7] [TRUST] Evaluating message with signers: [ B0 B1 B4 B6 ]
1755024915: [PLUGIN][B7] [TRUST] Evaluating message based on last signer only.
1755024915: [PLUGIN][B7] [TRUST] Looking up direct trust from 'B6' to 'B7'
1755024915: [PLUGIN][B7] [TRUST] Found link from 'B6'. r=0, s=0. Direct trust is 0.500
1755024915: [PLUGIN][B7] [TRUST] ✅ Last signer 'B6' is trusted (0.500 >= 0.500). Accepting message.
1755024923: [PLUGIN][B7] [REFRESH] Periodic map refresh triggered.
1755024926: Received PUBLISH from dhruvubuntu.b6_to_b7 (d0, q0, r0, m0, 'groundfloor/kitchen', ... (205 bytes))
1755024926: [PLUGIN][B7] [TRUST] Evaluating message with signers: [ B0 B1 B4 B6 ]
1755024926: [PLUGIN][B7] [TRUST] Evaluating message based on last signer only.
1755024926: [PLUGIN][B7] [TRUST] Looking up direct trust from 'B6' to 'B7'
1755024926: [PLUGIN][B7] [TRUST] Found link from 'B6'. r=0, s=0. Direct trust is 0.500
1755024926: [PLUGIN][B7] [TRUST] ✅ Last signer 'B6' is trusted (0.500 >= 0.500). Accepting message.
1755024926: Received PUBLISH from dhruvubuntu.b6_to_b7 (d0, q0, r0, m0, 'groundfloor/kitchen', ... (205 bytes))
1755024926: [PLUGIN][B7] [TRUST] Evaluating message with signers: [ B0 B2 B4 B6 ]
1755024926: [PLUGIN][B7] [TRUST] Evaluating message based on last signer only.
1755024926: [PLUGIN][B7] [TRUST] Looking up direct trust from 'B6' to 'B7'
1755024926: [PLUGIN][B7] [TRUST] Found link from 'B6'. r=0, s=0. Direct trust is 0.500
1755024926: [PLUGIN][B7] [TRUST] ✅ Last signer 'B6' is trusted (0.500 >= 0.500). Accepting message.
1755024926: Received PUBLISH from dhruvubuntu.b6_to_b7 (d0, q0, r0, m0, 'groundfloor/kitchen', ... (205 bytes))
1755024926: [PLUGIN][B7] [TRUST] Evaluating message with signers: [ B0 B2 B5 B6 ]
1755024926: [PLUGIN][B7] [TRUST] Evaluating message based on last signer only.
1755024926: [PLUGIN][B7] [TRUST] Looking up direct trust from 'B6' to 'B7'
1755024926: [PLUGIN][B7] [TRUST] Found link from 'B6'. r=0, s=0. Direct trust is 0.500
1755024926: [PLUGIN][B7] [TRUST] ✅ Last signer 'B6' is trusted (0.500 >= 0.500). Accepting message.
1755024933: [PLUGIN][B7] [REFRESH] Periodic map refresh triggered.
1755024933: Received PINGREQ from dhruvubuntu.b6_to_b7
1755024933: Sending PINGRESP to dhruvubuntu.b6_to_b7
1755024937: Received PUBLISH from dhruvubuntu.b6_to_b7 (d0, q0, r0, m0, 'groundfloor/kitchen', ... (205 bytes))
1755024937: [PLUGIN][B7] [TRUST] Evaluating message with signers: [ B0 B2 B5 B6 ]
1755024937: [PLUGIN][B7] [TRUST] Evaluating message based on last signer only.
1755024937: [PLUGIN][B7] [TRUST] Looking up direct trust from 'B6' to 'B7'
1755024937: [PLUGIN][B7] [TRUST] Found link from 'B6'. r=0, s=0. Direct trust is 0.500
1755024937: [PLUGIN][B7] [TRUST] ✅ Last signer 'B6' is trusted (0.500 >= 0.500). Accepting message.
1755024937: Received PUBLISH from dhruvubuntu.b6_to_b7 (d0, q0, r0, m0, 'groundfloor/kitchen', ... (205 bytes))
1755024937: [PLUGIN][B7] [TRUST] Evaluating message with signers: [ B0 B1 B4 B6 ]
1755024937: [PLUGIN][B7] [TRUST] Evaluating message based on last signer only.
1755024937: [PLUGIN][B7] [TRUST] Looking up direct trust from 'B6' to 'B7'
1755024937: [PLUGIN][B7] [TRUST] Found link from 'B6'. r=0, s=0. Direct trust is 0.500
1755024937: [PLUGIN][B7] [TRUST] ✅ Last signer 'B6' is trusted (0.500 >= 0.500). Accepting message.
1755024937: Received PUBLISH from dhruvubuntu.b6_to_b7 (d0, q0, r0, m0, 'groundfloor/kitchen', ... (205 bytes))
1755024937: [PLUGIN][B7] [TRUST] Evaluating message with signers: [ B0 B2 B4 B6 ]
1755024937: [PLUGIN][B7] [TRUST] Evaluating message based on last signer only.
1755024937: [PLUGIN][B7] [TRUST] Looking up direct trust from 'B6' to 'B7'
1755024937: [PLUGIN][B7] [TRUST] Found link from 'B6'. r=0, s=0. Direct trust is 0.500
1755024937: [PLUGIN][B7] [TRUST] ✅ Last signer 'B6' is trusted (0.500 >= 0.500). Accepting message.
1755024943: [PLUGIN][B7] [REFRESH] Periodic map refresh triggered.
1755024948: Received PUBLISH from dhruvubuntu.b6_to_b7 (d0, q0, r0, m0, 'groundfloor/kitchen', ... (205 bytes))
1755024948: [PLUGIN][B7] [TRUST] Evaluating message with signers: [ B0 B2 B5 B6 ]
1755024948: [PLUGIN][B7] [TRUST] Evaluating message based on last signer only.
1755024948: [PLUGIN][B7] [TRUST] Looking up direct trust from 'B6' to 'B7'
1755024948: [PLUGIN][B7] [TRUST] Found link from 'B6'. r=0, s=0. Direct trust is 0.500
1755024948: [PLUGIN][B7] [TRUST] ✅ Last signer 'B6' is trusted (0.500 >= 0.500). Accepting message.
1755024948: Received PUBLISH from dhruvubuntu.b6_to_b7 (d0, q0, r0, m0, 'groundfloor/kitchen', ... (205 bytes))
1755024948: [PLUGIN][B7] [TRUST] Evaluating message with signers: [ B0 B2 B4 B6 ]
1755024948: [PLUGIN][B7] [TRUST] Evaluating message based on last signer only.
1755024948: [PLUGIN][B7] [TRUST] Looking up direct trust from 'B6' to 'B7'
1755024948: [PLUGIN][B7] [TRUST] Found link from 'B6'. r=0, s=0. Direct trust is 0.500
1755024948: [PLUGIN][B7] [TRUST] ✅ Last signer 'B6' is trusted (0.500 >= 0.500). Accepting message.
1755024948: Received PUBLISH from dhruvubuntu.b6_to_b7 (d0, q0, r0, m0, 'groundfloor/kitchen', ... (205 bytes))
1755024948: [PLUGIN][B7] [TRUST] Evaluating message with signers: [ B0 B1 B4 B6 ]
1755024948: [PLUGIN][B7] [TRUST] Evaluating message based on last signer only.
1755024948: [PLUGIN][B7] [TRUST] Looking up direct trust from 'B6' to 'B7'
1755024948: [PLUGIN][B7] [TRUST] Found link from 'B6'. r=0, s=0. Direct trust is 0.500
1755024948: [PLUGIN][B7] [TRUST] ✅ Last signer 'B6' is trusted (0.500 >= 0.500). Accepting message.
1755024953: [PLUGIN][B7] [REFRESH] Periodic map refresh triggered.
1755024959: Received PUBLISH from dhruvubuntu.b6_to_b7 (d0, q0, r0, m0, 'groundfloor/kitchen', ... (205 bytes))
1755024959: [PLUGIN][B7] [TRUST] Evaluating message with signers: [ B0 B1 B4 B6 ]
1755024959: [PLUGIN][B7] [TRUST] Evaluating message based on last signer only.
1755024959: [PLUGIN][B7] [TRUST] Looking up direct trust from 'B6' to 'B7'
1755024959: [PLUGIN][B7] [TRUST] Found link from 'B6'. r=0, s=0. Direct trust is 0.500
1755024959: [PLUGIN][B7] [TRUST] ✅ Last signer 'B6' is trusted (0.500 >= 0.500). Accepting message.
1755024959: Received PUBLISH from dhruvubuntu.b6_to_b7 (d0, q0, r0, m0, 'groundfloor/kitchen', ... (205 bytes))
1755024959: [PLUGIN][B7] [TRUST] Evaluating message with signers: [ B0 B2 B4 B6 ]
1755024959: [PLUGIN][B7] [TRUST] Evaluating message based on last signer only.
1755024959: [PLUGIN][B7] [TRUST] Looking up direct trust from 'B6' to 'B7'
1755024959: [PLUGIN][B7] [TRUST] Found link from 'B6'. r=0, s=0. Direct trust is 0.500
1755024959: [PLUGIN][B7] [TRUST] ✅ Last signer 'B6' is trusted (0.500 >= 0.500). Accepting message.
1755024959: Received PUBLISH from dhruvubuntu.b6_to_b7 (d0, q0, r0, m0, 'groundfloor/kitchen', ... (205 bytes))
1755024959: [PLUGIN][B7] [TRUST] Evaluating message with signers: [ B0 B2 B5 B6 ]
1755024959: [PLUGIN][B7] [TRUST] Evaluating message based on last signer only.
1755024959: [PLUGIN][B7] [TRUST] Looking up direct trust from 'B6' to 'B7'
1755024959: [PLUGIN][B7] [TRUST] Found link from 'B6'. r=0, s=0. Direct trust is 0.500
1755024959: [PLUGIN][B7] [TRUST] ✅ Last signer 'B6' is trusted (0.500 >= 0.500). Accepting message.
1755024963: [PLUGIN][B7] [REFRESH] Periodic map refresh triggered.
1755024970: Received PUBLISH from dhruvubuntu.b6_to_b7 (d0, q0, r0, m0, 'groundfloor/kitchen', ... (205 bytes))
1755024970: [PLUGIN][B7] [TRUST] Evaluating message with signers: [ B0 B2 B5 B6 ]
1755024970: [PLUGIN][B7] [TRUST] Evaluating message based on last signer only.
1755024970: [PLUGIN][B7] [TRUST] Looking up direct trust from 'B6' to 'B7'
1755024970: [PLUGIN][B7] [TRUST] Found link from 'B6'. r=0, s=0. Direct trust is 0.500
1755024970: [PLUGIN][B7] [TRUST] ✅ Last signer 'B6' is trusted (0.500 >= 0.500). Accepting message.
1755024970: Received PUBLISH from dhruvubuntu.b6_to_b7 (d0, q0, r0, m0, 'groundfloor/kitchen', ... (205 bytes))
1755024970: [PLUGIN][B7] [TRUST] Evaluating message with signers: [ B0 B2 B4 B6 ]
1755024970: [PLUGIN][B7] [TRUST] Evaluating message based on last signer only.
1755024970: [PLUGIN][B7] [TRUST] Looking up direct trust from 'B6' to 'B7'
1755024970: [PLUGIN][B7] [TRUST] Found link from 'B6'. r=0, s=0. Direct trust is 0.500
1755024970: [PLUGIN][B7] [TRUST] ✅ Last signer 'B6' is trusted (0.500 >= 0.500). Accepting message.
1755024970: Received PUBLISH from dhruvubuntu.b6_to_b7 (d0, q0, r0, m0, 'groundfloor/kitchen', ... (205 bytes))
1755024970: [PLUGIN][B7] [TRUST] Evaluating message with signers: [ B0 B1 B4 B6 ]
1755024970: [PLUGIN][B7] [TRUST] Evaluating message based on last signer only.
1755024970: [PLUGIN][B7] [TRUST] Looking up direct trust from 'B6' to 'B7'
1755024970: [PLUGIN][B7] [TRUST] Found link from 'B6'. r=0, s=0. Direct trust is 0.500
1755024970: [PLUGIN][B7] [TRUST] ✅ Last signer 'B6' is trusted (0.500 >= 0.500). Accepting message.
1755024973: [PLUGIN][B7] [REFRESH] Periodic map refresh triggered.
1755024981: Received PUBLISH from dhruvubuntu.b6_to_b7 (d0, q0, r0, m0, 'groundfloor/kitchen', ... (205 bytes))
1755024981: [PLUGIN][B7] [TRUST] Evaluating message with signers: [ B0 B1 B4 B6 ]
1755024981: [PLUGIN][B7] [TRUST] Evaluating message based on last signer only.
1755024981: [PLUGIN][B7] [TRUST] Looking up direct trust from 'B6' to 'B7'
1755024981: [PLUGIN][B7] [TRUST] Found link from 'B6'. r=0, s=0. Direct trust is 0.500
1755024981: [PLUGIN][B7] [TRUST] ✅ Last signer 'B6' is trusted (0.500 >= 0.500). Accepting message.
1755024981: Received PUBLISH from dhruvubuntu.b6_to_b7 (d0, q0, r0, m0, 'groundfloor/kitchen', ... (205 bytes))
1755024981: [PLUGIN][B7] [TRUST] Evaluating message with signers: [ B0 B2 B5 B6 ]
1755024981: [PLUGIN][B7] [TRUST] Evaluating message based on last signer only.
1755024981: [PLUGIN][B7] [TRUST] Looking up direct trust from 'B6' to 'B7'
1755024981: [PLUGIN][B7] [TRUST] Found link from 'B6'. r=0, s=0. Direct trust is 0.500
1755024981: [PLUGIN][B7] [TRUST] ✅ Last signer 'B6' is trusted (0.500 >= 0.500). Accepting message.
1755024981: Received PUBLISH from dhruvubuntu.b6_to_b7 (d0, q0, r0, m0, 'groundfloor/kitchen', ... (205 bytes))
1755024981: [PLUGIN][B7] [TRUST] Evaluating message with signers: [ B0 B2 B4 B6 ]
1755024981: [PLUGIN][B7] [TRUST] Evaluating message based on last signer only.
1755024981: [PLUGIN][B7] [TRUST] Looking up direct trust from 'B6' to 'B7'
1755024981: [PLUGIN][B7] [TRUST] Found link from 'B6'. r=0, s=0. Direct trust is 0.500
1755024981: [PLUGIN][B7] [TRUST] ✅ Last signer 'B6' is trusted (0.500 >= 0.500). Accepting message.
1755024983: [PLUGIN][B7] [REFRESH] Periodic map refresh triggered.
1755024992: Received PUBLISH from dhruvubuntu.b6_to_b7 (d0, q0, r0, m0, 'groundfloor/kitchen', ... (205 bytes))
1755024992: [PLUGIN][B7] [TRUST] Evaluating message with signers: [ B0 B2 B5 B6 ]
1755024992: [PLUGIN][B7] [TRUST] Evaluating message based on last signer only.
1755024992: [PLUGIN][B7] [TRUST] Looking up direct trust from 'B6' to 'B7'
1755024992: [PLUGIN][B7] [TRUST] Found link from 'B6'. r=0, s=0. Direct trust is 0.500
1755024992: [PLUGIN][B7] [TRUST] ✅ Last signer 'B6' is trusted (0.500 >= 0.500). Accepting message.
1755024992: Received PUBLISH from dhruvubuntu.b6_to_b7 (d0, q0, r0, m0, 'groundfloor/kitchen', ... (205 bytes))
1755024992: [PLUGIN][B7] [TRUST] Evaluating message with signers: [ B0 B2 B4 B6 ]
1755024992: [PLUGIN][B7] [TRUST] Evaluating message based on last signer only.
1755024992: [PLUGIN][B7] [TRUST] Looking up direct trust from 'B6' to 'B7'
1755024992: [PLUGIN][B7] [TRUST] Found link from 'B6'. r=0, s=0. Direct trust is 0.500
1755024992: [PLUGIN][B7] [TRUST] ✅ Last signer 'B6' is trusted (0.500 >= 0.500). Accepting message.
1755024992: Received PUBLISH from dhruvubuntu.b6_to_b7 (d0, q0, r0, m0, 'groundfloor/kitchen', ... (205 bytes))
1755024992: [PLUGIN][B7] [TRUST] Evaluating message with signers: [ B0 B1 B4 B6 ]
1755024992: [PLUGIN][B7] [TRUST] Evaluating message based on last signer only.
1755024992: [PLUGIN][B7] [TRUST] Looking up direct trust from 'B6' to 'B7'
1755024992: [PLUGIN][B7] [TRUST] Found link from 'B6'. r=0, s=0. Direct trust is 0.500
1755024992: [PLUGIN][B7] [TRUST] ✅ Last signer 'B6' is trusted (0.500 >= 0.500). Accepting message.
1755024993: Received PINGREQ from dhruvubuntu.b6_to_b7
1755024993: Sending PINGRESP to dhruvubuntu.b6_to_b7
1755024993: [PLUGIN][B7] [REFRESH] Periodic map refresh triggered.
1755025003: [PLUGIN][B7] [REFRESH] Periodic map refresh triggered.
1755025003: Received PUBLISH from dhruvubuntu.b6_to_b7 (d0, q0, r0, m0, 'groundfloor/kitchen', ... (205 bytes))
1755025003: [PLUGIN][B7] [TRUST] Evaluating message with signers: [ B0 B2 B5 B6 ]
1755025003: [PLUGIN][B7] [TRUST] Evaluating message based on last signer only.
1755025003: [PLUGIN][B7] [TRUST] Looking up direct trust from 'B6' to 'B7'
1755025003: [PLUGIN][B7] [TRUST] Found link from 'B6'. r=0, s=0. Direct trust is 0.500
1755025003: [PLUGIN][B7] [TRUST] ✅ Last signer 'B6' is trusted (0.500 >= 0.500). Accepting message.
1755025003: Received PUBLISH from dhruvubuntu.b6_to_b7 (d0, q0, r0, m0, 'groundfloor/kitchen', ... (205 bytes))
1755025003: [PLUGIN][B7] [TRUST] Evaluating message with signers: [ B0 B2 B4 B6 ]
1755025003: [PLUGIN][B7] [TRUST] Evaluating message based on last signer only.
1755025003: [PLUGIN][B7] [TRUST] Looking up direct trust from 'B6' to 'B7'
1755025003: [PLUGIN][B7] [TRUST] Found link from 'B6'. r=0, s=0. Direct trust is 0.500
1755025003: [PLUGIN][B7] [TRUST] ✅ Last signer 'B6' is trusted (0.500 >= 0.500). Accepting message.
1755025003: Received PUBLISH from dhruvubuntu.b6_to_b7 (d0, q0, r0, m0, 'groundfloor/kitchen', ... (205 bytes))
1755025003: [PLUGIN][B7] [TRUST] Evaluating message with signers: [ B0 B1 B4 B6 ]
1755025003: [PLUGIN][B7] [TRUST] Evaluating message based on last signer only.
1755025003: [PLUGIN][B7] [TRUST] Looking up direct trust from 'B6' to 'B7'
1755025003: [PLUGIN][B7] [TRUST] Found link from 'B6'. r=0, s=0. Direct trust is 0.500
1755025003: [PLUGIN][B7] [TRUST] ✅ Last signer 'B6' is trusted (0.500 >= 0.500). Accepting message.
1755025013: [PLUGIN][B7] [REFRESH] Periodic map refresh triggered.
1755025014: Received PUBLISH from dhruvubuntu.b6_to_b7 (d0, q0, r0, m0, 'groundfloor/kitchen', ... (205 bytes))
1755025014: [PLUGIN][B7] [TRUST] Evaluating message with signers: [ B0 B1 B4 B6 ]
1755025014: [PLUGIN][B7] [TRUST] Evaluating message based on last signer only.
1755025014: [PLUGIN][B7] [TRUST] Looking up direct trust from 'B6' to 'B7'
1755025014: [PLUGIN][B7] [TRUST] Found link from 'B6'. r=0, s=0. Direct trust is 0.500
1755025014: [PLUGIN][B7] [TRUST] ✅ Last signer 'B6' is trusted (0.500 >= 0.500). Accepting message.
1755025014: Received PUBLISH from dhruvubuntu.b6_to_b7 (d0, q0, r0, m0, 'groundfloor/kitchen', ... (205 bytes))
1755025014: [PLUGIN][B7] [TRUST] Evaluating message with signers: [ B0 B2 B5 B6 ]
1755025014: [PLUGIN][B7] [TRUST] Evaluating message based on last signer only.
1755025014: [PLUGIN][B7] [TRUST] Looking up direct trust from 'B6' to 'B7'
1755025014: [PLUGIN][B7] [TRUST] Found link from 'B6'. r=0, s=0. Direct trust is 0.500
1755025014: [PLUGIN][B7] [TRUST] ✅ Last signer 'B6' is trusted (0.500 >= 0.500). Accepting message.
1755025014: Received PUBLISH from dhruvubuntu.b6_to_b7 (d0, q0, r0, m0, 'groundfloor/kitchen', ... (205 bytes))
1755025014: [PLUGIN][B7] [TRUST] Evaluating message with signers: [ B0 B2 B4 B6 ]
1755025014: [PLUGIN][B7] [TRUST] Evaluating message based on last signer only.
1755025014: [PLUGIN][B7] [TRUST] Looking up direct trust from 'B6' to 'B7'
1755025014: [PLUGIN][B7] [TRUST] Found link from 'B6'. r=0, s=0. Direct trust is 0.500
1755025014: [PLUGIN][B7] [TRUST] ✅ Last signer 'B6' is trusted (0.500 >= 0.500). Accepting message.
1755025023: [PLUGIN][B7] [REFRESH] Periodic map refresh triggered.
1755025025: Received PUBLISH from dhruvubuntu.b6_to_b7 (d0, q0, r0, m0, 'groundfloor/kitchen', ... (205 bytes))
1755025025: [PLUGIN][B7] [TRUST] Evaluating message with signers: [ B0 B1 B4 B6 ]
1755025025: [PLUGIN][B7] [TRUST] Evaluating message based on last signer only.
1755025025: [PLUGIN][B7] [TRUST] Looking up direct trust from 'B6' to 'B7'
1755025025: [PLUGIN][B7] [TRUST] Found link from 'B6'. r=0, s=0. Direct trust is 0.500
1755025025: [PLUGIN][B7] [TRUST] ✅ Last signer 'B6' is trusted (0.500 >= 0.500). Accepting message.
1755025025: Received PUBLISH from dhruvubuntu.b6_to_b7 (d0, q0, r0, m0, 'groundfloor/kitchen', ... (205 bytes))
1755025025: [PLUGIN][B7] [TRUST] Evaluating message with signers: [ B0 B2 B4 B6 ]
1755025025: [PLUGIN][B7] [TRUST] Evaluating message based on last signer only.
1755025025: [PLUGIN][B7] [TRUST] Looking up direct trust from 'B6' to 'B7'
1755025025: [PLUGIN][B7] [TRUST] Found link from 'B6'. r=0, s=0. Direct trust is 0.500
1755025025: [PLUGIN][B7] [TRUST] ✅ Last signer 'B6' is trusted (0.500 >= 0.500). Accepting message.
1755025025: Received PUBLISH from dhruvubuntu.b6_to_b7 (d0, q0, r0, m0, 'groundfloor/kitchen', ... (205 bytes))
1755025025: [PLUGIN][B7] [TRUST] Evaluating message with signers: [ B0 B2 B5 B6 ]
1755025025: [PLUGIN][B7] [TRUST] Evaluating message based on last signer only.
1755025025: [PLUGIN][B7] [TRUST] Looking up direct trust from 'B6' to 'B7'
1755025025: [PLUGIN][B7] [TRUST] Found link from 'B6'. r=0, s=0. Direct trust is 0.500
1755025025: [PLUGIN][B7] [TRUST] ✅ Last signer 'B6' is trusted (0.500 >= 0.500). Accepting message.
1755025033: [PLUGIN][B7] [REFRESH] Periodic map refresh triggered.
1755025036: Received PUBLISH from dhruvubuntu.b6_to_b7 (d0, q0, r0, m0, 'groundfloor/kitchen', ... (205 bytes))
1755025036: [PLUGIN][B7] [TRUST] Evaluating message with signers: [ B0 B1 B4 B6 ]
1755025036: [PLUGIN][B7] [TRUST] Evaluating message based on last signer only.
1755025036: [PLUGIN][B7] [TRUST] Looking up direct trust from 'B6' to 'B7'
1755025036: [PLUGIN][B7] [TRUST] Found link from 'B6'. r=0, s=0. Direct trust is 0.500
1755025036: [PLUGIN][B7] [TRUST] ✅ Last signer 'B6' is trusted (0.500 >= 0.500). Accepting message.
1755025036: Received PUBLISH from dhruvubuntu.b6_to_b7 (d0, q0, r0, m0, 'groundfloor/kitchen', ... (205 bytes))
1755025036: [PLUGIN][B7] [TRUST] Evaluating message with signers: [ B0 B2 B5 B6 ]
1755025036: [PLUGIN][B7] [TRUST] Evaluating message based on last signer only.
1755025036: [PLUGIN][B7] [TRUST] Looking up direct trust from 'B6' to 'B7'
1755025036: [PLUGIN][B7] [TRUST] Found link from 'B6'. r=0, s=0. Direct trust is 0.500
1755025036: [PLUGIN][B7] [TRUST] ✅ Last signer 'B6' is trusted (0.500 >= 0.500). Accepting message.
1755025037: Received PUBLISH from dhruvubuntu.b6_to_b7 (d0, q0, r0, m0, 'groundfloor/kitchen', ... (205 bytes))
1755025037: [PLUGIN][B7] [TRUST] Evaluating message with signers: [ B0 B2 B4 B6 ]
1755025037: [PLUGIN][B7] [TRUST] Evaluating message based on last signer only.
1755025037: [PLUGIN][B7] [TRUST] Looking up direct trust from 'B6' to 'B7'
1755025037: [PLUGIN][B7] [TRUST] Found link from 'B6'. r=0, s=0. Direct trust is 0.500
1755025037: [PLUGIN][B7] [TRUST] ✅ Last signer 'B6' is trusted (0.500 >= 0.500). Accepting message.
1755025043: [PLUGIN][B7] [REFRESH] Periodic map refresh triggered.
1755025048: Received PUBLISH from dhruvubuntu.b6_to_b7 (d0, q0, r0, m0, 'groundfloor/kitchen', ... (205 bytes))
1755025048: [PLUGIN][B7] [TRUST] Evaluating message with signers: [ B0 B2 B5 B6 ]
1755025048: [PLUGIN][B7] [TRUST] Evaluating message based on last signer only.
1755025048: [PLUGIN][B7] [TRUST] Looking up direct trust from 'B6' to 'B7'
1755025048: [PLUGIN][B7] [TRUST] Found link from 'B6'. r=0, s=0. Direct trust is 0.500
1755025048: [PLUGIN][B7] [TRUST] ✅ Last signer 'B6' is trusted (0.500 >= 0.500). Accepting message.
1755025048: Received PUBLISH from dhruvubuntu.b6_to_b7 (d0, q0, r0, m0, 'groundfloor/kitchen', ... (205 bytes))
1755025048: [PLUGIN][B7] [TRUST] Evaluating message with signers: [ B0 B2 B4 B6 ]
1755025048: [PLUGIN][B7] [TRUST] Evaluating message based on last signer only.
1755025048: [PLUGIN][B7] [TRUST] Looking up direct trust from 'B6' to 'B7'
1755025048: [PLUGIN][B7] [TRUST] Found link from 'B6'. r=0, s=0. Direct trust is 0.500
1755025048: [PLUGIN][B7] [TRUST] ✅ Last signer 'B6' is trusted (0.500 >= 0.500). Accepting message.
1755025048: Received PUBLISH from dhruvubuntu.b6_to_b7 (d0, q0, r0, m0, 'groundfloor/kitchen', ... (205 bytes))
1755025048: [PLUGIN][B7] [TRUST] Evaluating message with signers: [ B0 B1 B4 B6 ]
1755025048: [PLUGIN][B7] [TRUST] Evaluating message based on last signer only.
1755025048: [PLUGIN][B7] [TRUST] Looking up direct trust from 'B6' to 'B7'
1755025048: [PLUGIN][B7] [TRUST] Found link from 'B6'. r=0, s=0. Direct trust is 0.500
1755025048: [PLUGIN][B7] [TRUST] ✅ Last signer 'B6' is trusted (0.500 >= 0.500). Accepting message.
1755025053: Received PINGREQ from dhruvubuntu.b6_to_b7
1755025053: Sending PINGRESP to dhruvubuntu.b6_to_b7
1755025053: [PLUGIN][B7] [REFRESH] Periodic map refresh triggered.
1755025059: Received PUBLISH from dhruvubuntu.b6_to_b7 (d0, q0, r0, m0, 'groundfloor/kitchen', ... (205 bytes))
1755025059: [PLUGIN][B7] [TRUST] Evaluating message with signers: [ B0 B2 B4 B6 ]
1755025059: [PLUGIN][B7] [TRUST] Evaluating message based on last signer only.
1755025059: [PLUGIN][B7] [TRUST] Looking up direct trust from 'B6' to 'B7'
1755025059: [PLUGIN][B7] [TRUST] Found link from 'B6'. r=0, s=0. Direct trust is 0.500
1755025059: [PLUGIN][B7] [TRUST] ✅ Last signer 'B6' is trusted (0.500 >= 0.500). Accepting message.
1755025059: Received PUBLISH from dhruvubuntu.b6_to_b7 (d0, q0, r0, m0, 'groundfloor/kitchen', ... (205 bytes))
1755025059: [PLUGIN][B7] [TRUST] Evaluating message with signers: [ B0 B2 B5 B6 ]
1755025059: [PLUGIN][B7] [TRUST] Evaluating message based on last signer only.
1755025059: [PLUGIN][B7] [TRUST] Looking up direct trust from 'B6' to 'B7'
1755025059: [PLUGIN][B7] [TRUST] Found link from 'B6'. r=0, s=0. Direct trust is 0.500
1755025059: [PLUGIN][B7] [TRUST] ✅ Last signer 'B6' is trusted (0.500 >= 0.500). Accepting message.
1755025059: Received PUBLISH from dhruvubuntu.b6_to_b7 (d0, q0, r0, m0, 'groundfloor/kitchen', ... (205 bytes))
1755025059: [PLUGIN][B7] [TRUST] Evaluating message with signers: [ B0 B1 B4 B6 ]
1755025059: [PLUGIN][B7] [TRUST] Evaluating message based on last signer only.
1755025059: [PLUGIN][B7] [TRUST] Looking up direct trust from 'B6' to 'B7'
1755025059: [PLUGIN][B7] [TRUST] Found link from 'B6'. r=0, s=0. Direct trust is 0.500
1755025059: [PLUGIN][B7] [TRUST] ✅ Last signer 'B6' is trusted (0.500 >= 0.500). Accepting message.
1755025063: [PLUGIN][B7] [REFRESH] Periodic map refresh triggered.
1755025070: Received PUBLISH from dhruvubuntu.b6_to_b7 (d0, q0, r0, m0, 'groundfloor/kitchen', ... (205 bytes))
1755025070: [PLUGIN][B7] [TRUST] Evaluating message with signers: [ B0 B2 B4 B6 ]
1755025070: [PLUGIN][B7] [TRUST] Evaluating message based on last signer only.
1755025070: [PLUGIN][B7] [TRUST] Looking up direct trust from 'B6' to 'B7'
1755025070: [PLUGIN][B7] [TRUST] Found link from 'B6'. r=0, s=0. Direct trust is 0.500
1755025070: [PLUGIN][B7] [TRUST] ✅ Last signer 'B6' is trusted (0.500 >= 0.500). Accepting message.
1755025070: Received PUBLISH from dhruvubuntu.b6_to_b7 (d0, q0, r0, m0, 'groundfloor/kitchen', ... (205 bytes))
1755025070: [PLUGIN][B7] [TRUST] Evaluating message with signers: [ B0 B2 B5 B6 ]
1755025070: [PLUGIN][B7] [TRUST] Evaluating message based on last signer only.
1755025070: [PLUGIN][B7] [TRUST] Looking up direct trust from 'B6' to 'B7'
1755025070: [PLUGIN][B7] [TRUST] Found link from 'B6'. r=0, s=0. Direct trust is 0.500
1755025070: [PLUGIN][B7] [TRUST] ✅ Last signer 'B6' is trusted (0.500 >= 0.500). Accepting message.
1755025070: Received PUBLISH from dhruvubuntu.b6_to_b7 (d0, q0, r0, m0, 'groundfloor/kitchen', ... (205 bytes))
1755025070: [PLUGIN][B7] [TRUST] Evaluating message with signers: [ B0 B1 B4 B6 ]
1755025070: [PLUGIN][B7] [TRUST] Evaluating message based on last signer only.
1755025070: [PLUGIN][B7] [TRUST] Looking up direct trust from 'B6' to 'B7'
1755025070: [PLUGIN][B7] [TRUST] Found link from 'B6'. r=0, s=0. Direct trust is 0.500
1755025070: [PLUGIN][B7] [TRUST] ✅ Last signer 'B6' is trusted (0.500 >= 0.500). Accepting message.
1755025073: [PLUGIN][B7] [REFRESH] Periodic map refresh triggered.
1755025081: Received PUBLISH from dhruvubuntu.b6_to_b7 (d0, q0, r0, m0, 'groundfloor/kitchen', ... (205 bytes))
1755025081: [PLUGIN][B7] [TRUST] Evaluating message with signers: [ B0 B2 B4 B6 ]
1755025081: [PLUGIN][B7] [TRUST] Evaluating message based on last signer only.
1755025081: [PLUGIN][B7] [TRUST] Looking up direct trust from 'B6' to 'B7'
1755025081: [PLUGIN][B7] [TRUST] Found link from 'B6'. r=0, s=0. Direct trust is 0.500
1755025081: [PLUGIN][B7] [TRUST] ✅ Last signer 'B6' is trusted (0.500 >= 0.500). Accepting message.
1755025081: Received PUBLISH from dhruvubuntu.b6_to_b7 (d0, q0, r0, m0, 'groundfloor/kitchen', ... (205 bytes))
1755025081: [PLUGIN][B7] [TRUST] Evaluating message with signers: [ B0 B2 B5 B6 ]
1755025081: [PLUGIN][B7] [TRUST] Evaluating message based on last signer only.
1755025081: [PLUGIN][B7] [TRUST] Looking up direct trust from 'B6' to 'B7'
1755025081: [PLUGIN][B7] [TRUST] Found link from 'B6'. r=0, s=0. Direct trust is 0.500
1755025081: [PLUGIN][B7] [TRUST] ✅ Last signer 'B6' is trusted (0.500 >= 0.500). Accepting message.
1755025081: Received PUBLISH from dhruvubuntu.b6_to_b7 (d0, q0, r0, m0, 'groundfloor/kitchen', ... (205 bytes))
1755025081: [PLUGIN][B7] [TRUST] Evaluating message with signers: [ B0 B1 B4 B6 ]
1755025081: [PLUGIN][B7] [TRUST] Evaluating message based on last signer only.
1755025081: [PLUGIN][B7] [TRUST] Looking up direct trust from 'B6' to 'B7'
1755025081: [PLUGIN][B7] [TRUST] Found link from 'B6'. r=0, s=0. Direct trust is 0.500
1755025081: [PLUGIN][B7] [TRUST] ✅ Last signer 'B6' is trusted (0.500 >= 0.500). Accepting message.
1755025083: [PLUGIN][B7] [REFRESH] Periodic map refresh triggered.
1755025092: Received PUBLISH from dhruvubuntu.b6_to_b7 (d0, q0, r0, m0, 'groundfloor/kitchen', ... (205 bytes))
1755025092: [PLUGIN][B7] [TRUST] Evaluating message with signers: [ B0 B2 B5 B6 ]
1755025092: [PLUGIN][B7] [TRUST] Evaluating message based on last signer only.
1755025092: [PLUGIN][B7] [TRUST] Looking up direct trust from 'B6' to 'B7'
1755025092: [PLUGIN][B7] [TRUST] Found link from 'B6'. r=0, s=0. Direct trust is 0.500
1755025092: [PLUGIN][B7] [TRUST] ✅ Last signer 'B6' is trusted (0.500 >= 0.500). Accepting message.
1755025092: Received PUBLISH from dhruvubuntu.b6_to_b7 (d0, q0, r0, m0, 'groundfloor/kitchen', ... (205 bytes))
1755025092: [PLUGIN][B7] [TRUST] Evaluating message with signers: [ B0 B2 B4 B6 ]
1755025092: [PLUGIN][B7] [TRUST] Evaluating message based on last signer only.
1755025092: [PLUGIN][B7] [TRUST] Looking up direct trust from 'B6' to 'B7'
1755025092: [PLUGIN][B7] [TRUST] Found link from 'B6'. r=0, s=0. Direct trust is 0.500
1755025092: [PLUGIN][B7] [TRUST] ✅ Last signer 'B6' is trusted (0.500 >= 0.500). Accepting message.
1755025092: Received PUBLISH from dhruvubuntu.b6_to_b7 (d0, q0, r0, m0, 'groundfloor/kitchen', ... (205 bytes))
1755025092: [PLUGIN][B7] [TRUST] Evaluating message with signers: [ B0 B1 B4 B6 ]
1755025092: [PLUGIN][B7] [TRUST] Evaluating message based on last signer only.
1755025092: [PLUGIN][B7] [TRUST] Looking up direct trust from 'B6' to 'B7'
1755025092: [PLUGIN][B7] [TRUST] Found link from 'B6'. r=0, s=0. Direct trust is 0.500
1755025092: [PLUGIN][B7] [TRUST] ✅ Last signer 'B6' is trusted (0.500 >= 0.500). Accepting message.
1755025093: [PLUGIN][B7] [REFRESH] Periodic map refresh triggered.
1755025103: [PLUGIN][B7] [REFRESH] Periodic map refresh triggered.
1755025103: Received PUBLISH from dhruvubuntu.b6_to_b7 (d0, q0, r0, m0, 'groundfloor/kitchen', ... (205 bytes))
1755025103: [PLUGIN][B7] [TRUST] Evaluating message with signers: [ B0 B2 B5 B6 ]
1755025103: [PLUGIN][B7] [TRUST] Evaluating message based on last signer only.
1755025103: [PLUGIN][B7] [TRUST] Looking up direct trust from 'B6' to 'B7'
1755025103: [PLUGIN][B7] [TRUST] Found link from 'B6'. r=0, s=0. Direct trust is 0.500
1755025103: [PLUGIN][B7] [TRUST] ✅ Last signer 'B6' is trusted (0.500 >= 0.500). Accepting message.
1755025103: Received PUBLISH from dhruvubuntu.b6_to_b7 (d0, q0, r0, m0, 'groundfloor/kitchen', ... (205 bytes))
1755025103: [PLUGIN][B7] [TRUST] Evaluating message with signers: [ B0 B2 B4 B6 ]
1755025103: [PLUGIN][B7] [TRUST] Evaluating message based on last signer only.
1755025103: [PLUGIN][B7] [TRUST] Looking up direct trust from 'B6' to 'B7'
1755025103: [PLUGIN][B7] [TRUST] Found link from 'B6'. r=0, s=0. Direct trust is 0.500
1755025103: [PLUGIN][B7] [TRUST] ✅ Last signer 'B6' is trusted (0.500 >= 0.500). Accepting message.
1755025103: Received PUBLISH from dhruvubuntu.b6_to_b7 (d0, q0, r0, m0, 'groundfloor/kitchen', ... (205 bytes))
1755025103: [PLUGIN][B7] [TRUST] Evaluating message with signers: [ B0 B1 B4 B6 ]
1755025103: [PLUGIN][B7] [TRUST] Evaluating message based on last signer only.
1755025103: [PLUGIN][B7] [TRUST] Looking up direct trust from 'B6' to 'B7'
1755025103: [PLUGIN][B7] [TRUST] Found link from 'B6'. r=0, s=0. Direct trust is 0.500
1755025103: [PLUGIN][B7] [TRUST] ✅ Last signer 'B6' is trusted (0.500 >= 0.500). Accepting message.
1755025113: Received PINGREQ from dhruvubuntu.b6_to_b7
1755025113: Sending PINGRESP to dhruvubuntu.b6_to_b7
1755025113: [PLUGIN][B7] [REFRESH] Periodic map refresh triggered.
1755025114: Received PUBLISH from dhruvubuntu.b6_to_b7 (d0, q0, r0, m0, 'groundfloor/kitchen', ... (205 bytes))
1755025114: [PLUGIN][B7] [TRUST] Evaluating message with signers: [ B0 B2 B4 B6 ]
1755025114: [PLUGIN][B7] [TRUST] Evaluating message based on last signer only.
1755025114: [PLUGIN][B7] [TRUST] Looking up direct trust from 'B6' to 'B7'
1755025114: [PLUGIN][B7] [TRUST] Found link from 'B6'. r=0, s=0. Direct trust is 0.500
1755025114: [PLUGIN][B7] [TRUST] ✅ Last signer 'B6' is trusted (0.500 >= 0.500). Accepting message.
1755025114: Received PUBLISH from dhruvubuntu.b6_to_b7 (d0, q0, r0, m0, 'groundfloor/kitchen', ... (205 bytes))
1755025114: [PLUGIN][B7] [TRUST] Evaluating message with signers: [ B0 B2 B5 B6 ]
1755025114: [PLUGIN][B7] [TRUST] Evaluating message based on last signer only.
1755025114: [PLUGIN][B7] [TRUST] Looking up direct trust from 'B6' to 'B7'
1755025114: [PLUGIN][B7] [TRUST] Found link from 'B6'. r=0, s=0. Direct trust is 0.500
1755025114: [PLUGIN][B7] [TRUST] ✅ Last signer 'B6' is trusted (0.500 >= 0.500). Accepting message.
1755025114: Received PUBLISH from dhruvubuntu.b6_to_b7 (d0, q0, r0, m0, 'groundfloor/kitchen', ... (205 bytes))
1755025114: [PLUGIN][B7] [TRUST] Evaluating message with signers: [ B0 B1 B4 B6 ]
1755025114: [PLUGIN][B7] [TRUST] Evaluating message based on last signer only.
1755025114: [PLUGIN][B7] [TRUST] Looking up direct trust from 'B6' to 'B7'
1755025114: [PLUGIN][B7] [TRUST] Found link from 'B6'. r=0, s=0. Direct trust is 0.500
1755025114: [PLUGIN][B7] [TRUST] ✅ Last signer 'B6' is trusted (0.500 >= 0.500). Accepting message.
1755025123: [PLUGIN][B7] [REFRESH] Periodic map refresh triggered.
1755025125: Received PUBLISH from dhruvubuntu.b6_to_b7 (d0, q0, r0, m0, 'groundfloor/kitchen', ... (205 bytes))
1755025125: [PLUGIN][B7] [TRUST] Evaluating message with signers: [ B0 B2 B4 B6 ]
1755025125: [PLUGIN][B7] [TRUST] Evaluating message based on last signer only.
1755025125: [PLUGIN][B7] [TRUST] Looking up direct trust from 'B6' to 'B7'
1755025125: [PLUGIN][B7] [TRUST] Found link from 'B6'. r=0, s=0. Direct trust is 0.500
1755025125: [PLUGIN][B7] [TRUST] ✅ Last signer 'B6' is trusted (0.500 >= 0.500). Accepting message.
1755025125: Received PUBLISH from dhruvubuntu.b6_to_b7 (d0, q0, r0, m0, 'groundfloor/kitchen', ... (205 bytes))
1755025125: [PLUGIN][B7] [TRUST] Evaluating message with signers: [ B0 B2 B5 B6 ]
1755025125: [PLUGIN][B7] [TRUST] Evaluating message based on last signer only.
1755025125: [PLUGIN][B7] [TRUST] Looking up direct trust from 'B6' to 'B7'
1755025125: [PLUGIN][B7] [TRUST] Found link from 'B6'. r=0, s=0. Direct trust is 0.500
1755025125: [PLUGIN][B7] [TRUST] ✅ Last signer 'B6' is trusted (0.500 >= 0.500). Accepting message.
1755025125: Received PUBLISH from dhruvubuntu.b6_to_b7 (d0, q0, r0, m0, 'groundfloor/kitchen', ... (205 bytes))
1755025125: [PLUGIN][B7] [TRUST] Evaluating message with signers: [ B0 B1 B4 B6 ]
1755025125: [PLUGIN][B7] [TRUST] Evaluating message based on last signer only.
1755025125: [PLUGIN][B7] [TRUST] Looking up direct trust from 'B6' to 'B7'
1755025125: [PLUGIN][B7] [TRUST] Found link from 'B6'. r=0, s=0. Direct trust is 0.500
1755025125: [PLUGIN][B7] [TRUST] ✅ Last signer 'B6' is trusted (0.500 >= 0.500). Accepting message.
1755025133: [PLUGIN][B7] [REFRESH] Periodic map refresh triggered.
1755025136: Received PUBLISH from dhruvubuntu.b6_to_b7 (d0, q0, r0, m0, 'groundfloor/kitchen', ... (205 bytes))
1755025136: [PLUGIN][B7] [TRUST] Evaluating message with signers: [ B0 B2 B5 B6 ]
1755025136: [PLUGIN][B7] [TRUST] Evaluating message based on last signer only.
1755025136: [PLUGIN][B7] [TRUST] Looking up direct trust from 'B6' to 'B7'
1755025136: [PLUGIN][B7] [TRUST] Found link from 'B6'. r=0, s=0. Direct trust is 0.500
1755025136: [PLUGIN][B7] [TRUST] ✅ Last signer 'B6' is trusted (0.500 >= 0.500). Accepting message.
1755025136: Received PUBLISH from dhruvubuntu.b6_to_b7 (d0, q0, r0, m0, 'groundfloor/kitchen', ... (205 bytes))
1755025136: [PLUGIN][B7] [TRUST] Evaluating message with signers: [ B0 B1 B4 B6 ]
1755025136: [PLUGIN][B7] [TRUST] Evaluating message based on last signer only.
1755025136: [PLUGIN][B7] [TRUST] Looking up direct trust from 'B6' to 'B7'
1755025136: [PLUGIN][B7] [TRUST] Found link from 'B6'. r=0, s=0. Direct trust is 0.500
1755025136: [PLUGIN][B7] [TRUST] ✅ Last signer 'B6' is trusted (0.500 >= 0.500). Accepting message.
1755025136: Received PUBLISH from dhruvubuntu.b6_to_b7 (d0, q0, r0, m0, 'groundfloor/kitchen', ... (205 bytes))
1755025136: [PLUGIN][B7] [TRUST] Evaluating message with signers: [ B0 B2 B4 B6 ]
1755025136: [PLUGIN][B7] [TRUST] Evaluating message based on last signer only.
1755025136: [PLUGIN][B7] [TRUST] Looking up direct trust from 'B6' to 'B7'
1755025136: [PLUGIN][B7] [TRUST] Found link from 'B6'. r=0, s=0. Direct trust is 0.500
1755025136: [PLUGIN][B7] [TRUST] ✅ Last signer 'B6' is trusted (0.500 >= 0.500). Accepting message.
1755025143: [PLUGIN][B7] [REFRESH] Periodic map refresh triggered.
1755025153: [PLUGIN][B7] [REFRESH] Periodic map refresh triggered.
1755025157: Received PUBLISH from dhruvubuntu.b6_to_b7 (d0, q0, r0, m0, 'groundfloor/kitchen', ... (205 bytes))
1755025157: [PLUGIN][B7] [TRUST] Evaluating message with signers: [ B0 B2 B5 B6 ]
1755025157: [PLUGIN][B7] [TRUST] Evaluating message based on last signer only.
1755025157: [PLUGIN][B7] [TRUST] Looking up direct trust from 'B6' to 'B7'
1755025157: [PLUGIN][B7] [TRUST] Found link from 'B6'. r=0, s=0. Direct trust is 0.500
1755025157: [PLUGIN][B7] [TRUST] ✅ Last signer 'B6' is trusted (0.500 >= 0.500). Accepting message.
1755025157: Received PUBLISH from dhruvubuntu.b6_to_b7 (d0, q0, r0, m0, 'groundfloor/kitchen', ... (205 bytes))
1755025157: [PLUGIN][B7] [TRUST] Evaluating message with signers: [ B0 B2 B4 B6 ]
1755025157: [PLUGIN][B7] [TRUST] Evaluating message based on last signer only.
1755025157: [PLUGIN][B7] [TRUST] Looking up direct trust from 'B6' to 'B7'
1755025157: [PLUGIN][B7] [TRUST] Found link from 'B6'. r=0, s=0. Direct trust is 0.500
1755025157: [PLUGIN][B7] [TRUST] ✅ Last signer 'B6' is trusted (0.500 >= 0.500). Accepting message.
1755025157: Received PUBLISH from dhruvubuntu.b6_to_b7 (d0, q0, r0, m0, 'groundfloor/kitchen', ... (205 bytes))
1755025157: [PLUGIN][B7] [TRUST] Evaluating message with signers: [ B0 B1 B4 B6 ]
1755025157: [PLUGIN][B7] [TRUST] Evaluating message based on last signer only.
1755025157: [PLUGIN][B7] [TRUST] Looking up direct trust from 'B6' to 'B7'
1755025157: [PLUGIN][B7] [TRUST] Found link from 'B6'. r=0, s=0. Direct trust is 0.500
1755025157: [PLUGIN][B7] [TRUST] ✅ Last signer 'B6' is trusted (0.500 >= 0.500). Accepting message.
1755025163: [PLUGIN][B7] [REFRESH] Periodic map refresh triggered.
1755025172: Received PUBLISH from dhruvubuntu.b6_to_b7 (d0, q0, r0, m0, 'groundfloor/kitchen', ... (205 bytes))
1755025172: [PLUGIN][B7] [TRUST] Evaluating message with signers: [ B0 B2 B5 B6 ]
1755025172: [PLUGIN][B7] [TRUST] Evaluating message based on last signer only.
1755025172: [PLUGIN][B7] [TRUST] Looking up direct trust from 'B6' to 'B7'
1755025172: [PLUGIN][B7] [TRUST] Found link from 'B6'. r=0, s=0. Direct trust is 0.500
1755025172: [PLUGIN][B7] [TRUST] ✅ Last signer 'B6' is trusted (0.500 >= 0.500). Accepting message.
1755025173: [PLUGIN][B7] [REFRESH] Periodic map refresh triggered.
1755025173: Received PINGREQ from dhruvubuntu.b6_to_b7
1755025173: Sending PINGRESP to dhruvubuntu.b6_to_b7
1755025183: [PLUGIN][B7] [REFRESH] Periodic map refresh triggered.
1755025193: [PLUGIN][B7] [REFRESH] Periodic map refresh triggered.
1755025203: [PLUGIN][B7] [REFRESH] Periodic map refresh triggered.
1755025213: [PLUGIN][B7] [REFRESH] Periodic map refresh triggered.
1755025223: [PLUGIN][B7] [REFRESH] Periodic map refresh triggered.
1755025233: [PLUGIN][B7] [REFRESH] Periodic map refresh triggered.
1755025233: Received PINGREQ from dhruvubuntu.b6_to_b7
1755025233: Sending PINGRESP to dhruvubuntu.b6_to_b7
1755025243: [PLUGIN][B7] [REFRESH] Periodic map refresh triggered.
1755025253: [PLUGIN][B7] [REFRESH] Periodic map refresh triggered.
1755025263: [PLUGIN][B7] [REFRESH] Periodic map refresh triggered.
1755025273: [PLUGIN][B7] [REFRESH] Periodic map refresh triggered.
1755025283: [PLUGIN][B7] [REFRESH] Periodic map refresh triggered.
1755025293: [PLUGIN][B7] [REFRESH] Periodic map refresh triggered.
1755025293: Received PINGREQ from dhruvubuntu.b6_to_b7
1755025293: Sending PINGRESP to dhruvubuntu.b6_to_b7
1755025303: [PLUGIN][B7] [REFRESH] Periodic map refresh triggered.
1755025313: [PLUGIN][B7] [REFRESH] Periodic map refresh triggered.
1755025323: [PLUGIN][B7] [REFRESH] Periodic map refresh triggered.
1755025333: [PLUGIN][B7] [REFRESH] Periodic map refresh triggered.
1755025343: [PLUGIN][B7] [REFRESH] Periodic map refresh triggered.
1755025353: [PLUGIN][B7] [REFRESH] Periodic map refresh triggered.
1755025353: Received PINGREQ from dhruvubuntu.b6_to_b7
1755025353: Sending PINGRESP to dhruvubuntu.b6_to_b7
1755025363: [PLUGIN][B7] [REFRESH] Periodic map refresh triggered.
1755025373: [PLUGIN][B7] [REFRESH] Periodic map refresh triggered.
1755025383: [PLUGIN][B7] [REFRESH] Periodic map refresh triggered.
1755025393: [PLUGIN][B7] [REFRESH] Periodic map refresh triggered.
1755025403: [PLUGIN][B7] [REFRESH] Periodic map refresh triggered.
1755025413: Received PINGREQ from dhruvubuntu.b6_to_b7
1755025413: Sending PINGRESP to dhruvubuntu.b6_to_b7
1755025413: [PLUGIN][B7] [REFRESH] Periodic map refresh triggered.
1755025423: [PLUGIN][B7] [REFRESH] Periodic map refresh triggered.
1755025433: [PLUGIN][B7] [REFRESH] Periodic map refresh triggered.
1755025443: [PLUGIN][B7] [REFRESH] Periodic map refresh triggered.
1755025453: [PLUGIN][B7] [REFRESH] Periodic map refresh triggered.
1755025463: [PLUGIN][B7] [REFRESH] Periodic map refresh triggered.
1755025473: Received PINGREQ from dhruvubuntu.b6_to_b7
1755025473: Sending PINGRESP to dhruvubuntu.b6_to_b7
1755025473: [PLUGIN][B7] [REFRESH] Periodic map refresh triggered.
1755025483: [PLUGIN][B7] [REFRESH] Periodic map refresh triggered.
1755025493: [PLUGIN][B7] [REFRESH] Periodic map refresh triggered.
1755025503: [PLUGIN][B7] [REFRESH] Periodic map refresh triggered.
1755025513: [PLUGIN][B7] [REFRESH] Periodic map refresh triggered.
1755025523: [PLUGIN][B7] [REFRESH] Periodic map refresh triggered.
1755025533: [PLUGIN][B7] [REFRESH] Periodic map refresh triggered.
1755025533: Received PINGREQ from dhruvubuntu.b6_to_b7
1755025533: Sending PINGRESP to dhruvubuntu.b6_to_b7
1755025543: [PLUGIN][B7] [REFRESH] Periodic map refresh triggered.
1755025553: [PLUGIN][B7] [REFRESH] Periodic map refresh triggered.
1755025563: [PLUGIN][B7] [REFRESH] Periodic map refresh triggered.
1755025573: [PLUGIN][B7] [REFRESH] Periodic map refresh triggered.
1755025583: [PLUGIN][B7] [REFRESH] Periodic map refresh triggered.
1755025593: Received PINGREQ from dhruvubuntu.b6_to_b7
1755025593: Sending PINGRESP to dhruvubuntu.b6_to_b7
1755025593: [PLUGIN][B7] [REFRESH] Periodic map refresh triggered.
1755025603: [PLUGIN][B7] [REFRESH] Periodic map refresh triggered.
1755025613: [PLUGIN][B7] [REFRESH] Periodic map refresh triggered.
1755025623: [PLUGIN][B7] [REFRESH] Periodic map refresh triggered.
1755025633: [PLUGIN][B7] [REFRESH] Periodic map refresh triggered.
1755025643: [PLUGIN][B7] [REFRESH] Periodic map refresh triggered.
1755025653: [PLUGIN][B7] [REFRESH] Periodic map refresh triggered.
1755025653: Received PINGREQ from dhruvubuntu.b6_to_b7
1755025653: Sending PINGRESP to dhruvubuntu.b6_to_b7
1755025663: [PLUGIN][B7] [REFRESH] Periodic map refresh triggered.
1755025673: [PLUGIN][B7] [REFRESH] Periodic map refresh triggered.
1755025683: [PLUGIN][B7] [REFRESH] Periodic map refresh triggered.
1755025693: [PLUGIN][B7] [REFRESH] Periodic map refresh triggered.
1755025703: [PLUGIN][B7] [REFRESH] Periodic map refresh triggered.
1755025713: [PLUGIN][B7] [REFRESH] Periodic map refresh triggered.
1755025713: Received PINGREQ from dhruvubuntu.b6_to_b7
1755025713: Sending PINGRESP to dhruvubuntu.b6_to_b7
1755025723: [PLUGIN][B7] [REFRESH] Periodic map refresh triggered.
1755025733: [PLUGIN][B7] [REFRESH] Periodic map refresh triggered.
1755025743: [PLUGIN][B7] [REFRESH] Periodic map refresh triggered.
1755025753: [PLUGIN][B7] [REFRESH] Periodic map refresh triggered.
1755025763: [PLUGIN][B7] [REFRESH] Periodic map refresh triggered.
1755025773: [PLUGIN][B7] [REFRESH] Periodic map refresh triggered.
1755025773: Received PINGREQ from dhruvubuntu.b6_to_b7
1755025773: Sending PINGRESP to dhruvubuntu.b6_to_b7
1755025783: [PLUGIN][B7] [REFRESH] Periodic map refresh triggered.
1755025793: [PLUGIN][B7] [REFRESH] Periodic map refresh triggered.
1755025803: [PLUGIN][B7] [REFRESH] Periodic map refresh triggered.
1755025813: [PLUGIN][B7] [REFRESH] Periodic map refresh triggered.
1755025823: [PLUGIN][B7] [REFRESH] Periodic map refresh triggered.
1755025833: [PLUGIN][B7] [REFRESH] Periodic map refresh triggered.
1755025833: Received PINGREQ from dhruvubuntu.b6_to_b7
1755025833: Sending PINGRESP to dhruvubuntu.b6_to_b7
1755025843: [PLUGIN][B7] [REFRESH] Periodic map refresh triggered.
1755025853: [PLUGIN][B7] [REFRESH] Periodic map refresh triggered.
1755025863: [PLUGIN][B7] [REFRESH] Periodic map refresh triggered.
1755025873: [PLUGIN][B7] [REFRESH] Periodic map refresh triggered.
1755025883: [PLUGIN][B7] [REFRESH] Periodic map refresh triggered.
1755025893: [PLUGIN][B7] [REFRESH] Periodic map refresh triggered.
1755025893: Received PINGREQ from dhruvubuntu.b6_to_b7
1755025893: Sending PINGRESP to dhruvubuntu.b6_to_b7
1755025903: [PLUGIN][B7] [REFRESH] Periodic map refresh triggered.
1755025913: [PLUGIN][B7] [REFRESH] Periodic map refresh triggered.
1755025923: [PLUGIN][B7] [REFRESH] Periodic map refresh triggered.
1755025933: [PLUGIN][B7] [REFRESH] Periodic map refresh triggered.
1755025943: [PLUGIN][B7] [REFRESH] Periodic map refresh triggered.
1755025953: [PLUGIN][B7] [REFRESH] Periodic map refresh triggered.
1755025953: Received PINGREQ from dhruvubuntu.b6_to_b7
1755025953: Sending PINGRESP to dhruvubuntu.b6_to_b7
1755025963: [PLUGIN][B7] [REFRESH] Periodic map refresh triggered.
1755025973: [PLUGIN][B7] [REFRESH] Periodic map refresh triggered.
1755025983: [PLUGIN][B7] [REFRESH] Periodic map refresh triggered.
1755025993: [PLUGIN][B7] [REFRESH] Periodic map refresh triggered.
1755026003: [PLUGIN][B7] [REFRESH] Periodic map refresh triggered.
1755026013: [PLUGIN][B7] [REFRESH] Periodic map refresh triggered.
1755026013: Received PINGREQ from dhruvubuntu.b6_to_b7
1755026013: Sending PINGRESP to dhruvubuntu.b6_to_b7
1755026023: [PLUGIN][B7] [REFRESH] Periodic map refresh triggered.
1755026033: [PLUGIN][B7] [REFRESH] Periodic map refresh triggered.
1755026043: [PLUGIN][B7] [REFRESH] Periodic map refresh triggered.
1755026053: [PLUGIN][B7] [REFRESH] Periodic map refresh triggered.
1755026063: [PLUGIN][B7] [REFRESH] Periodic map refresh triggered.
1755026073: [PLUGIN][B7] [REFRESH] Periodic map refresh triggered.
1755026073: Received PINGREQ from dhruvubuntu.b6_to_b7
1755026073: Sending PINGRESP to dhruvubuntu.b6_to_b7
1755026083: [PLUGIN][B7] [REFRESH] Periodic map refresh triggered.
1755026093: [PLUGIN][B7] [REFRESH] Periodic map refresh triggered.
1755026103: [PLUGIN][B7] [REFRESH] Periodic map refresh triggered.
1755026113: [PLUGIN][B7] [REFRESH] Periodic map refresh triggered.
1755026123: [PLUGIN][B7] [REFRESH] Periodic map refresh triggered.
1755026133: [PLUGIN][B7] [REFRESH] Periodic map refresh triggered.
1755026133: Received PINGREQ from dhruvubuntu.b6_to_b7
1755026133: Sending PINGRESP to dhruvubuntu.b6_to_b7
1755026143: [PLUGIN][B7] [REFRESH] Periodic map refresh triggered.
1755026153: [PLUGIN][B7] [REFRESH] Periodic map refresh triggered.
1755026163: [PLUGIN][B7] [REFRESH] Periodic map refresh triggered.
1755026167: Client dhruvubuntu.b6_to_b7 closed its connection.
1755026167: mosquitto version 2.0.21 terminating
1755026167: [PLUGIN][B7] --- Trust-based plugin shutting down ---
7 closed its connection.
1755026167: mosquitto version 2.0.21 terminating
1755026167: [PLUGIN][B7] --- Trust-based plugin shutting down ---
